ISO-10303-21;
HEADER;
FILE_DESCRIPTION(('STEP AP242'),'1');
FILE_NAME('522710679.stp','2024-09-30T20:40:26',('TraceParts'),('TraceParts S.A.'),'Spatial InterOp 3D',' ',' ');
FILE_SCHEMA(('AP242_MANAGED_MODEL_BASED_3D_ENGINEERING_MIM_LF  {1 0 10303 442 1 1 4}'));
ENDSEC;
DATA;
#1=PRODUCT_DEFINITION_CONTEXT('',#10,'design');
#2=APPLICATION_PROTOCOL_DEFINITION('INTERNATIONAL STANDARD','ap242_managed_model_based_3d_engineering',2014,#10);
#3=PRODUCT_CATEGORY_RELATIONSHIP('NONE','NONE',#11,#12);
#4=SHAPE_DEFINITION_REPRESENTATION(#13,#14);
#5=SHAPE_DEFINITION_REPRESENTATION(#13,#15);
#6= (GEOMETRIC_REPRESENTATION_CONTEXT(3)GLOBAL_UNCERTAINTY_ASSIGNED_CONTEXT((#18))GLOBAL_UNIT_ASSIGNED_CONTEXT((#20,#21,#22))REPRESENTATION_CONTEXT('NONE','WORKSPACE'));
#10=APPLICATION_CONTEXT('managed model based 3d engineering');
#11=PRODUCT_CATEGORY('part','NONE');
#12=PRODUCT_RELATED_PRODUCT_CATEGORY('detail',' ',(#24));
#13=PRODUCT_DEFINITION_SHAPE('NONE','NONE',#25);
#14=ADVANCED_BREP_SHAPE_REPRESENTATION('522710679_1',(#26,#27),#6);
#15=GEOMETRICALLY_BOUNDED_SURFACE_SHAPE_REPRESENTATION('1',(#28,#29),#6);
#18=UNCERTAINTY_MEASURE_WITH_UNIT(LENGTH_MEASURE(1.0E-06),#20,'','');
#20= (CONVERSION_BASED_UNIT('MILLIMETRE',#32)LENGTH_UNIT()NAMED_UNIT(#35));
#21= (NAMED_UNIT(#37)PLANE_ANGLE_UNIT()SI_UNIT($,.RADIAN.));
#22= (NAMED_UNIT(#37)SOLID_ANGLE_UNIT()SI_UNIT($,.STERADIAN.));
#24=PRODUCT('522710679_1','522710679_1','PART-522710679_1-DESC',(#43));
#25=PRODUCT_DEFINITION('','NONE',#44,#1);
#26=MANIFOLD_SOLID_BREP('522710679_1',#45);
#27=AXIS2_PLACEMENT_3D('',#46,#47,#48);
#28=GEOMETRIC_SET('1',(#49,#50,#51,#52,#53,#54,#55,#56,#57,#58,#59,#60,#61,#62,#63,#64,#65,#66,#67,#68,#69,#70,#71,#72,#73,#74,#75,#76,#77,#78,#79,#80));
#29=AXIS2_PLACEMENT_3D('',#81,#82,#83);
#32=LENGTH_MEASURE_WITH_UNIT(LENGTH_MEASURE(1.0),#84);
#35=DIMENSIONAL_EXPONENTS(1.0,0.0,0.0,0.0,0.0,0.0,0.0);
#37=DIMENSIONAL_EXPONENTS(0.0,0.0,0.0,0.0,0.0,0.0,0.0);
#43=PRODUCT_CONTEXT('',#10,'mechanical');
#44=PRODUCT_DEFINITION_FORMATION_WITH_SPECIFIED_SOURCE(' ','NONE',#24,.NOT_KNOWN.);
#45=CLOSED_SHELL('',(#85,#86,#87,#88,#89,#90,#91,#92,#93,#94,#95,#96,#97,#98,#99,#100,#101,#102,#103,#104,#105,#106,#107,#108,#109,#110,#111,#112,#113,#114,#115,#116,#117,#118,#119,#120,#121,#122,#123,#124,#125,#126,#127,#128,#129,#130,#131,#132,#133,#134,#135,#136,#137,#138,#139,#140,#141,#142,#143,#144,#145,#146,#147,#148,#149,#150,#151,#152,#153,#154,#155,#156,#157,#158,#159,#160,#161,#162,#163,#164,#165,#166,#167,#168,#169,#170,#171,#172,#173,#174,#175,#176,#177,#178,#179,#180,#181,#182,#183,#184,#185,#186,#187,#188,#189,#190,#191,#192,#193,#194,#195,#196,#197,#198,#199,#200,#201,#202,#203,#204,#205,#206,#207,#208,#209,#210,#211,#212,#213,#214,#215,#216,#217,#218,#219,#220,#221,#222,#223,#224,#225,#226,#227,#228,#229,#230,#231,#232,#233,#234,#235,#236,#237,#238,#239,#240,#241,#242,#243,#244,#245,#246,#247,#248,#249,#250,#251,#252,#253,#254,#255,#256,#257,#258,#259,#260,#261,#262,#263,#264,#265,#266,#267,#268,#269,#270,#271,#272,#273,#274,#275,#276,#277,#278,#279,#280,#281,#282,#283,#284,#285,#286,#287,#288,#289,#290,#291,#292,#293,#294,#295,#296,#297,#298,#299,#300,#301,#302,#303,#304,#305,#306,#307,#308,#309,#310,#311,#312,#313,#314,#315,#316,#317,#318,#319,#320,#321,#322,#323,#324,#325,#326,#327,#328,#329,#330,#331,#332,#333,#334,#335,#336,#337,#338,#339,#340,#341,#342,#343,#344,#345,#346,#347,#348,#349,#350,#351,#352,#353,#354,#355,#356,#357,#358,#359,#360,#361,#362,#363,#364,#365,#366,#367,#368,#369,#370,#371,#372,#373,#374,#375,#376,#377,#378,#379,#380,#381,#382,#383,#384,#385,#386,#387,#388,#389,#390,#391,#392,#393,#394,#395,#396,#397,#398,#399,#400,#401,#402,#403,#404,#405,#406,#407,#408));
#46=CARTESIAN_POINT('',(0.0,0.0,0.0));
#47=DIRECTION('',(0.0,0.0,1.0));
#48=DIRECTION('',(1.0,0.0,0.0));
#49=COMPOSITE_CURVE('522710679_2',(#409),.U.);
#50=COMPOSITE_CURVE('522710679_3',(#410),.U.);
#51=COMPOSITE_CURVE('522710679_4',(#411),.U.);
#52=COMPOSITE_CURVE('522710679_5',(#412),.U.);
#53=COMPOSITE_CURVE('522710679_6',(#413),.U.);
#54=COMPOSITE_CURVE('522710679_7',(#414),.U.);
#55=COMPOSITE_CURVE('522710679_8',(#415),.U.);
#56=COMPOSITE_CURVE('522710679_9',(#416),.U.);
#57=COMPOSITE_CURVE('522710679_10',(#417),.U.);
#58=COMPOSITE_CURVE('522710679_11',(#418),.U.);
#59=COMPOSITE_CURVE('522710679_12',(#419),.U.);
#60=COMPOSITE_CURVE('522710679_13',(#420),.U.);
#61=COMPOSITE_CURVE('522710679_14',(#421),.U.);
#62=COMPOSITE_CURVE('522710679_15',(#422),.U.);
#63=COMPOSITE_CURVE('522710679_16',(#423),.U.);
#64=COMPOSITE_CURVE('522710679_17',(#424),.U.);
#65=COMPOSITE_CURVE('522710679_18',(#425),.U.);
#66=COMPOSITE_CURVE('522710679_19',(#426),.U.);
#67=COMPOSITE_CURVE('522710679_20',(#427),.U.);
#68=COMPOSITE_CURVE('522710679_21',(#428),.U.);
#69=COMPOSITE_CURVE('522710679_22',(#429),.U.);
#70=COMPOSITE_CURVE('522710679_23',(#430),.U.);
#71=COMPOSITE_CURVE('522710679_24',(#431),.U.);
#72=COMPOSITE_CURVE('522710679_25',(#432),.U.);
#73=COMPOSITE_CURVE('522710679_26',(#433),.U.);
#74=COMPOSITE_CURVE('522710679_27',(#434),.U.);
#75=COMPOSITE_CURVE('522710679_28',(#435),.U.);
#76=COMPOSITE_CURVE('522710679_29',(#436),.U.);
#77=COMPOSITE_CURVE('522710679_30',(#437),.U.);
#78=COMPOSITE_CURVE('522710679_31',(#438),.U.);
#79=COMPOSITE_CURVE('522710679_32',(#439),.U.);
#80=COMPOSITE_CURVE('522710679_33',(#440),.U.);
#81=CARTESIAN_POINT('',(0.0,0.0,0.0));
#82=DIRECTION('',(0.0,0.0,1.0));
#83=DIRECTION('',(1.0,0.0,0.0));
#84= (NAMED_UNIT(#35)LENGTH_UNIT()SI_UNIT(.MILLI.,.METRE.));
#85=ADVANCED_FACE('',(#442),#443,.F.);
#86=ADVANCED_FACE('',(#444),#445,.T.);
#87=ADVANCED_FACE('',(#446),#447,.F.);
#88=ADVANCED_FACE('',(#448),#449,.F.);
#89=ADVANCED_FACE('',(#450),#451,.T.);
#90=ADVANCED_FACE('',(#452),#453,.T.);
#91=ADVANCED_FACE('',(#454),#455,.T.);
#92=ADVANCED_FACE('',(#456),#457,.T.);
#93=ADVANCED_FACE('',(#458),#459,.T.);
#94=ADVANCED_FACE('',(#460),#461,.T.);
#95=ADVANCED_FACE('',(#462),#463,.T.);
#96=ADVANCED_FACE('',(#464),#465,.T.);
#97=ADVANCED_FACE('',(#466),#467,.T.);
#98=ADVANCED_FACE('',(#468),#469,.T.);
#99=ADVANCED_FACE('',(#470),#471,.T.);
#100=ADVANCED_FACE('',(#472),#473,.T.);
#101=ADVANCED_FACE('',(#474),#475,.T.);
#102=ADVANCED_FACE('',(#476,#477),#478,.F.);
#103=ADVANCED_FACE('',(#479),#480,.F.);
#104=ADVANCED_FACE('',(#481),#482,.F.);
#105=ADVANCED_FACE('',(#483),#484,.F.);
#106=ADVANCED_FACE('',(#485,#486),#487,.T.);
#107=ADVANCED_FACE('',(#488,#489),#490,.T.);
#108=ADVANCED_FACE('',(#491),#492,.F.);
#109=ADVANCED_FACE('',(#493),#494,.F.);
#110=ADVANCED_FACE('',(#495),#496,.F.);
#111=ADVANCED_FACE('',(#497),#498,.T.);
#112=ADVANCED_FACE('',(#499),#500,.T.);
#113=ADVANCED_FACE('',(#501),#502,.T.);
#114=ADVANCED_FACE('',(#503),#504,.T.);
#115=ADVANCED_FACE('',(#505),#506,.T.);
#116=ADVANCED_FACE('',(#507),#508,.T.);
#117=ADVANCED_FACE('',(#509),#510,.T.);
#118=ADVANCED_FACE('',(#511),#512,.T.);
#119=ADVANCED_FACE('',(#513),#514,.T.);
#120=ADVANCED_FACE('',(#515),#516,.T.);
#121=ADVANCED_FACE('',(#517),#518,.T.);
#122=ADVANCED_FACE('',(#519),#520,.F.);
#123=ADVANCED_FACE('',(#521),#522,.F.);
#124=ADVANCED_FACE('',(#523),#524,.T.);
#125=ADVANCED_FACE('',(#525),#526,.T.);
#126=ADVANCED_FACE('',(#527),#528,.T.);
#127=ADVANCED_FACE('',(#529),#530,.F.);
#128=ADVANCED_FACE('',(#531),#532,.T.);
#129=ADVANCED_FACE('',(#533),#534,.T.);
#130=ADVANCED_FACE('',(#535),#536,.F.);
#131=ADVANCED_FACE('',(#537),#538,.T.);
#132=ADVANCED_FACE('',(#539),#540,.T.);
#133=ADVANCED_FACE('',(#541),#542,.T.);
#134=ADVANCED_FACE('',(#543),#544,.T.);
#135=ADVANCED_FACE('',(#545),#546,.F.);
#136=ADVANCED_FACE('',(#547),#548,.F.);
#137=ADVANCED_FACE('',(#549),#550,.T.);
#138=ADVANCED_FACE('',(#551),#552,.F.);
#139=ADVANCED_FACE('',(#553),#554,.T.);
#140=ADVANCED_FACE('',(#555),#556,.F.);
#141=ADVANCED_FACE('',(#557),#558,.T.);
#142=ADVANCED_FACE('',(#559),#560,.F.);
#143=ADVANCED_FACE('',(#561),#562,.F.);
#144=ADVANCED_FACE('',(#563),#564,.T.);
#145=ADVANCED_FACE('',(#565),#566,.F.);
#146=ADVANCED_FACE('',(#567,#568),#569,.F.);
#147=ADVANCED_FACE('',(#570),#571,.F.);
#148=ADVANCED_FACE('',(#572),#573,.T.);
#149=ADVANCED_FACE('',(#574),#575,.T.);
#150=ADVANCED_FACE('',(#576),#577,.T.);
#151=ADVANCED_FACE('',(#578),#579,.T.);
#152=ADVANCED_FACE('',(#580),#581,.T.);
#153=ADVANCED_FACE('',(#582),#583,.T.);
#154=ADVANCED_FACE('',(#584,#585),#586,.T.);
#155=ADVANCED_FACE('',(#587),#588,.T.);
#156=ADVANCED_FACE('',(#589),#590,.F.);
#157=ADVANCED_FACE('',(#591),#592,.T.);
#158=ADVANCED_FACE('',(#593),#594,.T.);
#159=ADVANCED_FACE('',(#595),#596,.T.);
#160=ADVANCED_FACE('',(#597),#598,.T.);
#161=ADVANCED_FACE('',(#599),#600,.T.);
#162=ADVANCED_FACE('',(#601),#602,.F.);
#163=ADVANCED_FACE('',(#603),#604,.F.);
#164=ADVANCED_FACE('',(#605),#606,.F.);
#165=ADVANCED_FACE('',(#607,#608),#609,.F.);
#166=ADVANCED_FACE('',(#610),#611,.T.);
#167=ADVANCED_FACE('',(#612),#613,.F.);
#168=ADVANCED_FACE('',(#614),#615,.F.);
#169=ADVANCED_FACE('',(#616),#617,.T.);
#170=ADVANCED_FACE('',(#618),#619,.F.);
#171=ADVANCED_FACE('',(#620),#621,.F.);
#172=ADVANCED_FACE('',(#622),#623,.F.);
#173=ADVANCED_FACE('',(#624),#625,.F.);
#174=ADVANCED_FACE('',(#626),#627,.T.);
#175=ADVANCED_FACE('',(#628),#629,.T.);
#176=ADVANCED_FACE('',(#630),#631,.F.);
#177=ADVANCED_FACE('',(#632),#633,.F.);
#178=ADVANCED_FACE('',(#634),#635,.F.);
#179=ADVANCED_FACE('',(#636),#637,.F.);
#180=ADVANCED_FACE('',(#638),#639,.F.);
#181=ADVANCED_FACE('',(#640),#641,.F.);
#182=ADVANCED_FACE('',(#642),#643,.T.);
#183=ADVANCED_FACE('',(#644),#645,.F.);
#184=ADVANCED_FACE('',(#646),#647,.F.);
#185=ADVANCED_FACE('',(#648),#649,.T.);
#186=ADVANCED_FACE('',(#650),#651,.T.);
#187=ADVANCED_FACE('',(#652),#653,.T.);
#188=ADVANCED_FACE('',(#654),#655,.T.);
#189=ADVANCED_FACE('',(#656),#657,.F.);
#190=ADVANCED_FACE('',(#658),#659,.T.);
#191=ADVANCED_FACE('',(#660),#661,.T.);
#192=ADVANCED_FACE('',(#662),#663,.F.);
#193=ADVANCED_FACE('',(#664),#665,.T.);
#194=ADVANCED_FACE('',(#666,#667),#668,.T.);
#195=ADVANCED_FACE('',(#669),#670,.T.);
#196=ADVANCED_FACE('',(#671),#672,.F.);
#197=ADVANCED_FACE('',(#673),#674,.F.);
#198=ADVANCED_FACE('',(#675),#676,.F.);
#199=ADVANCED_FACE('',(#677),#678,.F.);
#200=ADVANCED_FACE('',(#679),#680,.F.);
#201=ADVANCED_FACE('',(#681),#682,.F.);
#202=ADVANCED_FACE('',(#683),#684,.T.);
#203=ADVANCED_FACE('',(#685),#686,.T.);
#204=ADVANCED_FACE('',(#687),#688,.T.);
#205=ADVANCED_FACE('',(#689),#690,.T.);
#206=ADVANCED_FACE('',(#691),#692,.F.);
#207=ADVANCED_FACE('',(#693),#694,.F.);
#208=ADVANCED_FACE('',(#695),#696,.F.);
#209=ADVANCED_FACE('',(#697),#698,.F.);
#210=ADVANCED_FACE('',(#699),#700,.F.);
#211=ADVANCED_FACE('',(#701),#702,.T.);
#212=ADVANCED_FACE('',(#703),#704,.F.);
#213=ADVANCED_FACE('',(#705),#706,.T.);
#214=ADVANCED_FACE('',(#707),#708,.T.);
#215=ADVANCED_FACE('',(#709),#710,.T.);
#216=ADVANCED_FACE('',(#711),#712,.F.);
#217=ADVANCED_FACE('',(#713),#714,.F.);
#218=ADVANCED_FACE('',(#715),#716,.T.);
#219=ADVANCED_FACE('',(#717),#718,.T.);
#220=ADVANCED_FACE('',(#719),#720,.F.);
#221=ADVANCED_FACE('',(#721),#722,.T.);
#222=ADVANCED_FACE('',(#723),#724,.T.);
#223=ADVANCED_FACE('',(#725),#726,.T.);
#224=ADVANCED_FACE('',(#727),#728,.F.);
#225=ADVANCED_FACE('',(#729),#730,.F.);
#226=ADVANCED_FACE('',(#731),#732,.F.);
#227=ADVANCED_FACE('',(#733),#734,.F.);
#228=ADVANCED_FACE('',(#735),#736,.F.);
#229=ADVANCED_FACE('',(#737),#738,.F.);
#230=ADVANCED_FACE('',(#739),#740,.F.);
#231=ADVANCED_FACE('',(#741),#742,.F.);
#232=ADVANCED_FACE('',(#743),#744,.T.);
#233=ADVANCED_FACE('',(#745,#746,#747,#748,#749,#750,#751),#752,.F.);
#234=ADVANCED_FACE('',(#753),#754,.F.);
#235=ADVANCED_FACE('',(#755),#756,.F.);
#236=ADVANCED_FACE('',(#757),#758,.F.);
#237=ADVANCED_FACE('',(#759),#760,.F.);
#238=ADVANCED_FACE('',(#761),#762,.T.);
#239=ADVANCED_FACE('',(#763),#764,.T.);
#240=ADVANCED_FACE('',(#765),#766,.T.);
#241=ADVANCED_FACE('',(#767),#768,.T.);
#242=ADVANCED_FACE('',(#769),#770,.F.);
#243=ADVANCED_FACE('',(#771),#772,.F.);
#244=ADVANCED_FACE('',(#773),#774,.F.);
#245=ADVANCED_FACE('',(#775),#776,.T.);
#246=ADVANCED_FACE('',(#777),#778,.T.);
#247=ADVANCED_FACE('',(#779),#780,.T.);
#248=ADVANCED_FACE('',(#781),#782,.T.);
#249=ADVANCED_FACE('',(#783),#784,.F.);
#250=ADVANCED_FACE('',(#785),#786,.F.);
#251=ADVANCED_FACE('',(#787),#788,.F.);
#252=ADVANCED_FACE('',(#789),#790,.F.);
#253=ADVANCED_FACE('',(#791),#792,.T.);
#254=ADVANCED_FACE('',(#793),#794,.T.);
#255=ADVANCED_FACE('',(#795),#796,.T.);
#256=ADVANCED_FACE('',(#797),#798,.T.);
#257=ADVANCED_FACE('',(#799),#800,.T.);
#258=ADVANCED_FACE('',(#801),#802,.T.);
#259=ADVANCED_FACE('',(#803),#804,.T.);
#260=ADVANCED_FACE('',(#805),#806,.F.);
#261=ADVANCED_FACE('',(#807),#808,.F.);
#262=ADVANCED_FACE('',(#809),#810,.F.);
#263=ADVANCED_FACE('',(#811),#812,.F.);
#264=ADVANCED_FACE('',(#813),#814,.F.);
#265=ADVANCED_FACE('',(#815),#816,.F.);
#266=ADVANCED_FACE('',(#817),#818,.F.);
#267=ADVANCED_FACE('',(#819,#820,#821,#822,#823,#824,#825,#826,#827,#828,#829,#830,#831),#832,.F.);
#268=ADVANCED_FACE('',(#833),#834,.F.);
#269=ADVANCED_FACE('',(#835),#836,.F.);
#270=ADVANCED_FACE('',(#837),#838,.F.);
#271=ADVANCED_FACE('',(#839),#840,.F.);
#272=ADVANCED_FACE('',(#841),#842,.T.);
#273=ADVANCED_FACE('',(#843),#844,.T.);
#274=ADVANCED_FACE('',(#845),#846,.T.);
#275=ADVANCED_FACE('',(#847),#848,.T.);
#276=ADVANCED_FACE('',(#849),#850,.T.);
#277=ADVANCED_FACE('',(#851),#852,.T.);
#278=ADVANCED_FACE('',(#853),#854,.T.);
#279=ADVANCED_FACE('',(#855),#856,.T.);
#280=ADVANCED_FACE('',(#857),#858,.T.);
#281=ADVANCED_FACE('',(#859),#860,.T.);
#282=ADVANCED_FACE('',(#861),#862,.T.);
#283=ADVANCED_FACE('',(#863),#864,.T.);
#284=ADVANCED_FACE('',(#865),#866,.T.);
#285=ADVANCED_FACE('',(#867),#868,.T.);
#286=ADVANCED_FACE('',(#869),#870,.F.);
#287=ADVANCED_FACE('',(#871),#872,.F.);
#288=ADVANCED_FACE('',(#873),#874,.F.);
#289=ADVANCED_FACE('',(#875),#876,.F.);
#290=ADVANCED_FACE('',(#877),#878,.T.);
#291=ADVANCED_FACE('',(#879),#880,.T.);
#292=ADVANCED_FACE('',(#881),#882,.T.);
#293=ADVANCED_FACE('',(#883),#884,.T.);
#294=ADVANCED_FACE('',(#885),#886,.T.);
#295=ADVANCED_FACE('',(#887),#888,.T.);
#296=ADVANCED_FACE('',(#889),#890,.T.);
#297=ADVANCED_FACE('',(#891),#892,.T.);
#298=ADVANCED_FACE('',(#893),#894,.T.);
#299=ADVANCED_FACE('',(#895),#896,.T.);
#300=ADVANCED_FACE('',(#897),#898,.T.);
#301=ADVANCED_FACE('',(#899),#900,.T.);
#302=ADVANCED_FACE('',(#901),#902,.T.);
#303=ADVANCED_FACE('',(#903),#904,.T.);
#304=ADVANCED_FACE('',(#905),#906,.F.);
#305=ADVANCED_FACE('',(#907),#908,.F.);
#306=ADVANCED_FACE('',(#909),#910,.F.);
#307=ADVANCED_FACE('',(#911),#912,.F.);
#308=ADVANCED_FACE('',(#913),#914,.T.);
#309=ADVANCED_FACE('',(#915),#916,.T.);
#310=ADVANCED_FACE('',(#917),#918,.T.);
#311=ADVANCED_FACE('',(#919),#920,.T.);
#312=ADVANCED_FACE('',(#921),#922,.T.);
#313=ADVANCED_FACE('',(#923),#924,.T.);
#314=ADVANCED_FACE('',(#925),#926,.T.);
#315=ADVANCED_FACE('',(#927),#928,.T.);
#316=ADVANCED_FACE('',(#929),#930,.T.);
#317=ADVANCED_FACE('',(#931),#932,.T.);
#318=ADVANCED_FACE('',(#933),#934,.T.);
#319=ADVANCED_FACE('',(#935),#936,.T.);
#320=ADVANCED_FACE('',(#937),#938,.T.);
#321=ADVANCED_FACE('',(#939),#940,.T.);
#322=ADVANCED_FACE('',(#941),#942,.F.);
#323=ADVANCED_FACE('',(#943),#944,.F.);
#324=ADVANCED_FACE('',(#945),#946,.F.);
#325=ADVANCED_FACE('',(#947),#948,.F.);
#326=ADVANCED_FACE('',(#949),#950,.T.);
#327=ADVANCED_FACE('',(#951),#952,.T.);
#328=ADVANCED_FACE('',(#953),#954,.T.);
#329=ADVANCED_FACE('',(#955),#956,.T.);
#330=ADVANCED_FACE('',(#957),#958,.T.);
#331=ADVANCED_FACE('',(#959),#960,.T.);
#332=ADVANCED_FACE('',(#961),#962,.T.);
#333=ADVANCED_FACE('',(#963),#964,.T.);
#334=ADVANCED_FACE('',(#965),#966,.T.);
#335=ADVANCED_FACE('',(#967),#968,.T.);
#336=ADVANCED_FACE('',(#969),#970,.T.);
#337=ADVANCED_FACE('',(#971),#972,.T.);
#338=ADVANCED_FACE('',(#973),#974,.T.);
#339=ADVANCED_FACE('',(#975),#976,.T.);
#340=ADVANCED_FACE('',(#977),#978,.T.);
#341=ADVANCED_FACE('',(#979),#980,.T.);
#342=ADVANCED_FACE('',(#981),#982,.T.);
#343=ADVANCED_FACE('',(#983),#984,.T.);
#344=ADVANCED_FACE('',(#985),#986,.T.);
#345=ADVANCED_FACE('',(#987),#988,.T.);
#346=ADVANCED_FACE('',(#989),#990,.T.);
#347=ADVANCED_FACE('',(#991),#992,.T.);
#348=ADVANCED_FACE('',(#993),#994,.T.);
#349=ADVANCED_FACE('',(#995),#996,.T.);
#350=ADVANCED_FACE('',(#997),#998,.T.);
#351=ADVANCED_FACE('',(#999),#1000,.T.);
#352=ADVANCED_FACE('',(#1001),#1002,.T.);
#353=ADVANCED_FACE('',(#1003),#1004,.T.);
#354=ADVANCED_FACE('',(#1005),#1006,.T.);
#355=ADVANCED_FACE('',(#1007),#1008,.T.);
#356=ADVANCED_FACE('',(#1009),#1010,.T.);
#357=ADVANCED_FACE('',(#1011),#1012,.F.);
#358=ADVANCED_FACE('',(#1013),#1014,.F.);
#359=ADVANCED_FACE('',(#1015),#1016,.F.);
#360=ADVANCED_FACE('',(#1017),#1018,.F.);
#361=ADVANCED_FACE('',(#1019),#1020,.T.);
#362=ADVANCED_FACE('',(#1021),#1022,.T.);
#363=ADVANCED_FACE('',(#1023),#1024,.T.);
#364=ADVANCED_FACE('',(#1025),#1026,.T.);
#365=ADVANCED_FACE('',(#1027),#1028,.F.);
#366=ADVANCED_FACE('',(#1029),#1030,.F.);
#367=ADVANCED_FACE('',(#1031),#1032,.F.);
#368=ADVANCED_FACE('',(#1033),#1034,.F.);
#369=ADVANCED_FACE('',(#1035),#1036,.T.);
#370=ADVANCED_FACE('',(#1037),#1038,.T.);
#371=ADVANCED_FACE('',(#1039),#1040,.T.);
#372=ADVANCED_FACE('',(#1041),#1042,.F.);
#373=ADVANCED_FACE('',(#1043),#1044,.F.);
#374=ADVANCED_FACE('',(#1045),#1046,.T.);
#375=ADVANCED_FACE('',(#1047),#1048,.F.);
#376=ADVANCED_FACE('',(#1049),#1050,.F.);
#377=ADVANCED_FACE('',(#1051),#1052,.T.);
#378=ADVANCED_FACE('',(#1053),#1054,.F.);
#379=ADVANCED_FACE('',(#1055),#1056,.F.);
#380=ADVANCED_FACE('',(#1057),#1058,.T.);
#381=ADVANCED_FACE('',(#1059),#1060,.T.);
#382=ADVANCED_FACE('',(#1061),#1062,.T.);
#383=ADVANCED_FACE('',(#1063),#1064,.F.);
#384=ADVANCED_FACE('',(#1065),#1066,.F.);
#385=ADVANCED_FACE('',(#1067),#1068,.T.);
#386=ADVANCED_FACE('',(#1069),#1070,.T.);
#387=ADVANCED_FACE('',(#1071),#1072,.T.);
#388=ADVANCED_FACE('',(#1073),#1074,.F.);
#389=ADVANCED_FACE('',(#1075),#1076,.F.);
#390=ADVANCED_FACE('',(#1077),#1078,.F.);
#391=ADVANCED_FACE('',(#1079),#1080,.T.);
#392=ADVANCED_FACE('',(#1081),#1082,.T.);
#393=ADVANCED_FACE('',(#1083),#1084,.T.);
#394=ADVANCED_FACE('',(#1085),#1086,.F.);
#395=ADVANCED_FACE('',(#1087),#1088,.F.);
#396=ADVANCED_FACE('',(#1089),#1090,.F.);
#397=ADVANCED_FACE('',(#1091),#1092,.F.);
#398=ADVANCED_FACE('',(#1093),#1094,.F.);
#399=ADVANCED_FACE('',(#1095),#1096,.T.);
#400=ADVANCED_FACE('',(#1097),#1098,.T.);
#401=ADVANCED_FACE('',(#1099),#1100,.T.);
#402=ADVANCED_FACE('',(#1101),#1102,.T.);
#403=ADVANCED_FACE('',(#1103),#1104,.T.);
#404=ADVANCED_FACE('',(#1105),#1106,.T.);
#405=ADVANCED_FACE('',(#1107),#1108,.T.);
#406=ADVANCED_FACE('',(#1109),#1110,.T.);
#407=ADVANCED_FACE('',(#1111),#1112,.T.);
#408=ADVANCED_FACE('',(#1113),#1114,.T.);
#409=COMPOSITE_CURVE_SEGMENT(.CONTINUOUS.,.T.,#1115);
#410=COMPOSITE_CURVE_SEGMENT(.CONTINUOUS.,.T.,#1116);
#411=COMPOSITE_CURVE_SEGMENT(.CONTINUOUS.,.T.,#1117);
#412=COMPOSITE_CURVE_SEGMENT(.CONTINUOUS.,.T.,#1118);
#413=COMPOSITE_CURVE_SEGMENT(.CONTINUOUS.,.T.,#1119);
#414=COMPOSITE_CURVE_SEGMENT(.CONTINUOUS.,.T.,#1120);
#415=COMPOSITE_CURVE_SEGMENT(.CONTINUOUS.,.T.,#1121);
#416=COMPOSITE_CURVE_SEGMENT(.CONTINUOUS.,.T.,#1122);
#417=COMPOSITE_CURVE_SEGMENT(.CONTINUOUS.,.T.,#1123);
#418=COMPOSITE_CURVE_SEGMENT(.CONTINUOUS.,.T.,#1124);
#419=COMPOSITE_CURVE_SEGMENT(.CONTINUOUS.,.T.,#1125);
#420=COMPOSITE_CURVE_SEGMENT(.CONTINUOUS.,.T.,#1126);
#421=COMPOSITE_CURVE_SEGMENT(.CONTINUOUS.,.T.,#1127);
#422=COMPOSITE_CURVE_SEGMENT(.CONTINUOUS.,.T.,#1128);
#423=COMPOSITE_CURVE_SEGMENT(.CONTINUOUS.,.T.,#1129);
#424=COMPOSITE_CURVE_SEGMENT(.CONTINUOUS.,.T.,#1130);
#425=COMPOSITE_CURVE_SEGMENT(.CONTINUOUS.,.T.,#1131);
#426=COMPOSITE_CURVE_SEGMENT(.CONTINUOUS.,.T.,#1132);
#427=COMPOSITE_CURVE_SEGMENT(.CONTINUOUS.,.T.,#1133);
#428=COMPOSITE_CURVE_SEGMENT(.CONTINUOUS.,.T.,#1134);
#429=COMPOSITE_CURVE_SEGMENT(.CONTINUOUS.,.T.,#1135);
#430=COMPOSITE_CURVE_SEGMENT(.CONTINUOUS.,.T.,#1136);
#431=COMPOSITE_CURVE_SEGMENT(.CONTINUOUS.,.T.,#1137);
#432=COMPOSITE_CURVE_SEGMENT(.CONTINUOUS.,.T.,#1138);
#433=COMPOSITE_CURVE_SEGMENT(.CONTINUOUS.,.T.,#1139);
#434=COMPOSITE_CURVE_SEGMENT(.CONTINUOUS.,.T.,#1140);
#435=COMPOSITE_CURVE_SEGMENT(.CONTINUOUS.,.T.,#1141);
#436=COMPOSITE_CURVE_SEGMENT(.CONTINUOUS.,.T.,#1142);
#437=COMPOSITE_CURVE_SEGMENT(.CONTINUOUS.,.T.,#1143);
#438=COMPOSITE_CURVE_SEGMENT(.CONTINUOUS.,.T.,#1144);
#439=COMPOSITE_CURVE_SEGMENT(.CONTINUOUS.,.T.,#1145);
#440=COMPOSITE_CURVE_SEGMENT(.CONTINUOUS.,.T.,#1146);
#442=FACE_OUTER_BOUND('',#1147,.T.);
#443=PLANE('',#1148);
#444=FACE_OUTER_BOUND('',#1149,.T.);
#445=PLANE('',#1150);
#446=FACE_OUTER_BOUND('',#1151,.T.);
#447=PLANE('',#1152);
#448=FACE_OUTER_BOUND('',#1153,.T.);
#449=PLANE('',#1154);
#450=FACE_OUTER_BOUND('',#1155,.T.);
#451=PLANE('',#1156);
#452=FACE_OUTER_BOUND('',#1157,.T.);
#453=PLANE('',#1158);
#454=FACE_OUTER_BOUND('',#1159,.T.);
#455=PLANE('',#1160);
#456=FACE_OUTER_BOUND('',#1161,.T.);
#457=CYLINDRICAL_SURFACE('',#1162,0.4);
#458=FACE_OUTER_BOUND('',#1163,.T.);
#459=PLANE('',#1164);
#460=FACE_OUTER_BOUND('',#1165,.T.);
#461=PLANE('',#1166);
#462=FACE_OUTER_BOUND('',#1167,.T.);
#463=PLANE('',#1168);
#464=FACE_OUTER_BOUND('',#1169,.T.);
#465=PLANE('',#1170);
#466=FACE_OUTER_BOUND('',#1171,.T.);
#467=PLANE('',#1172);
#468=FACE_OUTER_BOUND('',#1173,.T.);
#469=PLANE('',#1174);
#470=FACE_OUTER_BOUND('',#1175,.T.);
#471=CYLINDRICAL_SURFACE('',#1176,0.4);
#472=FACE_OUTER_BOUND('',#1177,.T.);
#473=PLANE('',#1178);
#474=FACE_OUTER_BOUND('',#1179,.T.);
#475=PLANE('',#1180);
#476=FACE_OUTER_BOUND('',#1181,.T.);
#477=FACE_BOUND('',#1182,.T.);
#478=PLANE('',#1183);
#479=FACE_OUTER_BOUND('',#1184,.T.);
#480=PLANE('',#1185);
#481=FACE_OUTER_BOUND('',#1186,.T.);
#482=PLANE('',#1187);
#483=FACE_OUTER_BOUND('',#1188,.T.);
#484=PLANE('',#1189);
#485=FACE_OUTER_BOUND('',#1190,.T.);
#486=FACE_BOUND('',#1191,.T.);
#487=PLANE('',#1192);
#488=FACE_OUTER_BOUND('',#1193,.T.);
#489=FACE_BOUND('',#1194,.T.);
#490=PLANE('',#1195);
#491=FACE_OUTER_BOUND('',#1196,.T.);
#492=PLANE('',#1197);
#493=FACE_OUTER_BOUND('',#1198,.T.);
#494=CYLINDRICAL_SURFACE('',#1199,0.15);
#495=FACE_OUTER_BOUND('',#1200,.T.);
#496=CYLINDRICAL_SURFACE('',#1201,0.15);
#497=FACE_OUTER_BOUND('',#1202,.T.);
#498=PLANE('',#1203);
#499=FACE_OUTER_BOUND('',#1204,.T.);
#500=PLANE('',#1205);
#501=FACE_OUTER_BOUND('',#1206,.T.);
#502=PLANE('',#1207);
#503=FACE_OUTER_BOUND('',#1208,.T.);
#504=PLANE('',#1209);
#505=FACE_OUTER_BOUND('',#1210,.T.);
#506=PLANE('',#1211);
#507=FACE_OUTER_BOUND('',#1212,.T.);
#508=PLANE('',#1213);
#509=FACE_OUTER_BOUND('',#1214,.T.);
#510=CYLINDRICAL_SURFACE('',#1215,0.4);
#511=FACE_OUTER_BOUND('',#1216,.T.);
#512=PLANE('',#1217);
#513=FACE_OUTER_BOUND('',#1218,.T.);
#514=PLANE('',#1219);
#515=FACE_OUTER_BOUND('',#1220,.T.);
#516=PLANE('',#1221);
#517=FACE_OUTER_BOUND('',#1222,.T.);
#518=PLANE('',#1223);
#519=FACE_OUTER_BOUND('',#1224,.T.);
#520=PLANE('',#1225);
#521=FACE_OUTER_BOUND('',#1226,.T.);
#522=PLANE('',#1227);
#523=FACE_OUTER_BOUND('',#1228,.T.);
#524=PLANE('',#1229);
#525=FACE_OUTER_BOUND('',#1230,.T.);
#526=PLANE('',#1231);
#527=FACE_OUTER_BOUND('',#1232,.T.);
#528=PLANE('',#1233);
#529=FACE_OUTER_BOUND('',#1234,.T.);
#530=PLANE('',#1235);
#531=FACE_OUTER_BOUND('',#1236,.T.);
#532=PLANE('',#1237);
#533=FACE_OUTER_BOUND('',#1238,.T.);
#534=PLANE('',#1239);
#535=FACE_OUTER_BOUND('',#1240,.T.);
#536=CYLINDRICAL_SURFACE('',#1241,0.15);
#537=FACE_OUTER_BOUND('',#1242,.T.);
#538=PLANE('',#1243);
#539=FACE_OUTER_BOUND('',#1244,.T.);
#540=PLANE('',#1245);
#541=FACE_OUTER_BOUND('',#1246,.T.);
#542=PLANE('',#1247);
#543=FACE_OUTER_BOUND('',#1248,.T.);
#544=PLANE('',#1249);
#545=FACE_OUTER_BOUND('',#1250,.T.);
#546=CYLINDRICAL_SURFACE('',#1251,0.15);
#547=FACE_OUTER_BOUND('',#1252,.T.);
#548=CYLINDRICAL_SURFACE('',#1253,0.15);
#549=FACE_OUTER_BOUND('',#1254,.T.);
#550=PLANE('',#1255);
#551=FACE_OUTER_BOUND('',#1256,.T.);
#552=CYLINDRICAL_SURFACE('',#1257,0.15);
#553=FACE_OUTER_BOUND('',#1258,.T.);
#554=PLANE('',#1259);
#555=FACE_OUTER_BOUND('',#1260,.T.);
#556=PLANE('',#1261);
#557=FACE_OUTER_BOUND('',#1262,.T.);
#558=PLANE('',#1263);
#559=FACE_OUTER_BOUND('',#1264,.T.);
#560=PLANE('',#1265);
#561=FACE_OUTER_BOUND('',#1266,.T.);
#562=PLANE('',#1267);
#563=FACE_OUTER_BOUND('',#1268,.T.);
#564=PLANE('',#1269);
#565=FACE_OUTER_BOUND('',#1270,.T.);
#566=PLANE('',#1271);
#567=FACE_OUTER_BOUND('',#1272,.T.);
#568=FACE_BOUND('',#1273,.T.);
#569=PLANE('',#1274);
#570=FACE_OUTER_BOUND('',#1275,.T.);
#571=PLANE('',#1276);
#572=FACE_OUTER_BOUND('',#1277,.T.);
#573=PLANE('',#1278);
#574=FACE_OUTER_BOUND('',#1279,.T.);
#575=PLANE('',#1280);
#576=FACE_OUTER_BOUND('',#1281,.T.);
#577=PLANE('',#1282);
#578=FACE_OUTER_BOUND('',#1283,.T.);
#579=PLANE('',#1284);
#580=FACE_OUTER_BOUND('',#1285,.T.);
#581=PLANE('',#1286);
#582=FACE_OUTER_BOUND('',#1287,.T.);
#583=PLANE('',#1288);
#584=FACE_OUTER_BOUND('',#1289,.T.);
#585=FACE_BOUND('',#1290,.T.);
#586=PLANE('',#1291);
#587=FACE_OUTER_BOUND('',#1292,.T.);
#588=PLANE('',#1293);
#589=FACE_OUTER_BOUND('',#1294,.T.);
#590=PLANE('',#1295);
#591=FACE_OUTER_BOUND('',#1296,.T.);
#592=PLANE('',#1297);
#593=FACE_OUTER_BOUND('',#1298,.T.);
#594=PLANE('',#1299);
#595=FACE_OUTER_BOUND('',#1300,.T.);
#596=PLANE('',#1301);
#597=FACE_OUTER_BOUND('',#1302,.T.);
#598=PLANE('',#1303);
#599=FACE_OUTER_BOUND('',#1304,.T.);
#600=PLANE('',#1305);
#601=FACE_OUTER_BOUND('',#1306,.T.);
#602=PLANE('',#1307);
#603=FACE_OUTER_BOUND('',#1308,.T.);
#604=PLANE('',#1309);
#605=FACE_OUTER_BOUND('',#1310,.T.);
#606=PLANE('',#1311);
#607=FACE_OUTER_BOUND('',#1312,.T.);
#608=FACE_BOUND('',#1313,.T.);
#609=PLANE('',#1314);
#610=FACE_OUTER_BOUND('',#1315,.T.);
#611=PLANE('',#1316);
#612=FACE_OUTER_BOUND('',#1317,.T.);
#613=PLANE('',#1318);
#614=FACE_OUTER_BOUND('',#1319,.T.);
#615=PLANE('',#1320);
#616=FACE_OUTER_BOUND('',#1321,.T.);
#617=PLANE('',#1322);
#618=FACE_OUTER_BOUND('',#1323,.T.);
#619=PLANE('',#1324);
#620=FACE_OUTER_BOUND('',#1325,.T.);
#621=PLANE('',#1326);
#622=FACE_OUTER_BOUND('',#1327,.T.);
#623=PLANE('',#1328);
#624=FACE_OUTER_BOUND('',#1329,.T.);
#625=CYLINDRICAL_SURFACE('',#1330,0.2);
#626=FACE_OUTER_BOUND('',#1331,.T.);
#627=PLANE('',#1332);
#628=FACE_OUTER_BOUND('',#1333,.T.);
#629=PLANE('',#1334);
#630=FACE_OUTER_BOUND('',#1335,.T.);
#631=PLANE('',#1336);
#632=FACE_OUTER_BOUND('',#1337,.T.);
#633=PLANE('',#1338);
#634=FACE_OUTER_BOUND('',#1339,.T.);
#635=PLANE('',#1340);
#636=FACE_OUTER_BOUND('',#1341,.T.);
#637=CYLINDRICAL_SURFACE('',#1342,0.2);
#638=FACE_OUTER_BOUND('',#1343,.T.);
#639=PLANE('',#1344);
#640=FACE_OUTER_BOUND('',#1345,.T.);
#641=PLANE('',#1346);
#642=FACE_OUTER_BOUND('',#1347,.T.);
#643=PLANE('',#1348);
#644=FACE_OUTER_BOUND('',#1349,.T.);
#645=PLANE('',#1350);
#646=FACE_OUTER_BOUND('',#1351,.T.);
#647=PLANE('',#1352);
#648=FACE_OUTER_BOUND('',#1353,.T.);
#649=PLANE('',#1354);
#650=FACE_OUTER_BOUND('',#1355,.T.);
#651=PLANE('',#1356);
#652=FACE_OUTER_BOUND('',#1357,.T.);
#653=PLANE('',#1358);
#654=FACE_OUTER_BOUND('',#1359,.T.);
#655=PLANE('',#1360);
#656=FACE_OUTER_BOUND('',#1361,.T.);
#657=PLANE('',#1362);
#658=FACE_OUTER_BOUND('',#1363,.T.);
#659=PLANE('',#1364);
#660=FACE_OUTER_BOUND('',#1365,.T.);
#661=PLANE('',#1366);
#662=FACE_OUTER_BOUND('',#1367,.T.);
#663=PLANE('',#1368);
#664=FACE_OUTER_BOUND('',#1369,.T.);
#665=PLANE('',#1370);
#666=FACE_OUTER_BOUND('',#1371,.T.);
#667=FACE_BOUND('',#1372,.T.);
#668=PLANE('',#1373);
#669=FACE_OUTER_BOUND('',#1374,.T.);
#670=PLANE('',#1375);
#671=FACE_OUTER_BOUND('',#1376,.T.);
#672=PLANE('',#1377);
#673=FACE_OUTER_BOUND('',#1378,.T.);
#674=PLANE('',#1379);
#675=FACE_OUTER_BOUND('',#1380,.T.);
#676=PLANE('',#1381);
#677=FACE_OUTER_BOUND('',#1382,.T.);
#678=PLANE('',#1383);
#679=FACE_OUTER_BOUND('',#1384,.T.);
#680=PLANE('',#1385);
#681=FACE_OUTER_BOUND('',#1386,.T.);
#682=PLANE('',#1387);
#683=FACE_OUTER_BOUND('',#1388,.T.);
#684=PLANE('',#1389);
#685=FACE_OUTER_BOUND('',#1390,.T.);
#686=PLANE('',#1391);
#687=FACE_OUTER_BOUND('',#1392,.T.);
#688=PLANE('',#1393);
#689=FACE_OUTER_BOUND('',#1394,.T.);
#690=PLANE('',#1395);
#691=FACE_OUTER_BOUND('',#1396,.T.);
#692=PLANE('',#1397);
#693=FACE_OUTER_BOUND('',#1398,.T.);
#694=CYLINDRICAL_SURFACE('',#1399,0.15);
#695=FACE_OUTER_BOUND('',#1400,.T.);
#696=CYLINDRICAL_SURFACE('',#1401,0.15);
#697=FACE_OUTER_BOUND('',#1402,.T.);
#698=PLANE('',#1403);
#699=FACE_OUTER_BOUND('',#1404,.T.);
#700=CYLINDRICAL_SURFACE('',#1405,0.2);
#701=FACE_OUTER_BOUND('',#1406,.T.);
#702=PLANE('',#1407);
#703=FACE_OUTER_BOUND('',#1408,.T.);
#704=PLANE('',#1409);
#705=FACE_OUTER_BOUND('',#1410,.T.);
#706=CYLINDRICAL_SURFACE('',#1411,0.15);
#707=FACE_OUTER_BOUND('',#1412,.T.);
#708=PLANE('',#1413);
#709=FACE_OUTER_BOUND('',#1414,.T.);
#710=PLANE('',#1415);
#711=FACE_OUTER_BOUND('',#1416,.T.);
#712=PLANE('',#1417);
#713=FACE_OUTER_BOUND('',#1418,.T.);
#714=PLANE('',#1419);
#715=FACE_OUTER_BOUND('',#1420,.T.);
#716=PLANE('',#1421);
#717=FACE_OUTER_BOUND('',#1422,.T.);
#718=PLANE('',#1423);
#719=FACE_OUTER_BOUND('',#1424,.T.);
#720=PLANE('',#1425);
#721=FACE_OUTER_BOUND('',#1426,.T.);
#722=CYLINDRICAL_SURFACE('',#1427,0.15);
#723=FACE_OUTER_BOUND('',#1428,.T.);
#724=PLANE('',#1429);
#725=FACE_OUTER_BOUND('',#1430,.T.);
#726=PLANE('',#1431);
#727=FACE_OUTER_BOUND('',#1432,.T.);
#728=PLANE('',#1433);
#729=FACE_OUTER_BOUND('',#1434,.T.);
#730=CYLINDRICAL_SURFACE('',#1435,0.15);
#731=FACE_OUTER_BOUND('',#1436,.T.);
#732=CYLINDRICAL_SURFACE('',#1437,0.15);
#733=FACE_OUTER_BOUND('',#1438,.T.);
#734=PLANE('',#1439);
#735=FACE_OUTER_BOUND('',#1440,.T.);
#736=PLANE('',#1441);
#737=FACE_OUTER_BOUND('',#1442,.T.);
#738=CYLINDRICAL_SURFACE('',#1443,0.2);
#739=FACE_OUTER_BOUND('',#1444,.T.);
#740=PLANE('',#1445);
#741=FACE_OUTER_BOUND('',#1446,.T.);
#742=PLANE('',#1447);
#743=FACE_OUTER_BOUND('',#1448,.T.);
#744=PLANE('',#1449);
#745=FACE_OUTER_BOUND('',#1450,.T.);
#746=FACE_BOUND('',#1451,.T.);
#747=FACE_BOUND('',#1452,.T.);
#748=FACE_BOUND('',#1453,.T.);
#749=FACE_BOUND('',#1454,.T.);
#750=FACE_BOUND('',#1455,.T.);
#751=FACE_BOUND('',#1456,.T.);
#752=PLANE('',#1457);
#753=FACE_OUTER_BOUND('',#1458,.T.);
#754=PLANE('',#1459);
#755=FACE_OUTER_BOUND('',#1460,.T.);
#756=PLANE('',#1461);
#757=FACE_OUTER_BOUND('',#1462,.T.);
#758=PLANE('',#1463);
#759=FACE_OUTER_BOUND('',#1464,.T.);
#760=CYLINDRICAL_SURFACE('',#1465,0.2);
#761=FACE_OUTER_BOUND('',#1466,.T.);
#762=PLANE('',#1467);
#763=FACE_OUTER_BOUND('',#1468,.T.);
#764=PLANE('',#1469);
#765=FACE_OUTER_BOUND('',#1470,.T.);
#766=PLANE('',#1471);
#767=FACE_OUTER_BOUND('',#1472,.T.);
#768=PLANE('',#1473);
#769=FACE_OUTER_BOUND('',#1474,.T.);
#770=PLANE('',#1475);
#771=FACE_OUTER_BOUND('',#1476,.T.);
#772=PLANE('',#1477);
#773=FACE_OUTER_BOUND('',#1478,.T.);
#774=PLANE('',#1479);
#775=FACE_OUTER_BOUND('',#1480,.T.);
#776=CYLINDRICAL_SURFACE('',#1481,0.454);
#777=FACE_OUTER_BOUND('',#1482,.T.);
#778=PLANE('',#1483);
#779=FACE_OUTER_BOUND('',#1484,.T.);
#780=PLANE('',#1485);
#781=FACE_OUTER_BOUND('',#1486,.T.);
#782=PLANE('',#1487);
#783=FACE_OUTER_BOUND('',#1488,.T.);
#784=PLANE('',#1489);
#785=FACE_OUTER_BOUND('',#1490,.T.);
#786=PLANE('',#1491);
#787=FACE_OUTER_BOUND('',#1492,.T.);
#788=PLANE('',#1493);
#789=FACE_OUTER_BOUND('',#1494,.T.);
#790=CYLINDRICAL_SURFACE('',#1495,0.2);
#791=FACE_OUTER_BOUND('',#1496,.T.);
#792=PLANE('',#1497);
#793=FACE_OUTER_BOUND('',#1498,.T.);
#794=PLANE('',#1499);
#795=FACE_OUTER_BOUND('',#1500,.T.);
#796=PLANE('',#1501);
#797=FACE_OUTER_BOUND('',#1502,.T.);
#798=CYLINDRICAL_SURFACE('',#1503,0.454);
#799=FACE_OUTER_BOUND('',#1504,.T.);
#800=PLANE('',#1505);
#801=FACE_OUTER_BOUND('',#1506,.T.);
#802=PLANE('',#1507);
#803=FACE_OUTER_BOUND('',#1508,.T.);
#804=PLANE('',#1509);
#805=FACE_OUTER_BOUND('',#1510,.T.);
#806=PLANE('',#1511);
#807=FACE_OUTER_BOUND('',#1512,.T.);
#808=PLANE('',#1513);
#809=FACE_OUTER_BOUND('',#1514,.T.);
#810=PLANE('',#1515);
#811=FACE_OUTER_BOUND('',#1516,.T.);
#812=PLANE('',#1517);
#813=FACE_OUTER_BOUND('',#1518,.T.);
#814=PLANE('',#1519);
#815=FACE_OUTER_BOUND('',#1520,.T.);
#816=PLANE('',#1521);
#817=FACE_OUTER_BOUND('',#1522,.T.);
#818=PLANE('',#1523);
#819=FACE_OUTER_BOUND('',#1524,.T.);
#820=FACE_BOUND('',#1525,.T.);
#821=FACE_BOUND('',#1526,.T.);
#822=FACE_BOUND('',#1527,.T.);
#823=FACE_BOUND('',#1528,.T.);
#824=FACE_BOUND('',#1529,.T.);
#825=FACE_BOUND('',#1530,.T.);
#826=FACE_BOUND('',#1531,.T.);
#827=FACE_BOUND('',#1532,.T.);
#828=FACE_BOUND('',#1533,.T.);
#829=FACE_BOUND('',#1534,.T.);
#830=FACE_BOUND('',#1535,.T.);
#831=FACE_BOUND('',#1536,.T.);
#832=PLANE('',#1537);
#833=FACE_OUTER_BOUND('',#1538,.T.);
#834=PLANE('',#1539);
#835=FACE_OUTER_BOUND('',#1540,.T.);
#836=PLANE('',#1541);
#837=FACE_OUTER_BOUND('',#1542,.T.);
#838=PLANE('',#1543);
#839=FACE_OUTER_BOUND('',#1544,.T.);
#840=CYLINDRICAL_SURFACE('',#1545,0.2);
#841=FACE_OUTER_BOUND('',#1546,.T.);
#842=PLANE('',#1547);
#843=FACE_OUTER_BOUND('',#1548,.T.);
#844=PLANE('',#1549);
#845=FACE_OUTER_BOUND('',#1550,.T.);
#846=PLANE('',#1551);
#847=FACE_OUTER_BOUND('',#1552,.T.);
#848=CYLINDRICAL_SURFACE('',#1553,0.454);
#849=FACE_OUTER_BOUND('',#1554,.T.);
#850=PLANE('',#1555);
#851=FACE_OUTER_BOUND('',#1556,.T.);
#852=PLANE('',#1557);
#853=FACE_OUTER_BOUND('',#1558,.T.);
#854=PLANE('',#1559);
#855=FACE_OUTER_BOUND('',#1560,.T.);
#856=CYLINDRICAL_SURFACE('',#1561,0.354);
#857=FACE_OUTER_BOUND('',#1562,.T.);
#858=PLANE('',#1563);
#859=FACE_OUTER_BOUND('',#1564,.T.);
#860=CYLINDRICAL_SURFACE('',#1565,0.1);
#861=FACE_OUTER_BOUND('',#1566,.T.);
#862=PLANE('',#1567);
#863=FACE_OUTER_BOUND('',#1568,.T.);
#864=PLANE('',#1569);
#865=FACE_OUTER_BOUND('',#1570,.T.);
#866=PLANE('',#1571);
#867=FACE_OUTER_BOUND('',#1572,.T.);
#868=PLANE('',#1573);
#869=FACE_OUTER_BOUND('',#1574,.T.);
#870=PLANE('',#1575);
#871=FACE_OUTER_BOUND('',#1576,.T.);
#872=PLANE('',#1577);
#873=FACE_OUTER_BOUND('',#1578,.T.);
#874=PLANE('',#1579);
#875=FACE_OUTER_BOUND('',#1580,.T.);
#876=CYLINDRICAL_SURFACE('',#1581,0.2);
#877=FACE_OUTER_BOUND('',#1582,.T.);
#878=PLANE('',#1583);
#879=FACE_OUTER_BOUND('',#1584,.T.);
#880=PLANE('',#1585);
#881=FACE_OUTER_BOUND('',#1586,.T.);
#882=PLANE('',#1587);
#883=FACE_OUTER_BOUND('',#1588,.T.);
#884=CYLINDRICAL_SURFACE('',#1589,0.454);
#885=FACE_OUTER_BOUND('',#1590,.T.);
#886=PLANE('',#1591);
#887=FACE_OUTER_BOUND('',#1592,.T.);
#888=PLANE('',#1593);
#889=FACE_OUTER_BOUND('',#1594,.T.);
#890=PLANE('',#1595);
#891=FACE_OUTER_BOUND('',#1596,.T.);
#892=CYLINDRICAL_SURFACE('',#1597,0.354);
#893=FACE_OUTER_BOUND('',#1598,.T.);
#894=PLANE('',#1599);
#895=FACE_OUTER_BOUND('',#1600,.T.);
#896=CYLINDRICAL_SURFACE('',#1601,0.1);
#897=FACE_OUTER_BOUND('',#1602,.T.);
#898=PLANE('',#1603);
#899=FACE_OUTER_BOUND('',#1604,.T.);
#900=PLANE('',#1605);
#901=FACE_OUTER_BOUND('',#1606,.T.);
#902=PLANE('',#1607);
#903=FACE_OUTER_BOUND('',#1608,.T.);
#904=PLANE('',#1609);
#905=FACE_OUTER_BOUND('',#1610,.T.);
#906=PLANE('',#1611);
#907=FACE_OUTER_BOUND('',#1612,.T.);
#908=PLANE('',#1613);
#909=FACE_OUTER_BOUND('',#1614,.T.);
#910=PLANE('',#1615);
#911=FACE_OUTER_BOUND('',#1616,.T.);
#912=CYLINDRICAL_SURFACE('',#1617,0.2);
#913=FACE_OUTER_BOUND('',#1618,.T.);
#914=PLANE('',#1619);
#915=FACE_OUTER_BOUND('',#1620,.T.);
#916=PLANE('',#1621);
#917=FACE_OUTER_BOUND('',#1622,.T.);
#918=PLANE('',#1623);
#919=FACE_OUTER_BOUND('',#1624,.T.);
#920=CYLINDRICAL_SURFACE('',#1625,0.454);
#921=FACE_OUTER_BOUND('',#1626,.T.);
#922=PLANE('',#1627);
#923=FACE_OUTER_BOUND('',#1628,.T.);
#924=PLANE('',#1629);
#925=FACE_OUTER_BOUND('',#1630,.T.);
#926=PLANE('',#1631);
#927=FACE_OUTER_BOUND('',#1632,.T.);
#928=CYLINDRICAL_SURFACE('',#1633,0.354);
#929=FACE_OUTER_BOUND('',#1634,.T.);
#930=PLANE('',#1635);
#931=FACE_OUTER_BOUND('',#1636,.T.);
#932=CYLINDRICAL_SURFACE('',#1637,0.1);
#933=FACE_OUTER_BOUND('',#1638,.T.);
#934=PLANE('',#1639);
#935=FACE_OUTER_BOUND('',#1640,.T.);
#936=PLANE('',#1641);
#937=FACE_OUTER_BOUND('',#1642,.T.);
#938=PLANE('',#1643);
#939=FACE_OUTER_BOUND('',#1644,.T.);
#940=PLANE('',#1645);
#941=FACE_OUTER_BOUND('',#1646,.T.);
#942=PLANE('',#1647);
#943=FACE_OUTER_BOUND('',#1648,.T.);
#944=PLANE('',#1649);
#945=FACE_OUTER_BOUND('',#1650,.T.);
#946=PLANE('',#1651);
#947=FACE_OUTER_BOUND('',#1652,.T.);
#948=CYLINDRICAL_SURFACE('',#1653,0.2);
#949=FACE_OUTER_BOUND('',#1654,.T.);
#950=PLANE('',#1655);
#951=FACE_OUTER_BOUND('',#1656,.T.);
#952=PLANE('',#1657);
#953=FACE_OUTER_BOUND('',#1658,.T.);
#954=PLANE('',#1659);
#955=FACE_OUTER_BOUND('',#1660,.T.);
#956=CYLINDRICAL_SURFACE('',#1661,0.454);
#957=FACE_OUTER_BOUND('',#1662,.T.);
#958=PLANE('',#1663);
#959=FACE_OUTER_BOUND('',#1664,.T.);
#960=PLANE('',#1665);
#961=FACE_OUTER_BOUND('',#1666,.T.);
#962=PLANE('',#1667);
#963=FACE_OUTER_BOUND('',#1668,.T.);
#964=CYLINDRICAL_SURFACE('',#1669,0.354);
#965=FACE_OUTER_BOUND('',#1670,.T.);
#966=PLANE('',#1671);
#967=FACE_OUTER_BOUND('',#1672,.T.);
#968=CYLINDRICAL_SURFACE('',#1673,0.1);
#969=FACE_OUTER_BOUND('',#1674,.T.);
#970=PLANE('',#1675);
#971=FACE_OUTER_BOUND('',#1676,.T.);
#972=PLANE('',#1677);
#973=FACE_OUTER_BOUND('',#1678,.T.);
#974=PLANE('',#1679);
#975=FACE_OUTER_BOUND('',#1680,.T.);
#976=PLANE('',#1681);
#977=FACE_OUTER_BOUND('',#1682,.T.);
#978=PLANE('',#1683);
#979=FACE_OUTER_BOUND('',#1684,.T.);
#980=PLANE('',#1685);
#981=FACE_OUTER_BOUND('',#1686,.T.);
#982=PLANE('',#1687);
#983=FACE_OUTER_BOUND('',#1688,.T.);
#984=PLANE('',#1689);
#985=FACE_OUTER_BOUND('',#1690,.T.);
#986=CYLINDRICAL_SURFACE('',#1691,0.1);
#987=FACE_OUTER_BOUND('',#1692,.T.);
#988=PLANE('',#1693);
#989=FACE_OUTER_BOUND('',#1694,.T.);
#990=PLANE('',#1695);
#991=FACE_OUTER_BOUND('',#1696,.T.);
#992=PLANE('',#1697);
#993=FACE_OUTER_BOUND('',#1698,.T.);
#994=PLANE('',#1699);
#995=FACE_OUTER_BOUND('',#1700,.T.);
#996=CYLINDRICAL_SURFACE('',#1701,0.1);
#997=FACE_OUTER_BOUND('',#1702,.T.);
#998=PLANE('',#1703);
#999=FACE_OUTER_BOUND('',#1704,.T.);
#1000=PLANE('',#1705);
#1001=FACE_OUTER_BOUND('',#1706,.T.);
#1002=PLANE('',#1707);
#1003=FACE_OUTER_BOUND('',#1708,.T.);
#1004=PLANE('',#1709);
#1005=FACE_OUTER_BOUND('',#1710,.T.);
#1006=PLANE('',#1711);
#1007=FACE_OUTER_BOUND('',#1712,.T.);
#1008=PLANE('',#1713);
#1009=FACE_OUTER_BOUND('',#1714,.T.);
#1010=PLANE('',#1715);
#1011=FACE_OUTER_BOUND('',#1716,.T.);
#1012=PLANE('',#1717);
#1013=FACE_OUTER_BOUND('',#1718,.T.);
#1014=PLANE('',#1719);
#1015=FACE_OUTER_BOUND('',#1720,.T.);
#1016=PLANE('',#1721);
#1017=FACE_OUTER_BOUND('',#1722,.T.);
#1018=PLANE('',#1723);
#1019=FACE_OUTER_BOUND('',#1724,.T.);
#1020=CYLINDRICAL_SURFACE('',#1725,0.354);
#1021=FACE_OUTER_BOUND('',#1726,.T.);
#1022=PLANE('',#1727);
#1023=FACE_OUTER_BOUND('',#1728,.T.);
#1024=CYLINDRICAL_SURFACE('',#1729,0.354);
#1025=FACE_OUTER_BOUND('',#1730,.T.);
#1026=PLANE('',#1731);
#1027=FACE_OUTER_BOUND('',#1732,.T.);
#1028=PLANE('',#1733);
#1029=FACE_OUTER_BOUND('',#1734,.T.);
#1030=PLANE('',#1735);
#1031=FACE_OUTER_BOUND('',#1736,.T.);
#1032=PLANE('',#1737);
#1033=FACE_OUTER_BOUND('',#1738,.T.);
#1034=PLANE('',#1739);
#1035=FACE_OUTER_BOUND('',#1740,.T.);
#1036=PLANE('',#1741);
#1037=FACE_OUTER_BOUND('',#1742,.T.);
#1038=PLANE('',#1743);
#1039=FACE_OUTER_BOUND('',#1744,.T.);
#1040=PLANE('',#1745);
#1041=FACE_OUTER_BOUND('',#1746,.T.);
#1042=PLANE('',#1747);
#1043=FACE_OUTER_BOUND('',#1748,.T.);
#1044=PLANE('',#1749);
#1045=FACE_OUTER_BOUND('',#1750,.T.);
#1046=PLANE('',#1751);
#1047=FACE_OUTER_BOUND('',#1752,.T.);
#1048=PLANE('',#1753);
#1049=FACE_OUTER_BOUND('',#1754,.T.);
#1050=PLANE('',#1755);
#1051=FACE_OUTER_BOUND('',#1756,.T.);
#1052=PLANE('',#1757);
#1053=FACE_OUTER_BOUND('',#1758,.T.);
#1054=PLANE('',#1759);
#1055=FACE_OUTER_BOUND('',#1760,.T.);
#1056=PLANE('',#1761);
#1057=FACE_OUTER_BOUND('',#1762,.T.);
#1058=PLANE('',#1763);
#1059=FACE_OUTER_BOUND('',#1764,.T.);
#1060=PLANE('',#1765);
#1061=FACE_OUTER_BOUND('',#1766,.T.);
#1062=PLANE('',#1767);
#1063=FACE_OUTER_BOUND('',#1768,.T.);
#1064=PLANE('',#1769);
#1065=FACE_OUTER_BOUND('',#1770,.T.);
#1066=PLANE('',#1771);
#1067=FACE_OUTER_BOUND('',#1772,.T.);
#1068=PLANE('',#1773);
#1069=FACE_OUTER_BOUND('',#1774,.T.);
#1070=PLANE('',#1775);
#1071=FACE_OUTER_BOUND('',#1776,.T.);
#1072=PLANE('',#1777);
#1073=FACE_OUTER_BOUND('',#1778,.T.);
#1074=PLANE('',#1779);
#1075=FACE_OUTER_BOUND('',#1780,.T.);
#1076=PLANE('',#1781);
#1077=FACE_OUTER_BOUND('',#1782,.T.);
#1078=PLANE('',#1783);
#1079=FACE_OUTER_BOUND('',#1784,.T.);
#1080=PLANE('',#1785);
#1081=FACE_OUTER_BOUND('',#1786,.T.);
#1082=PLANE('',#1787);
#1083=FACE_OUTER_BOUND('',#1788,.T.);
#1084=PLANE('',#1789);
#1085=FACE_OUTER_BOUND('',#1790,.T.);
#1086=PLANE('',#1791);
#1087=FACE_OUTER_BOUND('',#1792,.T.);
#1088=PLANE('',#1793);
#1089=FACE_OUTER_BOUND('',#1794,.T.);
#1090=PLANE('',#1795);
#1091=FACE_OUTER_BOUND('',#1796,.T.);
#1092=PLANE('',#1797);
#1093=FACE_OUTER_BOUND('',#1798,.T.);
#1094=PLANE('',#1799);
#1095=FACE_OUTER_BOUND('',#1800,.T.);
#1096=PLANE('',#1801);
#1097=FACE_OUTER_BOUND('',#1802,.T.);
#1098=PLANE('',#1803);
#1099=FACE_OUTER_BOUND('',#1804,.T.);
#1100=PLANE('',#1805);
#1101=FACE_OUTER_BOUND('',#1806,.T.);
#1102=PLANE('',#1807);
#1103=FACE_OUTER_BOUND('',#1808,.T.);
#1104=PLANE('',#1809);
#1105=FACE_OUTER_BOUND('',#1810,.T.);
#1106=CYLINDRICAL_SURFACE('',#1811,0.4);
#1107=FACE_OUTER_BOUND('',#1812,.T.);
#1108=PLANE('',#1813);
#1109=FACE_OUTER_BOUND('',#1814,.T.);
#1110=PLANE('',#1815);
#1111=FACE_OUTER_BOUND('',#1816,.T.);
#1112=PLANE('',#1817);
#1113=FACE_OUTER_BOUND('',#1818,.T.);
#1114=PLANE('',#1819);
#1115=TRIMMED_CURVE('',#1820,(PARAMETER_VALUE(0.0)),(PARAMETER_VALUE(1.0)),.T.,.UNSPECIFIED.);
#1116=TRIMMED_CURVE('',#1821,(PARAMETER_VALUE(0.0)),(PARAMETER_VALUE(1.0)),.T.,.UNSPECIFIED.);
#1117=TRIMMED_CURVE('',#1822,(PARAMETER_VALUE(0.0)),(PARAMETER_VALUE(1.0)),.T.,.UNSPECIFIED.);
#1118=TRIMMED_CURVE('',#1823,(PARAMETER_VALUE(0.0)),(PARAMETER_VALUE(1.0)),.T.,.UNSPECIFIED.);
#1119=TRIMMED_CURVE('',#1824,(PARAMETER_VALUE(0.0)),(PARAMETER_VALUE(1.0)),.T.,.UNSPECIFIED.);
#1120=TRIMMED_CURVE('',#1825,(PARAMETER_VALUE(0.0)),(PARAMETER_VALUE(1.0)),.T.,.UNSPECIFIED.);
#1121=TRIMMED_CURVE('',#1826,(PARAMETER_VALUE(0.0)),(PARAMETER_VALUE(1.0)),.T.,.UNSPECIFIED.);
#1122=TRIMMED_CURVE('',#1827,(PARAMETER_VALUE(0.0)),(PARAMETER_VALUE(1.0)),.T.,.UNSPECIFIED.);
#1123=TRIMMED_CURVE('',#1828,(PARAMETER_VALUE(0.0)),(PARAMETER_VALUE(1.0)),.T.,.UNSPECIFIED.);
#1124=TRIMMED_CURVE('',#1829,(PARAMETER_VALUE(0.0)),(PARAMETER_VALUE(1.0)),.T.,.UNSPECIFIED.);
#1125=TRIMMED_CURVE('',#1830,(PARAMETER_VALUE(0.0)),(PARAMETER_VALUE(1.0)),.T.,.UNSPECIFIED.);
#1126=TRIMMED_CURVE('',#1831,(PARAMETER_VALUE(0.0)),(PARAMETER_VALUE(1.0)),.T.,.UNSPECIFIED.);
#1127=TRIMMED_CURVE('',#1832,(PARAMETER_VALUE(0.0)),(PARAMETER_VALUE(1.0)),.T.,.UNSPECIFIED.);
#1128=TRIMMED_CURVE('',#1833,(PARAMETER_VALUE(0.0)),(PARAMETER_VALUE(1.0)),.T.,.UNSPECIFIED.);
#1129=TRIMMED_CURVE('',#1834,(PARAMETER_VALUE(0.0)),(PARAMETER_VALUE(1.0)),.T.,.UNSPECIFIED.);
#1130=TRIMMED_CURVE('',#1835,(PARAMETER_VALUE(0.0)),(PARAMETER_VALUE(1.0)),.T.,.UNSPECIFIED.);
#1131=TRIMMED_CURVE('',#1836,(PARAMETER_VALUE(0.0)),(PARAMETER_VALUE(1.0)),.T.,.UNSPECIFIED.);
#1132=TRIMMED_CURVE('',#1837,(PARAMETER_VALUE(0.0)),(PARAMETER_VALUE(1.0)),.T.,.UNSPECIFIED.);
#1133=TRIMMED_CURVE('',#1838,(PARAMETER_VALUE(0.0)),(PARAMETER_VALUE(1.0)),.T.,.UNSPECIFIED.);
#1134=TRIMMED_CURVE('',#1839,(PARAMETER_VALUE(0.0)),(PARAMETER_VALUE(1.0)),.T.,.UNSPECIFIED.);
#1135=TRIMMED_CURVE('',#1840,(PARAMETER_VALUE(0.0)),(PARAMETER_VALUE(1.0)),.T.,.UNSPECIFIED.);
#1136=TRIMMED_CURVE('',#1841,(PARAMETER_VALUE(0.0)),(PARAMETER_VALUE(1.0)),.T.,.UNSPECIFIED.);
#1137=TRIMMED_CURVE('',#1842,(PARAMETER_VALUE(0.0)),(PARAMETER_VALUE(1.0)),.T.,.UNSPECIFIED.);
#1138=TRIMMED_CURVE('',#1843,(PARAMETER_VALUE(0.0)),(PARAMETER_VALUE(1.0)),.T.,.UNSPECIFIED.);
#1139=TRIMMED_CURVE('',#1844,(PARAMETER_VALUE(0.0)),(PARAMETER_VALUE(1.0)),.T.,.UNSPECIFIED.);
#1140=TRIMMED_CURVE('',#1845,(PARAMETER_VALUE(0.0)),(PARAMETER_VALUE(1.0)),.T.,.UNSPECIFIED.);
#1141=TRIMMED_CURVE('',#1846,(PARAMETER_VALUE(0.0)),(PARAMETER_VALUE(1.0)),.T.,.UNSPECIFIED.);
#1142=TRIMMED_CURVE('',#1847,(PARAMETER_VALUE(0.0)),(PARAMETER_VALUE(1.0)),.T.,.UNSPECIFIED.);
#1143=TRIMMED_CURVE('',#1848,(PARAMETER_VALUE(0.0)),(PARAMETER_VALUE(1.0)),.T.,.UNSPECIFIED.);
#1144=TRIMMED_CURVE('',#1849,(PARAMETER_VALUE(0.0)),(PARAMETER_VALUE(1.0)),.T.,.UNSPECIFIED.);
#1145=TRIMMED_CURVE('',#1850,(PARAMETER_VALUE(0.0)),(PARAMETER_VALUE(1.0)),.T.,.UNSPECIFIED.);
#1146=TRIMMED_CURVE('',#1851,(PARAMETER_VALUE(0.0)),(PARAMETER_VALUE(1.0)),.T.,.UNSPECIFIED.);
#1147=EDGE_LOOP('',(#1852,#1853,#1854,#1855,#1856,#1857,#1858,#1859,#1860,#1861,#1862,#1863,#1864,#1865));
#1148=AXIS2_PLACEMENT_3D('',#1866,#1867,#1868);
#1149=EDGE_LOOP('',(#1869,#1870,#1871,#1872,#1873,#1874,#1875,#1876,#1877,#1878,#1879,#1880,#1881,#1882,#1883,#1884,#1885,#1886,#1887,#1888,#1889,#1890,#1891,#1892,#1893,#1894,#1895,#1896,#1897,#1898,#1899,#1900,#1901,#1902,#1903,#1904,#1905,#1906,#1907,#1908,#1909,#1910,#1911,#1912,#1913,#1914,#1915,#1916,#1917,#1918,#1919,#1920,#1921,#1922,#1923,#1924));
#1150=AXIS2_PLACEMENT_3D('',#1925,#1926,#1927);
#1151=EDGE_LOOP('',(#1928,#1929,#1930,#1931,#1932,#1933,#1934,#1935,#1936,#1937,#1938,#1939,#1940,#1941,#1942));
#1152=AXIS2_PLACEMENT_3D('',#1943,#1944,#1945);
#1153=EDGE_LOOP('',(#1946,#1947,#1948,#1949,#1950,#1951,#1952,#1953,#1954,#1955,#1956,#1957,#1958,#1959,#1960));
#1154=AXIS2_PLACEMENT_3D('',#1961,#1962,#1963);
#1155=EDGE_LOOP('',(#1964,#1965,#1966,#1967,#1968));
#1156=AXIS2_PLACEMENT_3D('',#1969,#1970,#1971);
#1157=EDGE_LOOP('',(#1972,#1973,#1974,#1975,#1976,#1977,#1978,#1979,#1980,#1981,#1982,#1983));
#1158=AXIS2_PLACEMENT_3D('',#1984,#1985,#1986);
#1159=EDGE_LOOP('',(#1987,#1988,#1989,#1990,#1991,#1992,#1993,#1994,#1995,#1996,#1997,#1998));
#1160=AXIS2_PLACEMENT_3D('',#1999,#2000,#2001);
#1161=EDGE_LOOP('',(#2002,#2003,#2004,#2005));
#1162=AXIS2_PLACEMENT_3D('',#2006,#2007,#2008);
#1163=EDGE_LOOP('',(#2009,#2010,#2011,#2012,#2013,#2014,#2015,#2016));
#1164=AXIS2_PLACEMENT_3D('',#2017,#2018,#2019);
#1165=EDGE_LOOP('',(#2020,#2021,#2022,#2023));
#1166=AXIS2_PLACEMENT_3D('',#2024,#2025,#2026);
#1167=EDGE_LOOP('',(#2027,#2028,#2029,#2030));
#1168=AXIS2_PLACEMENT_3D('',#2031,#2032,#2033);
#1169=EDGE_LOOP('',(#2034,#2035,#2036,#2037,#2038));
#1170=AXIS2_PLACEMENT_3D('',#2039,#2040,#2041);
#1171=EDGE_LOOP('',(#2042,#2043,#2044,#2045,#2046,#2047,#2048,#2049,#2050,#2051,#2052,#2053,#2054,#2055,#2056));
#1172=AXIS2_PLACEMENT_3D('',#2057,#2058,#2059);
#1173=EDGE_LOOP('',(#2060,#2061,#2062,#2063,#2064,#2065,#2066,#2067,#2068,#2069,#2070,#2071,#2072,#2073,#2074));
#1174=AXIS2_PLACEMENT_3D('',#2075,#2076,#2077);
#1175=EDGE_LOOP('',(#2078,#2079,#2080,#2081));
#1176=AXIS2_PLACEMENT_3D('',#2082,#2083,#2084);
#1177=EDGE_LOOP('',(#2085,#2086,#2087,#2088));
#1178=AXIS2_PLACEMENT_3D('',#2089,#2090,#2091);
#1179=EDGE_LOOP('',(#2092,#2093,#2094,#2095));
#1180=AXIS2_PLACEMENT_3D('',#2096,#2097,#2098);
#1181=EDGE_LOOP('',(#2099,#2100,#2101,#2102));
#1182=EDGE_LOOP('',(#2103,#2104,#2105,#2106));
#1183=AXIS2_PLACEMENT_3D('',#2107,#2108,#2109);
#1184=EDGE_LOOP('',(#2110,#2111,#2112,#2113,#2114,#2115));
#1185=AXIS2_PLACEMENT_3D('',#2116,#2117,#2118);
#1186=EDGE_LOOP('',(#2119,#2120,#2121,#2122,#2123,#2124,#2125,#2126));
#1187=AXIS2_PLACEMENT_3D('',#2127,#2128,#2129);
#1188=EDGE_LOOP('',(#2130,#2131,#2132,#2133,#2134,#2135));
#1189=AXIS2_PLACEMENT_3D('',#2136,#2137,#2138);
#1190=EDGE_LOOP('',(#2139,#2140,#2141,#2142));
#1191=EDGE_LOOP('',(#2143,#2144,#2145,#2146));
#1192=AXIS2_PLACEMENT_3D('',#2147,#2148,#2149);
#1193=EDGE_LOOP('',(#2150,#2151,#2152,#2153));
#1194=EDGE_LOOP('',(#2154,#2155,#2156,#2157));
#1195=AXIS2_PLACEMENT_3D('',#2158,#2159,#2160);
#1196=EDGE_LOOP('',(#2161,#2162,#2163,#2164,#2165,#2166,#2167,#2168));
#1197=AXIS2_PLACEMENT_3D('',#2169,#2170,#2171);
#1198=EDGE_LOOP('',(#2172,#2173,#2174,#2175));
#1199=AXIS2_PLACEMENT_3D('',#2176,#2177,#2178);
#1200=EDGE_LOOP('',(#2179,#2180,#2181,#2182));
#1201=AXIS2_PLACEMENT_3D('',#2183,#2184,#2185);
#1202=EDGE_LOOP('',(#2186,#2187,#2188,#2189));
#1203=AXIS2_PLACEMENT_3D('',#2190,#2191,#2192);
#1204=EDGE_LOOP('',(#2193,#2194,#2195,#2196));
#1205=AXIS2_PLACEMENT_3D('',#2197,#2198,#2199);
#1206=EDGE_LOOP('',(#2200,#2201,#2202,#2203,#2204));
#1207=AXIS2_PLACEMENT_3D('',#2205,#2206,#2207);
#1208=EDGE_LOOP('',(#2208,#2209,#2210,#2211));
#1209=AXIS2_PLACEMENT_3D('',#2212,#2213,#2214);
#1210=EDGE_LOOP('',(#2215,#2216,#2217,#2218));
#1211=AXIS2_PLACEMENT_3D('',#2219,#2220,#2221);
#1212=EDGE_LOOP('',(#2222,#2223,#2224,#2225,#2226,#2227,#2228,#2229));
#1213=AXIS2_PLACEMENT_3D('',#2230,#2231,#2232);
#1214=EDGE_LOOP('',(#2233,#2234,#2235,#2236));
#1215=AXIS2_PLACEMENT_3D('',#2237,#2238,#2239);
#1216=EDGE_LOOP('',(#2240,#2241,#2242,#2243,#2244,#2245,#2246,#2247));
#1217=AXIS2_PLACEMENT_3D('',#2248,#2249,#2250);
#1218=EDGE_LOOP('',(#2251,#2252,#2253,#2254));
#1219=AXIS2_PLACEMENT_3D('',#2255,#2256,#2257);
#1220=EDGE_LOOP('',(#2258,#2259,#2260,#2261));
#1221=AXIS2_PLACEMENT_3D('',#2262,#2263,#2264);
#1222=EDGE_LOOP('',(#2265,#2266,#2267,#2268,#2269));
#1223=AXIS2_PLACEMENT_3D('',#2270,#2271,#2272);
#1224=EDGE_LOOP('',(#2273,#2274,#2275,#2276,#2277,#2278,#2279,#2280,#2281,#2282));
#1225=AXIS2_PLACEMENT_3D('',#2283,#2284,#2285);
#1226=EDGE_LOOP('',(#2286,#2287,#2288,#2289,#2290,#2291,#2292,#2293,#2294,#2295));
#1227=AXIS2_PLACEMENT_3D('',#2296,#2297,#2298);
#1228=EDGE_LOOP('',(#2299,#2300,#2301,#2302,#2303,#2304,#2305,#2306));
#1229=AXIS2_PLACEMENT_3D('',#2307,#2308,#2309);
#1230=EDGE_LOOP('',(#2310,#2311,#2312,#2313,#2314,#2315));
#1231=AXIS2_PLACEMENT_3D('',#2316,#2317,#2318);
#1232=EDGE_LOOP('',(#2319,#2320,#2321,#2322));
#1233=AXIS2_PLACEMENT_3D('',#2323,#2324,#2325);
#1234=EDGE_LOOP('',(#2326,#2327,#2328,#2329,#2330,#2331));
#1235=AXIS2_PLACEMENT_3D('',#2332,#2333,#2334);
#1236=EDGE_LOOP('',(#2335,#2336,#2337,#2338));
#1237=AXIS2_PLACEMENT_3D('',#2339,#2340,#2341);
#1238=EDGE_LOOP('',(#2342,#2343,#2344,#2345));
#1239=AXIS2_PLACEMENT_3D('',#2346,#2347,#2348);
#1240=EDGE_LOOP('',(#2349,#2350,#2351,#2352));
#1241=AXIS2_PLACEMENT_3D('',#2353,#2354,#2355);
#1242=EDGE_LOOP('',(#2356,#2357,#2358,#2359));
#1243=AXIS2_PLACEMENT_3D('',#2360,#2361,#2362);
#1244=EDGE_LOOP('',(#2363,#2364,#2365,#2366));
#1245=AXIS2_PLACEMENT_3D('',#2367,#2368,#2369);
#1246=EDGE_LOOP('',(#2370,#2371,#2372,#2373));
#1247=AXIS2_PLACEMENT_3D('',#2374,#2375,#2376);
#1248=EDGE_LOOP('',(#2377,#2378,#2379,#2380));
#1249=AXIS2_PLACEMENT_3D('',#2381,#2382,#2383);
#1250=EDGE_LOOP('',(#2384,#2385,#2386,#2387));
#1251=AXIS2_PLACEMENT_3D('',#2388,#2389,#2390);
#1252=EDGE_LOOP('',(#2391,#2392,#2393,#2394));
#1253=AXIS2_PLACEMENT_3D('',#2395,#2396,#2397);
#1254=EDGE_LOOP('',(#2398,#2399,#2400,#2401));
#1255=AXIS2_PLACEMENT_3D('',#2402,#2403,#2404);
#1256=EDGE_LOOP('',(#2405,#2406,#2407,#2408));
#1257=AXIS2_PLACEMENT_3D('',#2409,#2410,#2411);
#1258=EDGE_LOOP('',(#2412,#2413,#2414,#2415,#2416,#2417));
#1259=AXIS2_PLACEMENT_3D('',#2418,#2419,#2420);
#1260=EDGE_LOOP('',(#2421,#2422,#2423,#2424));
#1261=AXIS2_PLACEMENT_3D('',#2425,#2426,#2427);
#1262=EDGE_LOOP('',(#2428,#2429,#2430,#2431,#2432,#2433));
#1263=AXIS2_PLACEMENT_3D('',#2434,#2435,#2436);
#1264=EDGE_LOOP('',(#2437,#2438,#2439,#2440));
#1265=AXIS2_PLACEMENT_3D('',#2441,#2442,#2443);
#1266=EDGE_LOOP('',(#2444,#2445,#2446,#2447));
#1267=AXIS2_PLACEMENT_3D('',#2448,#2449,#2450);
#1268=EDGE_LOOP('',(#2451,#2452,#2453,#2454));
#1269=AXIS2_PLACEMENT_3D('',#2455,#2456,#2457);
#1270=EDGE_LOOP('',(#2458,#2459,#2460,#2461,#2462,#2463));
#1271=AXIS2_PLACEMENT_3D('',#2464,#2465,#2466);
#1272=EDGE_LOOP('',(#2467,#2468,#2469,#2470));
#1273=EDGE_LOOP('',(#2471,#2472,#2473,#2474));
#1274=AXIS2_PLACEMENT_3D('',#2475,#2476,#2477);
#1275=EDGE_LOOP('',(#2478,#2479,#2480,#2481,#2482,#2483));
#1276=AXIS2_PLACEMENT_3D('',#2484,#2485,#2486);
#1277=EDGE_LOOP('',(#2487,#2488,#2489,#2490,#2491,#2492,#2493,#2494,#2495,#2496,#2497,#2498,#2499,#2500,#2501,#2502,#2503,#2504,#2505,#2506,#2507,#2508,#2509,#2510,#2511,#2512));
#1278=AXIS2_PLACEMENT_3D('',#2513,#2514,#2515);
#1279=EDGE_LOOP('',(#2516,#2517,#2518,#2519));
#1280=AXIS2_PLACEMENT_3D('',#2520,#2521,#2522);
#1281=EDGE_LOOP('',(#2523,#2524,#2525,#2526,#2527,#2528));
#1282=AXIS2_PLACEMENT_3D('',#2529,#2530,#2531);
#1283=EDGE_LOOP('',(#2532,#2533,#2534,#2535,#2536));
#1284=AXIS2_PLACEMENT_3D('',#2537,#2538,#2539);
#1285=EDGE_LOOP('',(#2540,#2541,#2542,#2543));
#1286=AXIS2_PLACEMENT_3D('',#2544,#2545,#2546);
#1287=EDGE_LOOP('',(#2547,#2548,#2549,#2550,#2551,#2552,#2553,#2554,#2555,#2556,#2557,#2558,#2559,#2560,#2561,#2562));
#1288=AXIS2_PLACEMENT_3D('',#2563,#2564,#2565);
#1289=EDGE_LOOP('',(#2566,#2567,#2568,#2569,#2570,#2571));
#1290=EDGE_LOOP('',(#2572,#2573,#2574));
#1291=AXIS2_PLACEMENT_3D('',#2575,#2576,#2577);
#1292=EDGE_LOOP('',(#2578,#2579,#2580,#2581,#2582,#2583,#2584,#2585,#2586,#2587,#2588,#2589,#2590,#2591,#2592,#2593,#2594,#2595,#2596,#2597));
#1293=AXIS2_PLACEMENT_3D('',#2598,#2599,#2600);
#1294=EDGE_LOOP('',(#2601,#2602,#2603,#2604,#2605,#2606,#2607,#2608,#2609,#2610));
#1295=AXIS2_PLACEMENT_3D('',#2611,#2612,#2613);
#1296=EDGE_LOOP('',(#2614,#2615,#2616,#2617,#2618,#2619,#2620,#2621,#2622,#2623));
#1297=AXIS2_PLACEMENT_3D('',#2624,#2625,#2626);
#1298=EDGE_LOOP('',(#2627,#2628,#2629,#2630,#2631));
#1299=AXIS2_PLACEMENT_3D('',#2632,#2633,#2634);
#1300=EDGE_LOOP('',(#2635,#2636,#2637,#2638,#2639,#2640,#2641,#2642,#2643));
#1301=AXIS2_PLACEMENT_3D('',#2644,#2645,#2646);
#1302=EDGE_LOOP('',(#2647,#2648,#2649,#2650,#2651));
#1303=AXIS2_PLACEMENT_3D('',#2652,#2653,#2654);
#1304=EDGE_LOOP('',(#2655,#2656,#2657,#2658,#2659,#2660,#2661));
#1305=AXIS2_PLACEMENT_3D('',#2662,#2663,#2664);
#1306=EDGE_LOOP('',(#2665,#2666,#2667,#2668,#2669));
#1307=AXIS2_PLACEMENT_3D('',#2670,#2671,#2672);
#1308=EDGE_LOOP('',(#2673,#2674,#2675,#2676));
#1309=AXIS2_PLACEMENT_3D('',#2677,#2678,#2679);
#1310=EDGE_LOOP('',(#2680,#2681,#2682,#2683));
#1311=AXIS2_PLACEMENT_3D('',#2684,#2685,#2686);
#1312=EDGE_LOOP('',(#2687,#2688,#2689,#2690,#2691,#2692,#2693,#2694,#2695,#2696,#2697,#2698));
#1313=EDGE_LOOP('',(#2699,#2700,#2701,#2702));
#1314=AXIS2_PLACEMENT_3D('',#2703,#2704,#2705);
#1315=EDGE_LOOP('',(#2706,#2707,#2708,#2709,#2710,#2711));
#1316=AXIS2_PLACEMENT_3D('',#2712,#2713,#2714);
#1317=EDGE_LOOP('',(#2715,#2716,#2717,#2718,#2719,#2720,#2721));
#1318=AXIS2_PLACEMENT_3D('',#2722,#2723,#2724);
#1319=EDGE_LOOP('',(#2725,#2726,#2727,#2728,#2729,#2730,#2731,#2732,#2733,#2734,#2735,#2736,#2737,#2738,#2739));
#1320=AXIS2_PLACEMENT_3D('',#2740,#2741,#2742);
#1321=EDGE_LOOP('',(#2743,#2744,#2745,#2746,#2747,#2748,#2749,#2750,#2751,#2752));
#1322=AXIS2_PLACEMENT_3D('',#2753,#2754,#2755);
#1323=EDGE_LOOP('',(#2756,#2757,#2758,#2759,#2760,#2761,#2762,#2763,#2764));
#1324=AXIS2_PLACEMENT_3D('',#2765,#2766,#2767);
#1325=EDGE_LOOP('',(#2768,#2769,#2770,#2771,#2772,#2773));
#1326=AXIS2_PLACEMENT_3D('',#2774,#2775,#2776);
#1327=EDGE_LOOP('',(#2777,#2778,#2779,#2780,#2781));
#1328=AXIS2_PLACEMENT_3D('',#2782,#2783,#2784);
#1329=EDGE_LOOP('',(#2785,#2786,#2787,#2788,#2789));
#1330=AXIS2_PLACEMENT_3D('',#2790,#2791,#2792);
#1331=EDGE_LOOP('',(#2793,#2794,#2795));
#1332=AXIS2_PLACEMENT_3D('',#2796,#2797,#2798);
#1333=EDGE_LOOP('',(#2799,#2800,#2801));
#1334=AXIS2_PLACEMENT_3D('',#2802,#2803,#2804);
#1335=EDGE_LOOP('',(#2805,#2806,#2807,#2808));
#1336=AXIS2_PLACEMENT_3D('',#2809,#2810,#2811);
#1337=EDGE_LOOP('',(#2812,#2813,#2814));
#1338=AXIS2_PLACEMENT_3D('',#2815,#2816,#2817);
#1339=EDGE_LOOP('',(#2818,#2819,#2820));
#1340=AXIS2_PLACEMENT_3D('',#2821,#2822,#2823);
#1341=EDGE_LOOP('',(#2824,#2825,#2826,#2827,#2828));
#1342=AXIS2_PLACEMENT_3D('',#2829,#2830,#2831);
#1343=EDGE_LOOP('',(#2832,#2833,#2834,#2835,#2836,#2837,#2838));
#1344=AXIS2_PLACEMENT_3D('',#2839,#2840,#2841);
#1345=EDGE_LOOP('',(#2842,#2843,#2844,#2845,#2846,#2847,#2848,#2849));
#1346=AXIS2_PLACEMENT_3D('',#2850,#2851,#2852);
#1347=EDGE_LOOP('',(#2853,#2854,#2855,#2856,#2857,#2858,#2859,#2860,#2861,#2862,#2863,#2864,#2865,#2866,#2867,#2868));
#1348=AXIS2_PLACEMENT_3D('',#2869,#2870,#2871);
#1349=EDGE_LOOP('',(#2872,#2873,#2874,#2875,#2876,#2877,#2878));
#1350=AXIS2_PLACEMENT_3D('',#2879,#2880,#2881);
#1351=EDGE_LOOP('',(#2882,#2883,#2884,#2885,#2886,#2887,#2888,#2889));
#1352=AXIS2_PLACEMENT_3D('',#2890,#2891,#2892);
#1353=EDGE_LOOP('',(#2893,#2894,#2895,#2896,#2897,#2898,#2899,#2900,#2901));
#1354=AXIS2_PLACEMENT_3D('',#2902,#2903,#2904);
#1355=EDGE_LOOP('',(#2905,#2906,#2907,#2908,#2909));
#1356=AXIS2_PLACEMENT_3D('',#2910,#2911,#2912);
#1357=EDGE_LOOP('',(#2913,#2914,#2915,#2916));
#1358=AXIS2_PLACEMENT_3D('',#2917,#2918,#2919);
#1359=EDGE_LOOP('',(#2920,#2921,#2922,#2923,#2924,#2925,#2926));
#1360=AXIS2_PLACEMENT_3D('',#2927,#2928,#2929);
#1361=EDGE_LOOP('',(#2930,#2931,#2932,#2933,#2934));
#1362=AXIS2_PLACEMENT_3D('',#2935,#2936,#2937);
#1363=EDGE_LOOP('',(#2938,#2939,#2940,#2941,#2942));
#1364=AXIS2_PLACEMENT_3D('',#2943,#2944,#2945);
#1365=EDGE_LOOP('',(#2946,#2947,#2948,#2949));
#1366=AXIS2_PLACEMENT_3D('',#2950,#2951,#2952);
#1367=EDGE_LOOP('',(#2953,#2954,#2955,#2956));
#1368=AXIS2_PLACEMENT_3D('',#2957,#2958,#2959);
#1369=EDGE_LOOP('',(#2960,#2961,#2962,#2963));
#1370=AXIS2_PLACEMENT_3D('',#2964,#2965,#2966);
#1371=EDGE_LOOP('',(#2967,#2968,#2969,#2970,#2971,#2972,#2973,#2974,#2975,#2976,#2977,#2978));
#1372=EDGE_LOOP('',(#2979,#2980,#2981,#2982));
#1373=AXIS2_PLACEMENT_3D('',#2983,#2984,#2985);
#1374=EDGE_LOOP('',(#2986,#2987,#2988,#2989,#2990,#2991,#2992,#2993,#2994,#2995));
#1375=AXIS2_PLACEMENT_3D('',#2996,#2997,#2998);
#1376=EDGE_LOOP('',(#2999,#3000,#3001,#3002,#3003,#3004,#3005,#3006,#3007,#3008));
#1377=AXIS2_PLACEMENT_3D('',#3009,#3010,#3011);
#1378=EDGE_LOOP('',(#3012,#3013,#3014,#3015,#3016,#3017));
#1379=AXIS2_PLACEMENT_3D('',#3018,#3019,#3020);
#1380=EDGE_LOOP('',(#3021,#3022,#3023,#3024,#3025,#3026,#3027));
#1381=AXIS2_PLACEMENT_3D('',#3028,#3029,#3030);
#1382=EDGE_LOOP('',(#3031,#3032,#3033,#3034,#3035,#3036,#3037,#3038,#3039,#3040,#3041,#3042,#3043,#3044,#3045));
#1383=AXIS2_PLACEMENT_3D('',#3046,#3047,#3048);
#1384=EDGE_LOOP('',(#3049,#3050,#3051,#3052,#3053,#3054,#3055,#3056,#3057));
#1385=AXIS2_PLACEMENT_3D('',#3058,#3059,#3060);
#1386=EDGE_LOOP('',(#3061,#3062,#3063,#3064,#3065,#3066));
#1387=AXIS2_PLACEMENT_3D('',#3067,#3068,#3069);
#1388=EDGE_LOOP('',(#3070,#3071,#3072,#3073,#3074));
#1389=AXIS2_PLACEMENT_3D('',#3075,#3076,#3077);
#1390=EDGE_LOOP('',(#3078,#3079,#3080,#3081,#3082));
#1391=AXIS2_PLACEMENT_3D('',#3083,#3084,#3085);
#1392=EDGE_LOOP('',(#3086,#3087,#3088));
#1393=AXIS2_PLACEMENT_3D('',#3089,#3090,#3091);
#1394=EDGE_LOOP('',(#3092,#3093,#3094));
#1395=AXIS2_PLACEMENT_3D('',#3095,#3096,#3097);
#1396=EDGE_LOOP('',(#3098,#3099,#3100,#3101,#3102));
#1397=AXIS2_PLACEMENT_3D('',#3103,#3104,#3105);
#1398=EDGE_LOOP('',(#3106,#3107,#3108,#3109));
#1399=AXIS2_PLACEMENT_3D('',#3110,#3111,#3112);
#1400=EDGE_LOOP('',(#3113,#3114,#3115,#3116,#3117));
#1401=AXIS2_PLACEMENT_3D('',#3118,#3119,#3120);
#1402=EDGE_LOOP('',(#3121,#3122,#3123,#3124,#3125,#3126));
#1403=AXIS2_PLACEMENT_3D('',#3127,#3128,#3129);
#1404=EDGE_LOOP('',(#3130,#3131,#3132,#3133,#3134));
#1405=AXIS2_PLACEMENT_3D('',#3135,#3136,#3137);
#1406=EDGE_LOOP('',(#3138,#3139,#3140,#3141,#3142,#3143,#3144,#3145,#3146,#3147,#3148,#3149,#3150,#3151,#3152,#3153,#3154,#3155,#3156,#3157));
#1407=AXIS2_PLACEMENT_3D('',#3158,#3159,#3160);
#1408=EDGE_LOOP('',(#3161,#3162,#3163,#3164,#3165,#3166,#3167,#3168,#3169,#3170,#3171));
#1409=AXIS2_PLACEMENT_3D('',#3172,#3173,#3174);
#1410=EDGE_LOOP('',(#3175,#3176,#3177,#3178,#3179,#3180,#3181,#3182));
#1411=AXIS2_PLACEMENT_3D('',#3183,#3184,#3185);
#1412=EDGE_LOOP('',(#3186,#3187,#3188,#3189));
#1413=AXIS2_PLACEMENT_3D('',#3190,#3191,#3192);
#1414=EDGE_LOOP('',(#3193,#3194,#3195,#3196,#3197,#3198));
#1415=AXIS2_PLACEMENT_3D('',#3199,#3200,#3201);
#1416=EDGE_LOOP('',(#3202,#3203,#3204,#3205,#3206));
#1417=AXIS2_PLACEMENT_3D('',#3207,#3208,#3209);
#1418=EDGE_LOOP('',(#3210,#3211,#3212,#3213));
#1419=AXIS2_PLACEMENT_3D('',#3214,#3215,#3216);
#1420=EDGE_LOOP('',(#3217,#3218,#3219,#3220));
#1421=AXIS2_PLACEMENT_3D('',#3221,#3222,#3223);
#1422=EDGE_LOOP('',(#3224,#3225,#3226,#3227));
#1423=AXIS2_PLACEMENT_3D('',#3228,#3229,#3230);
#1424=EDGE_LOOP('',(#3231,#3232,#3233,#3234,#3235,#3236,#3237,#3238,#3239,#3240,#3241));
#1425=AXIS2_PLACEMENT_3D('',#3242,#3243,#3244);
#1426=EDGE_LOOP('',(#3245,#3246,#3247,#3248,#3249,#3250,#3251,#3252));
#1427=AXIS2_PLACEMENT_3D('',#3253,#3254,#3255);
#1428=EDGE_LOOP('',(#3256,#3257,#3258,#3259));
#1429=AXIS2_PLACEMENT_3D('',#3260,#3261,#3262);
#1430=EDGE_LOOP('',(#3263,#3264,#3265,#3266,#3267,#3268,#3269,#3270,#3271,#3272,#3273,#3274,#3275,#3276));
#1431=AXIS2_PLACEMENT_3D('',#3277,#3278,#3279);
#1432=EDGE_LOOP('',(#3280,#3281,#3282,#3283,#3284,#3285));
#1433=AXIS2_PLACEMENT_3D('',#3286,#3287,#3288);
#1434=EDGE_LOOP('',(#3289,#3290,#3291,#3292));
#1435=AXIS2_PLACEMENT_3D('',#3293,#3294,#3295);
#1436=EDGE_LOOP('',(#3296,#3297,#3298,#3299,#3300));
#1437=AXIS2_PLACEMENT_3D('',#3301,#3302,#3303);
#1438=EDGE_LOOP('',(#3304,#3305,#3306,#3307,#3308));
#1439=AXIS2_PLACEMENT_3D('',#3309,#3310,#3311);
#1440=EDGE_LOOP('',(#3312,#3313,#3314,#3315));
#1441=AXIS2_PLACEMENT_3D('',#3316,#3317,#3318);
#1442=EDGE_LOOP('',(#3319,#3320,#3321,#3322,#3323));
#1443=AXIS2_PLACEMENT_3D('',#3324,#3325,#3326);
#1444=EDGE_LOOP('',(#3327,#3328,#3329,#3330,#3331,#3332,#3333,#3334));
#1445=AXIS2_PLACEMENT_3D('',#3335,#3336,#3337);
#1446=EDGE_LOOP('',(#3338,#3339,#3340,#3341,#3342,#3343,#3344,#3345));
#1447=AXIS2_PLACEMENT_3D('',#3346,#3347,#3348);
#1448=EDGE_LOOP('',(#3349,#3350,#3351,#3352,#3353,#3354));
#1449=AXIS2_PLACEMENT_3D('',#3355,#3356,#3357);
#1450=EDGE_LOOP('',(#3358,#3359,#3360,#3361,#3362,#3363,#3364,#3365,#3366,#3367,#3368,#3369,#3370,#3371));
#1451=EDGE_LOOP('',(#3372,#3373,#3374,#3375));
#1452=EDGE_LOOP('',(#3376,#3377,#3378,#3379));
#1453=EDGE_LOOP('',(#3380,#3381,#3382,#3383));
#1454=EDGE_LOOP('',(#3384,#3385,#3386,#3387));
#1455=EDGE_LOOP('',(#3388,#3389,#3390,#3391));
#1456=EDGE_LOOP('',(#3392,#3393,#3394,#3395));
#1457=AXIS2_PLACEMENT_3D('',#3396,#3397,#3398);
#1458=EDGE_LOOP('',(#3399,#3400,#3401,#3402,#3403,#3404,#3405));
#1459=AXIS2_PLACEMENT_3D('',#3406,#3407,#3408);
#1460=EDGE_LOOP('',(#3409,#3410,#3411,#3412));
#1461=AXIS2_PLACEMENT_3D('',#3413,#3414,#3415);
#1462=EDGE_LOOP('',(#3416,#3417,#3418,#3419,#3420,#3421,#3422,#3423));
#1463=AXIS2_PLACEMENT_3D('',#3424,#3425,#3426);
#1464=EDGE_LOOP('',(#3427,#3428,#3429,#3430));
#1465=AXIS2_PLACEMENT_3D('',#3431,#3432,#3433);
#1466=EDGE_LOOP('',(#3434,#3435,#3436,#3437,#3438,#3439,#3440));
#1467=AXIS2_PLACEMENT_3D('',#3441,#3442,#3443);
#1468=EDGE_LOOP('',(#3444,#3445,#3446,#3447));
#1469=AXIS2_PLACEMENT_3D('',#3448,#3449,#3450);
#1470=EDGE_LOOP('',(#3451,#3452,#3453,#3454,#3455,#3456,#3457,#3458));
#1471=AXIS2_PLACEMENT_3D('',#3459,#3460,#3461);
#1472=EDGE_LOOP('',(#3462,#3463,#3464,#3465,#3466,#3467,#3468,#3469,#3470,#3471,#3472,#3473,#3474,#3475,#3476,#3477,#3478,#3479,#3480,#3481,#3482,#3483,#3484,#3485,#3486,#3487,#3488,#3489));
#1473=AXIS2_PLACEMENT_3D('',#3490,#3491,#3492);
#1474=EDGE_LOOP('',(#3493,#3494,#3495,#3496));
#1475=AXIS2_PLACEMENT_3D('',#3497,#3498,#3499);
#1476=EDGE_LOOP('',(#3500,#3501,#3502,#3503));
#1477=AXIS2_PLACEMENT_3D('',#3504,#3505,#3506);
#1478=EDGE_LOOP('',(#3507,#3508,#3509,#3510));
#1479=AXIS2_PLACEMENT_3D('',#3511,#3512,#3513);
#1480=EDGE_LOOP('',(#3514,#3515,#3516,#3517));
#1481=AXIS2_PLACEMENT_3D('',#3518,#3519,#3520);
#1482=EDGE_LOOP('',(#3521,#3522,#3523,#3524));
#1483=AXIS2_PLACEMENT_3D('',#3525,#3526,#3527);
#1484=EDGE_LOOP('',(#3528,#3529,#3530,#3531));
#1485=AXIS2_PLACEMENT_3D('',#3532,#3533,#3534);
#1486=EDGE_LOOP('',(#3535,#3536,#3537,#3538));
#1487=AXIS2_PLACEMENT_3D('',#3539,#3540,#3541);
#1488=EDGE_LOOP('',(#3542,#3543,#3544,#3545,#3546,#3547,#3548));
#1489=AXIS2_PLACEMENT_3D('',#3549,#3550,#3551);
#1490=EDGE_LOOP('',(#3552,#3553,#3554,#3555));
#1491=AXIS2_PLACEMENT_3D('',#3556,#3557,#3558);
#1492=EDGE_LOOP('',(#3559,#3560,#3561,#3562,#3563,#3564,#3565,#3566));
#1493=AXIS2_PLACEMENT_3D('',#3567,#3568,#3569);
#1494=EDGE_LOOP('',(#3570,#3571,#3572,#3573));
#1495=AXIS2_PLACEMENT_3D('',#3574,#3575,#3576);
#1496=EDGE_LOOP('',(#3577,#3578,#3579,#3580,#3581,#3582,#3583));
#1497=AXIS2_PLACEMENT_3D('',#3584,#3585,#3586);
#1498=EDGE_LOOP('',(#3587,#3588,#3589,#3590));
#1499=AXIS2_PLACEMENT_3D('',#3591,#3592,#3593);
#1500=EDGE_LOOP('',(#3594,#3595,#3596,#3597,#3598,#3599,#3600,#3601));
#1501=AXIS2_PLACEMENT_3D('',#3602,#3603,#3604);
#1502=EDGE_LOOP('',(#3605,#3606,#3607,#3608));
#1503=AXIS2_PLACEMENT_3D('',#3609,#3610,#3611);
#1504=EDGE_LOOP('',(#3612,#3613,#3614,#3615));
#1505=AXIS2_PLACEMENT_3D('',#3616,#3617,#3618);
#1506=EDGE_LOOP('',(#3619,#3620,#3621,#3622));
#1507=AXIS2_PLACEMENT_3D('',#3623,#3624,#3625);
#1508=EDGE_LOOP('',(#3626,#3627,#3628,#3629));
#1509=AXIS2_PLACEMENT_3D('',#3630,#3631,#3632);
#1510=EDGE_LOOP('',(#3633,#3634,#3635,#3636,#3637,#3638,#3639,#3640,#3641,#3642,#3643,#3644,#3645,#3646,#3647,#3648,#3649,#3650,#3651,#3652,#3653,#3654,#3655,#3656,#3657,#3658,#3659,#3660));
#1511=AXIS2_PLACEMENT_3D('',#3661,#3662,#3663);
#1512=EDGE_LOOP('',(#3664,#3665,#3666,#3667,#3668,#3669,#3670,#3671,#3672,#3673,#3674,#3675,#3676,#3677,#3678,#3679,#3680,#3681,#3682,#3683,#3684,#3685,#3686,#3687,#3688,#3689,#3690,#3691,#3692,#3693,#3694,#3695,#3696,#3697));
#1513=AXIS2_PLACEMENT_3D('',#3698,#3699,#3700);
#1514=EDGE_LOOP('',(#3701,#3702,#3703,#3704,#3705,#3706));
#1515=AXIS2_PLACEMENT_3D('',#3707,#3708,#3709);
#1516=EDGE_LOOP('',(#3710,#3711,#3712,#3713,#3714,#3715));
#1517=AXIS2_PLACEMENT_3D('',#3716,#3717,#3718);
#1518=EDGE_LOOP('',(#3719,#3720,#3721,#3722));
#1519=AXIS2_PLACEMENT_3D('',#3723,#3724,#3725);
#1520=EDGE_LOOP('',(#3726,#3727,#3728,#3729));
#1521=AXIS2_PLACEMENT_3D('',#3730,#3731,#3732);
#1522=EDGE_LOOP('',(#3733,#3734,#3735,#3736,#3737,#3738,#3739,#3740,#3741));
#1523=AXIS2_PLACEMENT_3D('',#3742,#3743,#3744);
#1524=EDGE_LOOP('',(#3745,#3746,#3747,#3748));
#1525=EDGE_LOOP('',(#3749,#3750,#3751,#3752));
#1526=EDGE_LOOP('',(#3753,#3754,#3755,#3756));
#1527=EDGE_LOOP('',(#3757,#3758,#3759,#3760));
#1528=EDGE_LOOP('',(#3761,#3762,#3763,#3764));
#1529=EDGE_LOOP('',(#3765,#3766,#3767,#3768));
#1530=EDGE_LOOP('',(#3769,#3770,#3771,#3772));
#1531=EDGE_LOOP('',(#3773,#3774,#3775,#3776));
#1532=EDGE_LOOP('',(#3777,#3778,#3779,#3780));
#1533=EDGE_LOOP('',(#3781,#3782,#3783,#3784));
#1534=EDGE_LOOP('',(#3785,#3786,#3787,#3788));
#1535=EDGE_LOOP('',(#3789,#3790,#3791,#3792));
#1536=EDGE_LOOP('',(#3793,#3794,#3795,#3796));
#1537=AXIS2_PLACEMENT_3D('',#3797,#3798,#3799);
#1538=EDGE_LOOP('',(#3800,#3801,#3802,#3803,#3804,#3805,#3806));
#1539=AXIS2_PLACEMENT_3D('',#3807,#3808,#3809);
#1540=EDGE_LOOP('',(#3810,#3811,#3812,#3813));
#1541=AXIS2_PLACEMENT_3D('',#3814,#3815,#3816);
#1542=EDGE_LOOP('',(#3817,#3818,#3819,#3820,#3821,#3822,#3823,#3824));
#1543=AXIS2_PLACEMENT_3D('',#3825,#3826,#3827);
#1544=EDGE_LOOP('',(#3828,#3829,#3830,#3831));
#1545=AXIS2_PLACEMENT_3D('',#3832,#3833,#3834);
#1546=EDGE_LOOP('',(#3835,#3836,#3837,#3838,#3839,#3840,#3841));
#1547=AXIS2_PLACEMENT_3D('',#3842,#3843,#3844);
#1548=EDGE_LOOP('',(#3845,#3846,#3847,#3848));
#1549=AXIS2_PLACEMENT_3D('',#3849,#3850,#3851);
#1550=EDGE_LOOP('',(#3852,#3853,#3854,#3855,#3856,#3857,#3858,#3859));
#1551=AXIS2_PLACEMENT_3D('',#3860,#3861,#3862);
#1552=EDGE_LOOP('',(#3863,#3864,#3865,#3866));
#1553=AXIS2_PLACEMENT_3D('',#3867,#3868,#3869);
#1554=EDGE_LOOP('',(#3870,#3871,#3872,#3873));
#1555=AXIS2_PLACEMENT_3D('',#3874,#3875,#3876);
#1556=EDGE_LOOP('',(#3877,#3878,#3879,#3880));
#1557=AXIS2_PLACEMENT_3D('',#3881,#3882,#3883);
#1558=EDGE_LOOP('',(#3884,#3885,#3886,#3887));
#1559=AXIS2_PLACEMENT_3D('',#3888,#3889,#3890);
#1560=EDGE_LOOP('',(#3891,#3892,#3893,#3894));
#1561=AXIS2_PLACEMENT_3D('',#3895,#3896,#3897);
#1562=EDGE_LOOP('',(#3898,#3899,#3900,#3901));
#1563=AXIS2_PLACEMENT_3D('',#3902,#3903,#3904);
#1564=EDGE_LOOP('',(#3905,#3906,#3907,#3908));
#1565=AXIS2_PLACEMENT_3D('',#3909,#3910,#3911);
#1566=EDGE_LOOP('',(#3912,#3913,#3914,#3915));
#1567=AXIS2_PLACEMENT_3D('',#3916,#3917,#3918);
#1568=EDGE_LOOP('',(#3919,#3920,#3921,#3922));
#1569=AXIS2_PLACEMENT_3D('',#3923,#3924,#3925);
#1570=EDGE_LOOP('',(#3926,#3927,#3928,#3929));
#1571=AXIS2_PLACEMENT_3D('',#3930,#3931,#3932);
#1572=EDGE_LOOP('',(#3933,#3934,#3935,#3936));
#1573=AXIS2_PLACEMENT_3D('',#3937,#3938,#3939);
#1574=EDGE_LOOP('',(#3940,#3941,#3942,#3943,#3944,#3945,#3946));
#1575=AXIS2_PLACEMENT_3D('',#3947,#3948,#3949);
#1576=EDGE_LOOP('',(#3950,#3951,#3952,#3953));
#1577=AXIS2_PLACEMENT_3D('',#3954,#3955,#3956);
#1578=EDGE_LOOP('',(#3957,#3958,#3959,#3960,#3961,#3962,#3963,#3964));
#1579=AXIS2_PLACEMENT_3D('',#3965,#3966,#3967);
#1580=EDGE_LOOP('',(#3968,#3969,#3970,#3971));
#1581=AXIS2_PLACEMENT_3D('',#3972,#3973,#3974);
#1582=EDGE_LOOP('',(#3975,#3976,#3977,#3978,#3979,#3980,#3981));
#1583=AXIS2_PLACEMENT_3D('',#3982,#3983,#3984);
#1584=EDGE_LOOP('',(#3985,#3986,#3987,#3988));
#1585=AXIS2_PLACEMENT_3D('',#3989,#3990,#3991);
#1586=EDGE_LOOP('',(#3992,#3993,#3994,#3995,#3996,#3997,#3998,#3999));
#1587=AXIS2_PLACEMENT_3D('',#4000,#4001,#4002);
#1588=EDGE_LOOP('',(#4003,#4004,#4005,#4006));
#1589=AXIS2_PLACEMENT_3D('',#4007,#4008,#4009);
#1590=EDGE_LOOP('',(#4010,#4011,#4012,#4013));
#1591=AXIS2_PLACEMENT_3D('',#4014,#4015,#4016);
#1592=EDGE_LOOP('',(#4017,#4018,#4019,#4020));
#1593=AXIS2_PLACEMENT_3D('',#4021,#4022,#4023);
#1594=EDGE_LOOP('',(#4024,#4025,#4026,#4027));
#1595=AXIS2_PLACEMENT_3D('',#4028,#4029,#4030);
#1596=EDGE_LOOP('',(#4031,#4032,#4033,#4034));
#1597=AXIS2_PLACEMENT_3D('',#4035,#4036,#4037);
#1598=EDGE_LOOP('',(#4038,#4039,#4040,#4041));
#1599=AXIS2_PLACEMENT_3D('',#4042,#4043,#4044);
#1600=EDGE_LOOP('',(#4045,#4046,#4047,#4048));
#1601=AXIS2_PLACEMENT_3D('',#4049,#4050,#4051);
#1602=EDGE_LOOP('',(#4052,#4053,#4054,#4055));
#1603=AXIS2_PLACEMENT_3D('',#4056,#4057,#4058);
#1604=EDGE_LOOP('',(#4059,#4060,#4061,#4062));
#1605=AXIS2_PLACEMENT_3D('',#4063,#4064,#4065);
#1606=EDGE_LOOP('',(#4066,#4067,#4068,#4069));
#1607=AXIS2_PLACEMENT_3D('',#4070,#4071,#4072);
#1608=EDGE_LOOP('',(#4073,#4074,#4075,#4076));
#1609=AXIS2_PLACEMENT_3D('',#4077,#4078,#4079);
#1610=EDGE_LOOP('',(#4080,#4081,#4082,#4083,#4084,#4085,#4086));
#1611=AXIS2_PLACEMENT_3D('',#4087,#4088,#4089);
#1612=EDGE_LOOP('',(#4090,#4091,#4092,#4093));
#1613=AXIS2_PLACEMENT_3D('',#4094,#4095,#4096);
#1614=EDGE_LOOP('',(#4097,#4098,#4099,#4100,#4101,#4102,#4103,#4104));
#1615=AXIS2_PLACEMENT_3D('',#4105,#4106,#4107);
#1616=EDGE_LOOP('',(#4108,#4109,#4110,#4111));
#1617=AXIS2_PLACEMENT_3D('',#4112,#4113,#4114);
#1618=EDGE_LOOP('',(#4115,#4116,#4117,#4118,#4119,#4120,#4121));
#1619=AXIS2_PLACEMENT_3D('',#4122,#4123,#4124);
#1620=EDGE_LOOP('',(#4125,#4126,#4127,#4128));
#1621=AXIS2_PLACEMENT_3D('',#4129,#4130,#4131);
#1622=EDGE_LOOP('',(#4132,#4133,#4134,#4135,#4136,#4137,#4138,#4139));
#1623=AXIS2_PLACEMENT_3D('',#4140,#4141,#4142);
#1624=EDGE_LOOP('',(#4143,#4144,#4145,#4146));
#1625=AXIS2_PLACEMENT_3D('',#4147,#4148,#4149);
#1626=EDGE_LOOP('',(#4150,#4151,#4152,#4153));
#1627=AXIS2_PLACEMENT_3D('',#4154,#4155,#4156);
#1628=EDGE_LOOP('',(#4157,#4158,#4159,#4160));
#1629=AXIS2_PLACEMENT_3D('',#4161,#4162,#4163);
#1630=EDGE_LOOP('',(#4164,#4165,#4166,#4167));
#1631=AXIS2_PLACEMENT_3D('',#4168,#4169,#4170);
#1632=EDGE_LOOP('',(#4171,#4172,#4173,#4174));
#1633=AXIS2_PLACEMENT_3D('',#4175,#4176,#4177);
#1634=EDGE_LOOP('',(#4178,#4179,#4180,#4181));
#1635=AXIS2_PLACEMENT_3D('',#4182,#4183,#4184);
#1636=EDGE_LOOP('',(#4185,#4186,#4187,#4188));
#1637=AXIS2_PLACEMENT_3D('',#4189,#4190,#4191);
#1638=EDGE_LOOP('',(#4192,#4193,#4194,#4195));
#1639=AXIS2_PLACEMENT_3D('',#4196,#4197,#4198);
#1640=EDGE_LOOP('',(#4199,#4200,#4201,#4202));
#1641=AXIS2_PLACEMENT_3D('',#4203,#4204,#4205);
#1642=EDGE_LOOP('',(#4206,#4207,#4208,#4209));
#1643=AXIS2_PLACEMENT_3D('',#4210,#4211,#4212);
#1644=EDGE_LOOP('',(#4213,#4214,#4215,#4216));
#1645=AXIS2_PLACEMENT_3D('',#4217,#4218,#4219);
#1646=EDGE_LOOP('',(#4220,#4221,#4222,#4223,#4224,#4225,#4226));
#1647=AXIS2_PLACEMENT_3D('',#4227,#4228,#4229);
#1648=EDGE_LOOP('',(#4230,#4231,#4232,#4233));
#1649=AXIS2_PLACEMENT_3D('',#4234,#4235,#4236);
#1650=EDGE_LOOP('',(#4237,#4238,#4239,#4240,#4241,#4242,#4243,#4244));
#1651=AXIS2_PLACEMENT_3D('',#4245,#4246,#4247);
#1652=EDGE_LOOP('',(#4248,#4249,#4250,#4251));
#1653=AXIS2_PLACEMENT_3D('',#4252,#4253,#4254);
#1654=EDGE_LOOP('',(#4255,#4256,#4257,#4258,#4259,#4260,#4261));
#1655=AXIS2_PLACEMENT_3D('',#4262,#4263,#4264);
#1656=EDGE_LOOP('',(#4265,#4266,#4267,#4268));
#1657=AXIS2_PLACEMENT_3D('',#4269,#4270,#4271);
#1658=EDGE_LOOP('',(#4272,#4273,#4274,#4275,#4276,#4277,#4278,#4279));
#1659=AXIS2_PLACEMENT_3D('',#4280,#4281,#4282);
#1660=EDGE_LOOP('',(#4283,#4284,#4285,#4286));
#1661=AXIS2_PLACEMENT_3D('',#4287,#4288,#4289);
#1662=EDGE_LOOP('',(#4290,#4291,#4292,#4293));
#1663=AXIS2_PLACEMENT_3D('',#4294,#4295,#4296);
#1664=EDGE_LOOP('',(#4297,#4298,#4299,#4300));
#1665=AXIS2_PLACEMENT_3D('',#4301,#4302,#4303);
#1666=EDGE_LOOP('',(#4304,#4305,#4306,#4307));
#1667=AXIS2_PLACEMENT_3D('',#4308,#4309,#4310);
#1668=EDGE_LOOP('',(#4311,#4312,#4313,#4314));
#1669=AXIS2_PLACEMENT_3D('',#4315,#4316,#4317);
#1670=EDGE_LOOP('',(#4318,#4319,#4320,#4321));
#1671=AXIS2_PLACEMENT_3D('',#4322,#4323,#4324);
#1672=EDGE_LOOP('',(#4325,#4326,#4327,#4328));
#1673=AXIS2_PLACEMENT_3D('',#4329,#4330,#4331);
#1674=EDGE_LOOP('',(#4332,#4333,#4334,#4335));
#1675=AXIS2_PLACEMENT_3D('',#4336,#4337,#4338);
#1676=EDGE_LOOP('',(#4339,#4340,#4341,#4342));
#1677=AXIS2_PLACEMENT_3D('',#4343,#4344,#4345);
#1678=EDGE_LOOP('',(#4346,#4347,#4348,#4349));
#1679=AXIS2_PLACEMENT_3D('',#4350,#4351,#4352);
#1680=EDGE_LOOP('',(#4353,#4354,#4355,#4356));
#1681=AXIS2_PLACEMENT_3D('',#4357,#4358,#4359);
#1682=EDGE_LOOP('',(#4360,#4361,#4362,#4363));
#1683=AXIS2_PLACEMENT_3D('',#4364,#4365,#4366);
#1684=EDGE_LOOP('',(#4367,#4368,#4369,#4370));
#1685=AXIS2_PLACEMENT_3D('',#4371,#4372,#4373);
#1686=EDGE_LOOP('',(#4374,#4375,#4376,#4377));
#1687=AXIS2_PLACEMENT_3D('',#4378,#4379,#4380);
#1688=EDGE_LOOP('',(#4381,#4382,#4383,#4384));
#1689=AXIS2_PLACEMENT_3D('',#4385,#4386,#4387);
#1690=EDGE_LOOP('',(#4388,#4389,#4390,#4391));
#1691=AXIS2_PLACEMENT_3D('',#4392,#4393,#4394);
#1692=EDGE_LOOP('',(#4395,#4396,#4397,#4398));
#1693=AXIS2_PLACEMENT_3D('',#4399,#4400,#4401);
#1694=EDGE_LOOP('',(#4402,#4403,#4404,#4405));
#1695=AXIS2_PLACEMENT_3D('',#4406,#4407,#4408);
#1696=EDGE_LOOP('',(#4409,#4410,#4411,#4412));
#1697=AXIS2_PLACEMENT_3D('',#4413,#4414,#4415);
#1698=EDGE_LOOP('',(#4416,#4417,#4418,#4419));
#1699=AXIS2_PLACEMENT_3D('',#4420,#4421,#4422);
#1700=EDGE_LOOP('',(#4423,#4424,#4425,#4426));
#1701=AXIS2_PLACEMENT_3D('',#4427,#4428,#4429);
#1702=EDGE_LOOP('',(#4430,#4431,#4432,#4433,#4434,#4435,#4436,#4437,#4438));
#1703=AXIS2_PLACEMENT_3D('',#4439,#4440,#4441);
#1704=EDGE_LOOP('',(#4442,#4443,#4444,#4445,#4446,#4447));
#1705=AXIS2_PLACEMENT_3D('',#4448,#4449,#4450);
#1706=EDGE_LOOP('',(#4451,#4452,#4453,#4454));
#1707=AXIS2_PLACEMENT_3D('',#4455,#4456,#4457);
#1708=EDGE_LOOP('',(#4458,#4459,#4460,#4461));
#1709=AXIS2_PLACEMENT_3D('',#4462,#4463,#4464);
#1710=EDGE_LOOP('',(#4465,#4466,#4467,#4468));
#1711=AXIS2_PLACEMENT_3D('',#4469,#4470,#4471);
#1712=EDGE_LOOP('',(#4472,#4473,#4474,#4475));
#1713=AXIS2_PLACEMENT_3D('',#4476,#4477,#4478);
#1714=EDGE_LOOP('',(#4479,#4480,#4481,#4482));
#1715=AXIS2_PLACEMENT_3D('',#4483,#4484,#4485);
#1716=EDGE_LOOP('',(#4486,#4487,#4488,#4489));
#1717=AXIS2_PLACEMENT_3D('',#4490,#4491,#4492);
#1718=EDGE_LOOP('',(#4493,#4494,#4495,#4496,#4497,#4498));
#1719=AXIS2_PLACEMENT_3D('',#4499,#4500,#4501);
#1720=EDGE_LOOP('',(#4502,#4503,#4504,#4505,#4506,#4507));
#1721=AXIS2_PLACEMENT_3D('',#4508,#4509,#4510);
#1722=EDGE_LOOP('',(#4511,#4512,#4513,#4514,#4515,#4516));
#1723=AXIS2_PLACEMENT_3D('',#4517,#4518,#4519);
#1724=EDGE_LOOP('',(#4520,#4521,#4522,#4523));
#1725=AXIS2_PLACEMENT_3D('',#4524,#4525,#4526);
#1726=EDGE_LOOP('',(#4527,#4528,#4529,#4530));
#1727=AXIS2_PLACEMENT_3D('',#4531,#4532,#4533);
#1728=EDGE_LOOP('',(#4534,#4535,#4536,#4537));
#1729=AXIS2_PLACEMENT_3D('',#4538,#4539,#4540);
#1730=EDGE_LOOP('',(#4541,#4542,#4543,#4544));
#1731=AXIS2_PLACEMENT_3D('',#4545,#4546,#4547);
#1732=EDGE_LOOP('',(#4548,#4549,#4550,#4551));
#1733=AXIS2_PLACEMENT_3D('',#4552,#4553,#4554);
#1734=EDGE_LOOP('',(#4555,#4556,#4557,#4558));
#1735=AXIS2_PLACEMENT_3D('',#4559,#4560,#4561);
#1736=EDGE_LOOP('',(#4562,#4563,#4564,#4565));
#1737=AXIS2_PLACEMENT_3D('',#4566,#4567,#4568);
#1738=EDGE_LOOP('',(#4569,#4570,#4571,#4572));
#1739=AXIS2_PLACEMENT_3D('',#4573,#4574,#4575);
#1740=EDGE_LOOP('',(#4576,#4577,#4578,#4579,#4580,#4581,#4582,#4583));
#1741=AXIS2_PLACEMENT_3D('',#4584,#4585,#4586);
#1742=EDGE_LOOP('',(#4587,#4588,#4589,#4590,#4591));
#1743=AXIS2_PLACEMENT_3D('',#4592,#4593,#4594);
#1744=EDGE_LOOP('',(#4595,#4596,#4597,#4598,#4599));
#1745=AXIS2_PLACEMENT_3D('',#4600,#4601,#4602);
#1746=EDGE_LOOP('',(#4603,#4604,#4605,#4606));
#1747=AXIS2_PLACEMENT_3D('',#4607,#4608,#4609);
#1748=EDGE_LOOP('',(#4610,#4611,#4612,#4613));
#1749=AXIS2_PLACEMENT_3D('',#4614,#4615,#4616);
#1750=EDGE_LOOP('',(#4617,#4618,#4619,#4620));
#1751=AXIS2_PLACEMENT_3D('',#4621,#4622,#4623);
#1752=EDGE_LOOP('',(#4624,#4625,#4626,#4627));
#1753=AXIS2_PLACEMENT_3D('',#4628,#4629,#4630);
#1754=EDGE_LOOP('',(#4631,#4632,#4633,#4634));
#1755=AXIS2_PLACEMENT_3D('',#4635,#4636,#4637);
#1756=EDGE_LOOP('',(#4638,#4639,#4640,#4641));
#1757=AXIS2_PLACEMENT_3D('',#4642,#4643,#4644);
#1758=EDGE_LOOP('',(#4645,#4646,#4647,#4648));
#1759=AXIS2_PLACEMENT_3D('',#4649,#4650,#4651);
#1760=EDGE_LOOP('',(#4652,#4653,#4654,#4655));
#1761=AXIS2_PLACEMENT_3D('',#4656,#4657,#4658);
#1762=EDGE_LOOP('',(#4659,#4660,#4661));
#1763=AXIS2_PLACEMENT_3D('',#4662,#4663,#4664);
#1764=EDGE_LOOP('',(#4665,#4666,#4667));
#1765=AXIS2_PLACEMENT_3D('',#4668,#4669,#4670);
#1766=EDGE_LOOP('',(#4671,#4672,#4673,#4674));
#1767=AXIS2_PLACEMENT_3D('',#4675,#4676,#4677);
#1768=EDGE_LOOP('',(#4678,#4679,#4680));
#1769=AXIS2_PLACEMENT_3D('',#4681,#4682,#4683);
#1770=EDGE_LOOP('',(#4684,#4685,#4686));
#1771=AXIS2_PLACEMENT_3D('',#4687,#4688,#4689);
#1772=EDGE_LOOP('',(#4690,#4691,#4692,#4693));
#1773=AXIS2_PLACEMENT_3D('',#4694,#4695,#4696);
#1774=EDGE_LOOP('',(#4697,#4698,#4699,#4700));
#1775=AXIS2_PLACEMENT_3D('',#4701,#4702,#4703);
#1776=EDGE_LOOP('',(#4704,#4705,#4706,#4707));
#1777=AXIS2_PLACEMENT_3D('',#4708,#4709,#4710);
#1778=EDGE_LOOP('',(#4711,#4712,#4713,#4714));
#1779=AXIS2_PLACEMENT_3D('',#4715,#4716,#4717);
#1780=EDGE_LOOP('',(#4718,#4719,#4720,#4721));
#1781=AXIS2_PLACEMENT_3D('',#4722,#4723,#4724);
#1782=EDGE_LOOP('',(#4725,#4726,#4727,#4728));
#1783=AXIS2_PLACEMENT_3D('',#4729,#4730,#4731);
#1784=EDGE_LOOP('',(#4732,#4733,#4734,#4735));
#1785=AXIS2_PLACEMENT_3D('',#4736,#4737,#4738);
#1786=EDGE_LOOP('',(#4739,#4740,#4741,#4742));
#1787=AXIS2_PLACEMENT_3D('',#4743,#4744,#4745);
#1788=EDGE_LOOP('',(#4746,#4747,#4748,#4749));
#1789=AXIS2_PLACEMENT_3D('',#4750,#4751,#4752);
#1790=EDGE_LOOP('',(#4753,#4754,#4755,#4756));
#1791=AXIS2_PLACEMENT_3D('',#4757,#4758,#4759);
#1792=EDGE_LOOP('',(#4760,#4761,#4762,#4763));
#1793=AXIS2_PLACEMENT_3D('',#4764,#4765,#4766);
#1794=EDGE_LOOP('',(#4767,#4768,#4769));
#1795=AXIS2_PLACEMENT_3D('',#4770,#4771,#4772);
#1796=EDGE_LOOP('',(#4773,#4774,#4775,#4776));
#1797=AXIS2_PLACEMENT_3D('',#4777,#4778,#4779);
#1798=EDGE_LOOP('',(#4780,#4781,#4782,#4783,#4784));
#1799=AXIS2_PLACEMENT_3D('',#4785,#4786,#4787);
#1800=EDGE_LOOP('',(#4788,#4789,#4790,#4791));
#1801=AXIS2_PLACEMENT_3D('',#4792,#4793,#4794);
#1802=EDGE_LOOP('',(#4795,#4796,#4797,#4798));
#1803=AXIS2_PLACEMENT_3D('',#4799,#4800,#4801);
#1804=EDGE_LOOP('',(#4802,#4803,#4804,#4805));
#1805=AXIS2_PLACEMENT_3D('',#4806,#4807,#4808);
#1806=EDGE_LOOP('',(#4809,#4810,#4811,#4812));
#1807=AXIS2_PLACEMENT_3D('',#4813,#4814,#4815);
#1808=EDGE_LOOP('',(#4816,#4817,#4818,#4819));
#1809=AXIS2_PLACEMENT_3D('',#4820,#4821,#4822);
#1810=EDGE_LOOP('',(#4823,#4824,#4825,#4826));
#1811=AXIS2_PLACEMENT_3D('',#4827,#4828,#4829);
#1812=EDGE_LOOP('',(#4830,#4831,#4832,#4833));
#1813=AXIS2_PLACEMENT_3D('',#4834,#4835,#4836);
#1814=EDGE_LOOP('',(#4837,#4838,#4839,#4840));
#1815=AXIS2_PLACEMENT_3D('',#4841,#4842,#4843);
#1816=EDGE_LOOP('',(#4844,#4845,#4846,#4847));
#1817=AXIS2_PLACEMENT_3D('',#4848,#4849,#4850);
#1818=EDGE_LOOP('',(#4851,#4852,#4853,#4854));
#1819=AXIS2_PLACEMENT_3D('',#4855,#4856,#4857);
#1820=LINE('',#4858,#4859);
#1821=LINE('',#4860,#4861);
#1822=LINE('',#4862,#4863);
#1823=LINE('',#4864,#4865);
#1824=LINE('',#4866,#4867);
#1825=LINE('',#4868,#4869);
#1826=LINE('',#4870,#4871);
#1827=LINE('',#4872,#4873);
#1828=LINE('',#4874,#4875);
#1829=LINE('',#4876,#4877);
#1830=LINE('',#4878,#4879);
#1831=LINE('',#4880,#4881);
#1832=LINE('',#4882,#4883);
#1833=LINE('',#4884,#4885);
#1834=LINE('',#4886,#4887);
#1835=LINE('',#4888,#4889);
#1836=LINE('',#4890,#4891);
#1837=LINE('',#4892,#4893);
#1838=LINE('',#4894,#4895);
#1839=LINE('',#4896,#4897);
#1840=LINE('',#4898,#4899);
#1841=LINE('',#4900,#4901);
#1842=LINE('',#4902,#4903);
#1843=LINE('',#4904,#4905);
#1844=LINE('',#4906,#4907);
#1845=LINE('',#4908,#4909);
#1846=LINE('',#4910,#4911);
#1847=LINE('',#4912,#4913);
#1848=LINE('',#4914,#4915);
#1849=LINE('',#4916,#4917);
#1850=LINE('',#4918,#4919);
#1851=LINE('',#4920,#4921);
#1852=ORIENTED_EDGE('',*,*,#4922,.F.);
#1853=ORIENTED_EDGE('',*,*,#4923,.T.);
#1854=ORIENTED_EDGE('',*,*,#4924,.T.);
#1855=ORIENTED_EDGE('',*,*,#4925,.F.);
#1856=ORIENTED_EDGE('',*,*,#4926,.T.);
#1857=ORIENTED_EDGE('',*,*,#4927,.T.);
#1858=ORIENTED_EDGE('',*,*,#4928,.T.);
#1859=ORIENTED_EDGE('',*,*,#4929,.F.);
#1860=ORIENTED_EDGE('',*,*,#4930,.F.);
#1861=ORIENTED_EDGE('',*,*,#4931,.F.);
#1862=ORIENTED_EDGE('',*,*,#4932,.T.);
#1863=ORIENTED_EDGE('',*,*,#4933,.T.);
#1864=ORIENTED_EDGE('',*,*,#4934,.F.);
#1865=ORIENTED_EDGE('',*,*,#4935,.T.);
#1866=CARTESIAN_POINT('',(-5.5,0.0,0.0));
#1867=DIRECTION('',(1.0,0.0,0.0));
#1868=DIRECTION('',(0.0,1.0,0.0));
#1869=ORIENTED_EDGE('',*,*,#4936,.T.);
#1870=ORIENTED_EDGE('',*,*,#4937,.T.);
#1871=ORIENTED_EDGE('',*,*,#4938,.F.);
#1872=ORIENTED_EDGE('',*,*,#4939,.T.);
#1873=ORIENTED_EDGE('',*,*,#4940,.T.);
#1874=ORIENTED_EDGE('',*,*,#4941,.T.);
#1875=ORIENTED_EDGE('',*,*,#4942,.T.);
#1876=ORIENTED_EDGE('',*,*,#4943,.T.);
#1877=ORIENTED_EDGE('',*,*,#4944,.F.);
#1878=ORIENTED_EDGE('',*,*,#4945,.T.);
#1879=ORIENTED_EDGE('',*,*,#4946,.T.);
#1880=ORIENTED_EDGE('',*,*,#4947,.T.);
#1881=ORIENTED_EDGE('',*,*,#4948,.F.);
#1882=ORIENTED_EDGE('',*,*,#4949,.T.);
#1883=ORIENTED_EDGE('',*,*,#4950,.T.);
#1884=ORIENTED_EDGE('',*,*,#4951,.T.);
#1885=ORIENTED_EDGE('',*,*,#4952,.F.);
#1886=ORIENTED_EDGE('',*,*,#4953,.T.);
#1887=ORIENTED_EDGE('',*,*,#4954,.T.);
#1888=ORIENTED_EDGE('',*,*,#4955,.T.);
#1889=ORIENTED_EDGE('',*,*,#4956,.F.);
#1890=ORIENTED_EDGE('',*,*,#4957,.T.);
#1891=ORIENTED_EDGE('',*,*,#4958,.T.);
#1892=ORIENTED_EDGE('',*,*,#4959,.T.);
#1893=ORIENTED_EDGE('',*,*,#4960,.F.);
#1894=ORIENTED_EDGE('',*,*,#4961,.T.);
#1895=ORIENTED_EDGE('',*,*,#4962,.T.);
#1896=ORIENTED_EDGE('',*,*,#4963,.T.);
#1897=ORIENTED_EDGE('',*,*,#4964,.F.);
#1898=ORIENTED_EDGE('',*,*,#4965,.T.);
#1899=ORIENTED_EDGE('',*,*,#4966,.T.);
#1900=ORIENTED_EDGE('',*,*,#4967,.T.);
#1901=ORIENTED_EDGE('',*,*,#4968,.T.);
#1902=ORIENTED_EDGE('',*,*,#4969,.T.);
#1903=ORIENTED_EDGE('',*,*,#4970,.T.);
#1904=ORIENTED_EDGE('',*,*,#4971,.T.);
#1905=ORIENTED_EDGE('',*,*,#4972,.F.);
#1906=ORIENTED_EDGE('',*,*,#4973,.T.);
#1907=ORIENTED_EDGE('',*,*,#4974,.F.);
#1908=ORIENTED_EDGE('',*,*,#4975,.F.);
#1909=ORIENTED_EDGE('',*,*,#4976,.F.);
#1910=ORIENTED_EDGE('',*,*,#4977,.T.);
#1911=ORIENTED_EDGE('',*,*,#4978,.T.);
#1912=ORIENTED_EDGE('',*,*,#4979,.T.);
#1913=ORIENTED_EDGE('',*,*,#4980,.F.);
#1914=ORIENTED_EDGE('',*,*,#4981,.F.);
#1915=ORIENTED_EDGE('',*,*,#4982,.F.);
#1916=ORIENTED_EDGE('',*,*,#4983,.F.);
#1917=ORIENTED_EDGE('',*,*,#4935,.F.);
#1918=ORIENTED_EDGE('',*,*,#4984,.F.);
#1919=ORIENTED_EDGE('',*,*,#4985,.T.);
#1920=ORIENTED_EDGE('',*,*,#4986,.T.);
#1921=ORIENTED_EDGE('',*,*,#4987,.T.);
#1922=ORIENTED_EDGE('',*,*,#4988,.T.);
#1923=ORIENTED_EDGE('',*,*,#4989,.F.);
#1924=ORIENTED_EDGE('',*,*,#4990,.F.);
#1925=CARTESIAN_POINT('',(-5.5,2.7,0.0));
#1926=DIRECTION('',(-0.0,1.0,0.0));
#1927=DIRECTION('',(1.0,0.0,0.0));
#1928=ORIENTED_EDGE('',*,*,#4991,.F.);
#1929=ORIENTED_EDGE('',*,*,#4992,.F.);
#1930=ORIENTED_EDGE('',*,*,#4993,.F.);
#1931=ORIENTED_EDGE('',*,*,#4994,.F.);
#1932=ORIENTED_EDGE('',*,*,#4995,.F.);
#1933=ORIENTED_EDGE('',*,*,#4996,.F.);
#1934=ORIENTED_EDGE('',*,*,#4997,.F.);
#1935=ORIENTED_EDGE('',*,*,#4998,.T.);
#1936=ORIENTED_EDGE('',*,*,#4999,.F.);
#1937=ORIENTED_EDGE('',*,*,#5000,.F.);
#1938=ORIENTED_EDGE('',*,*,#5001,.T.);
#1939=ORIENTED_EDGE('',*,*,#4975,.T.);
#1940=ORIENTED_EDGE('',*,*,#5002,.F.);
#1941=ORIENTED_EDGE('',*,*,#5003,.F.);
#1942=ORIENTED_EDGE('',*,*,#5004,.F.);
#1943=CARTESIAN_POINT('',(-5.5,0.0,1.39));
#1944=DIRECTION('',(0.0,0.0,-1.0));
#1945=DIRECTION('',(0.0,-1.0,0.0));
#1946=ORIENTED_EDGE('',*,*,#5005,.F.);
#1947=ORIENTED_EDGE('',*,*,#5006,.F.);
#1948=ORIENTED_EDGE('',*,*,#4990,.T.);
#1949=ORIENTED_EDGE('',*,*,#5007,.T.);
#1950=ORIENTED_EDGE('',*,*,#5008,.F.);
#1951=ORIENTED_EDGE('',*,*,#5009,.F.);
#1952=ORIENTED_EDGE('',*,*,#5010,.F.);
#1953=ORIENTED_EDGE('',*,*,#5011,.F.);
#1954=ORIENTED_EDGE('',*,*,#5012,.F.);
#1955=ORIENTED_EDGE('',*,*,#5013,.T.);
#1956=ORIENTED_EDGE('',*,*,#5014,.F.);
#1957=ORIENTED_EDGE('',*,*,#5015,.F.);
#1958=ORIENTED_EDGE('',*,*,#5016,.F.);
#1959=ORIENTED_EDGE('',*,*,#5017,.F.);
#1960=ORIENTED_EDGE('',*,*,#5018,.T.);
#1961=CARTESIAN_POINT('',(-5.5,0.0,1.39));
#1962=DIRECTION('',(0.0,0.0,-1.0));
#1963=DIRECTION('',(0.0,-1.0,0.0));
#1964=ORIENTED_EDGE('',*,*,#5019,.T.);
#1965=ORIENTED_EDGE('',*,*,#5020,.T.);
#1966=ORIENTED_EDGE('',*,*,#5021,.F.);
#1967=ORIENTED_EDGE('',*,*,#5022,.F.);
#1968=ORIENTED_EDGE('',*,*,#5004,.T.);
#1969=CARTESIAN_POINT('',(3.95,3.0,1.39));
#1970=DIRECTION('',(-0.707106781186548,0.0,0.707106781186548));
#1971=DIRECTION('',(0.0,1.0,0.0));
#1972=ORIENTED_EDGE('',*,*,#5023,.T.);
#1973=ORIENTED_EDGE('',*,*,#5024,.T.);
#1974=ORIENTED_EDGE('',*,*,#5025,.T.);
#1975=ORIENTED_EDGE('',*,*,#5026,.T.);
#1976=ORIENTED_EDGE('',*,*,#5027,.F.);
#1977=ORIENTED_EDGE('',*,*,#5028,.F.);
#1978=ORIENTED_EDGE('',*,*,#4991,.T.);
#1979=ORIENTED_EDGE('',*,*,#5022,.T.);
#1980=ORIENTED_EDGE('',*,*,#5029,.T.);
#1981=ORIENTED_EDGE('',*,*,#5030,.T.);
#1982=ORIENTED_EDGE('',*,*,#5031,.T.);
#1983=ORIENTED_EDGE('',*,*,#5032,.T.);
#1984=CARTESIAN_POINT('',(3.696,3.0,1.39));
#1985=DIRECTION('',(-0.0,1.0,0.0));
#1986=DIRECTION('',(1.0,0.0,0.0));
#1987=ORIENTED_EDGE('',*,*,#5033,.T.);
#1988=ORIENTED_EDGE('',*,*,#5034,.T.);
#1989=ORIENTED_EDGE('',*,*,#5035,.T.);
#1990=ORIENTED_EDGE('',*,*,#5036,.T.);
#1991=ORIENTED_EDGE('',*,*,#5017,.T.);
#1992=ORIENTED_EDGE('',*,*,#5037,.T.);
#1993=ORIENTED_EDGE('',*,*,#5038,.F.);
#1994=ORIENTED_EDGE('',*,*,#5039,.T.);
#1995=ORIENTED_EDGE('',*,*,#5040,.T.);
#1996=ORIENTED_EDGE('',*,*,#5041,.T.);
#1997=ORIENTED_EDGE('',*,*,#5042,.T.);
#1998=ORIENTED_EDGE('',*,*,#5043,.T.);
#1999=CARTESIAN_POINT('',(3.696,3.0,1.39));
#2000=DIRECTION('',(-0.0,1.0,0.0));
#2001=DIRECTION('',(1.0,0.0,0.0));
#2002=ORIENTED_EDGE('',*,*,#5032,.F.);
#2003=ORIENTED_EDGE('',*,*,#5044,.F.);
#2004=ORIENTED_EDGE('',*,*,#5045,.T.);
#2005=ORIENTED_EDGE('',*,*,#5046,.F.);
#2006=CARTESIAN_POINT('',(5.75,2.6,12.51268));
#2007=DIRECTION('',(-0.0,0.0,1.0));
#2008=DIRECTION('',(0.0,1.0,0.0));
#2009=ORIENTED_EDGE('',*,*,#5047,.F.);
#2010=ORIENTED_EDGE('',*,*,#5048,.T.);
#2011=ORIENTED_EDGE('',*,*,#5049,.T.);
#2012=ORIENTED_EDGE('',*,*,#5050,.T.);
#2013=ORIENTED_EDGE('',*,*,#5051,.T.);
#2014=ORIENTED_EDGE('',*,*,#5052,.F.);
#2015=ORIENTED_EDGE('',*,*,#5023,.F.);
#2016=ORIENTED_EDGE('',*,*,#5046,.T.);
#2017=CARTESIAN_POINT('',(6.15,3.0,0.0));
#2018=DIRECTION('',(0.0,0.0,-1.0));
#2019=DIRECTION('',(0.0,-1.0,0.0));
#2020=ORIENTED_EDGE('',*,*,#5052,.T.);
#2021=ORIENTED_EDGE('',*,*,#5053,.T.);
#2022=ORIENTED_EDGE('',*,*,#5054,.F.);
#2023=ORIENTED_EDGE('',*,*,#5024,.F.);
#2024=CARTESIAN_POINT('',(5.35,3.0,0.0));
#2025=DIRECTION('',(-0.707106781186548,0.0,-0.707106781186548));
#2026=DIRECTION('',(-0.707106781186548,0.0,0.707106781186548));
#2027=ORIENTED_EDGE('',*,*,#5054,.T.);
#2028=ORIENTED_EDGE('',*,*,#5055,.T.);
#2029=ORIENTED_EDGE('',*,*,#5056,.F.);
#2030=ORIENTED_EDGE('',*,*,#5025,.F.);
#2031=CARTESIAN_POINT('',(4.85,3.0,0.5));
#2032=DIRECTION('',(0.0,0.0,-1.0));
#2033=DIRECTION('',(0.0,-1.0,0.0));
#2034=ORIENTED_EDGE('',*,*,#5026,.F.);
#2035=ORIENTED_EDGE('',*,*,#5056,.T.);
#2036=ORIENTED_EDGE('',*,*,#5057,.T.);
#2037=ORIENTED_EDGE('',*,*,#5058,.F.);
#2038=ORIENTED_EDGE('',*,*,#5059,.F.);
#2039=CARTESIAN_POINT('',(4.06,3.0,0.5));
#2040=DIRECTION('',(-0.707106781186548,0.0,-0.707106781186548));
#2041=DIRECTION('',(-0.707106781186548,0.0,0.707106781186548));
#2042=ORIENTED_EDGE('',*,*,#5060,.T.);
#2043=ORIENTED_EDGE('',*,*,#5061,.T.);
#2044=ORIENTED_EDGE('',*,*,#4973,.F.);
#2045=ORIENTED_EDGE('',*,*,#5062,.T.);
#2046=ORIENTED_EDGE('',*,*,#5063,.T.);
#2047=ORIENTED_EDGE('',*,*,#5064,.T.);
#2048=ORIENTED_EDGE('',*,*,#5065,.F.);
#2049=ORIENTED_EDGE('',*,*,#5066,.T.);
#2050=ORIENTED_EDGE('',*,*,#5067,.T.);
#2051=ORIENTED_EDGE('',*,*,#5068,.T.);
#2052=ORIENTED_EDGE('',*,*,#5069,.T.);
#2053=ORIENTED_EDGE('',*,*,#5070,.T.);
#2054=ORIENTED_EDGE('',*,*,#5071,.T.);
#2055=ORIENTED_EDGE('',*,*,#5027,.T.);
#2056=ORIENTED_EDGE('',*,*,#5059,.T.);
#2057=CARTESIAN_POINT('',(-5.5,0.0,0.61));
#2058=DIRECTION('',(0.0,0.0,-1.0));
#2059=DIRECTION('',(0.0,-1.0,0.0));
#2060=ORIENTED_EDGE('',*,*,#5038,.T.);
#2061=ORIENTED_EDGE('',*,*,#5072,.T.);
#2062=ORIENTED_EDGE('',*,*,#5073,.T.);
#2063=ORIENTED_EDGE('',*,*,#5074,.T.);
#2064=ORIENTED_EDGE('',*,*,#5075,.F.);
#2065=ORIENTED_EDGE('',*,*,#5076,.T.);
#2066=ORIENTED_EDGE('',*,*,#5077,.T.);
#2067=ORIENTED_EDGE('',*,*,#5078,.T.);
#2068=ORIENTED_EDGE('',*,*,#5079,.T.);
#2069=ORIENTED_EDGE('',*,*,#5080,.T.);
#2070=ORIENTED_EDGE('',*,*,#5081,.T.);
#2071=ORIENTED_EDGE('',*,*,#4937,.F.);
#2072=ORIENTED_EDGE('',*,*,#5082,.T.);
#2073=ORIENTED_EDGE('',*,*,#5083,.T.);
#2074=ORIENTED_EDGE('',*,*,#5084,.F.);
#2075=CARTESIAN_POINT('',(-5.5,0.0,0.61));
#2076=DIRECTION('',(0.0,0.0,-1.0));
#2077=DIRECTION('',(0.0,-1.0,0.0));
#2078=ORIENTED_EDGE('',*,*,#5028,.T.);
#2079=ORIENTED_EDGE('',*,*,#5071,.F.);
#2080=ORIENTED_EDGE('',*,*,#5085,.F.);
#2081=ORIENTED_EDGE('',*,*,#4992,.T.);
#2082=CARTESIAN_POINT('',(3.696,2.6,1.39));
#2083=DIRECTION('',(-0.0,0.0,1.0));
#2084=DIRECTION('',(1.0,0.0,0.0));
#2085=ORIENTED_EDGE('',*,*,#5085,.T.);
#2086=ORIENTED_EDGE('',*,*,#5070,.F.);
#2087=ORIENTED_EDGE('',*,*,#5086,.F.);
#2088=ORIENTED_EDGE('',*,*,#4993,.T.);
#2089=CARTESIAN_POINT('',(3.296,2.4,1.39));
#2090=DIRECTION('',(-1.0,0.0,0.0));
#2091=DIRECTION('',(0.0,0.0,1.0));
#2092=ORIENTED_EDGE('',*,*,#4994,.T.);
#2093=ORIENTED_EDGE('',*,*,#5086,.T.);
#2094=ORIENTED_EDGE('',*,*,#5069,.F.);
#2095=ORIENTED_EDGE('',*,*,#5087,.F.);
#2096=CARTESIAN_POINT('',(3.25,2.4,1.39));
#2097=DIRECTION('',(-0.0,1.0,0.0));
#2098=DIRECTION('',(1.0,0.0,0.0));
#2099=ORIENTED_EDGE('',*,*,#5088,.T.);
#2100=ORIENTED_EDGE('',*,*,#5089,.T.);
#2101=ORIENTED_EDGE('',*,*,#5090,.F.);
#2102=ORIENTED_EDGE('',*,*,#5091,.F.);
#2103=ORIENTED_EDGE('',*,*,#5087,.T.);
#2104=ORIENTED_EDGE('',*,*,#5068,.F.);
#2105=ORIENTED_EDGE('',*,*,#5092,.F.);
#2106=ORIENTED_EDGE('',*,*,#4995,.T.);
#2107=CARTESIAN_POINT('',(3.25,3.0,0.6));
#2108=DIRECTION('',(-1.0,0.0,0.0));
#2109=DIRECTION('',(0.0,0.0,1.0));
#2110=ORIENTED_EDGE('',*,*,#5093,.F.);
#2111=ORIENTED_EDGE('',*,*,#5094,.T.);
#2112=ORIENTED_EDGE('',*,*,#5091,.T.);
#2113=ORIENTED_EDGE('',*,*,#5095,.F.);
#2114=ORIENTED_EDGE('',*,*,#5096,.F.);
#2115=ORIENTED_EDGE('',*,*,#4971,.F.);
#2116=CARTESIAN_POINT('',(3.7,3.0,0.6));
#2117=DIRECTION('',(0.0,0.0,-1.0));
#2118=DIRECTION('',(0.0,-1.0,0.0));
#2119=ORIENTED_EDGE('',*,*,#5097,.T.);
#2120=ORIENTED_EDGE('',*,*,#5062,.F.);
#2121=ORIENTED_EDGE('',*,*,#4972,.T.);
#2122=ORIENTED_EDGE('',*,*,#5096,.T.);
#2123=ORIENTED_EDGE('',*,*,#5098,.F.);
#2124=ORIENTED_EDGE('',*,*,#5099,.F.);
#2125=ORIENTED_EDGE('',*,*,#4976,.T.);
#2126=ORIENTED_EDGE('',*,*,#5001,.F.);
#2127=CARTESIAN_POINT('',(3.55,2.7,1.4));
#2128=DIRECTION('',(1.0,0.0,0.0));
#2129=DIRECTION('',(0.0,1.0,0.0));
#2130=ORIENTED_EDGE('',*,*,#5100,.T.);
#2131=ORIENTED_EDGE('',*,*,#5101,.T.);
#2132=ORIENTED_EDGE('',*,*,#4977,.F.);
#2133=ORIENTED_EDGE('',*,*,#5099,.T.);
#2134=ORIENTED_EDGE('',*,*,#5102,.F.);
#2135=ORIENTED_EDGE('',*,*,#5089,.F.);
#2136=CARTESIAN_POINT('',(3.25,3.0,1.4));
#2137=DIRECTION('',(0.0,0.0,1.0));
#2138=DIRECTION('',(1.0,0.0,0.0));
#2139=ORIENTED_EDGE('',*,*,#5103,.T.);
#2140=ORIENTED_EDGE('',*,*,#5104,.T.);
#2141=ORIENTED_EDGE('',*,*,#5105,.T.);
#2142=ORIENTED_EDGE('',*,*,#5106,.T.);
#2143=ORIENTED_EDGE('',*,*,#5107,.T.);
#2144=ORIENTED_EDGE('',*,*,#5078,.F.);
#2145=ORIENTED_EDGE('',*,*,#5108,.F.);
#2146=ORIENTED_EDGE('',*,*,#5010,.T.);
#2147=CARTESIAN_POINT('',(-5.5,0.575,0.0));
#2148=DIRECTION('',(-0.0,1.0,0.0));
#2149=DIRECTION('',(1.0,0.0,0.0));
#2150=ORIENTED_EDGE('',*,*,#5090,.T.);
#2151=ORIENTED_EDGE('',*,*,#5102,.T.);
#2152=ORIENTED_EDGE('',*,*,#5098,.T.);
#2153=ORIENTED_EDGE('',*,*,#5095,.T.);
#2154=ORIENTED_EDGE('',*,*,#5109,.T.);
#2155=ORIENTED_EDGE('',*,*,#5065,.T.);
#2156=ORIENTED_EDGE('',*,*,#5110,.F.);
#2157=ORIENTED_EDGE('',*,*,#4998,.F.);
#2158=CARTESIAN_POINT('',(-5.5,0.575,0.0));
#2159=DIRECTION('',(-0.0,1.0,0.0));
#2160=DIRECTION('',(1.0,0.0,0.0));
#2161=ORIENTED_EDGE('',*,*,#4989,.T.);
#2162=ORIENTED_EDGE('',*,*,#5111,.T.);
#2163=ORIENTED_EDGE('',*,*,#5106,.F.);
#2164=ORIENTED_EDGE('',*,*,#5112,.F.);
#2165=ORIENTED_EDGE('',*,*,#4938,.T.);
#2166=ORIENTED_EDGE('',*,*,#5081,.F.);
#2167=ORIENTED_EDGE('',*,*,#5113,.F.);
#2168=ORIENTED_EDGE('',*,*,#5007,.F.);
#2169=CARTESIAN_POINT('',(-3.55,2.7,0.6));
#2170=DIRECTION('',(-1.0,0.0,0.0));
#2171=DIRECTION('',(0.0,0.0,1.0));
#2172=ORIENTED_EDGE('',*,*,#5006,.T.);
#2173=ORIENTED_EDGE('',*,*,#5114,.T.);
#2174=ORIENTED_EDGE('',*,*,#5082,.F.);
#2175=ORIENTED_EDGE('',*,*,#4936,.F.);
#2176=CARTESIAN_POINT('',(-3.696,2.6,1.39));
#2177=DIRECTION('',(-0.0,0.0,1.0));
#2178=DIRECTION('',(1.0,0.0,0.0));
#2179=ORIENTED_EDGE('',*,*,#5080,.F.);
#2180=ORIENTED_EDGE('',*,*,#5115,.F.);
#2181=ORIENTED_EDGE('',*,*,#5008,.T.);
#2182=ORIENTED_EDGE('',*,*,#5113,.T.);
#2183=CARTESIAN_POINT('',(-3.696,2.6,1.39));
#2184=DIRECTION('',(-0.0,0.0,1.0));
#2185=DIRECTION('',(1.0,0.0,0.0));
#2186=ORIENTED_EDGE('',*,*,#5083,.F.);
#2187=ORIENTED_EDGE('',*,*,#5114,.F.);
#2188=ORIENTED_EDGE('',*,*,#5005,.T.);
#2189=ORIENTED_EDGE('',*,*,#5116,.T.);
#2190=CARTESIAN_POINT('',(-3.696,2.75,1.39));
#2191=DIRECTION('',(0.0,-1.0,0.0));
#2192=DIRECTION('',(0.0,0.0,-1.0));
#2193=ORIENTED_EDGE('',*,*,#5117,.T.);
#2194=ORIENTED_EDGE('',*,*,#5118,.T.);
#2195=ORIENTED_EDGE('',*,*,#5119,.F.);
#2196=ORIENTED_EDGE('',*,*,#5116,.F.);
#2197=CARTESIAN_POINT('',(-3.95,3.0,1.39));
#2198=DIRECTION('',(1.0,0.0,0.0));
#2199=DIRECTION('',(0.0,1.0,0.0));
#2200=ORIENTED_EDGE('',*,*,#5119,.T.);
#2201=ORIENTED_EDGE('',*,*,#5120,.T.);
#2202=ORIENTED_EDGE('',*,*,#5121,.F.);
#2203=ORIENTED_EDGE('',*,*,#5039,.F.);
#2204=ORIENTED_EDGE('',*,*,#5084,.T.);
#2205=CARTESIAN_POINT('',(-3.95,3.0,0.61));
#2206=DIRECTION('',(0.707106781186548,0.0,-0.707106781186548));
#2207=DIRECTION('',(0.0,-1.0,0.0));
#2208=ORIENTED_EDGE('',*,*,#5121,.T.);
#2209=ORIENTED_EDGE('',*,*,#5122,.T.);
#2210=ORIENTED_EDGE('',*,*,#5123,.F.);
#2211=ORIENTED_EDGE('',*,*,#5040,.F.);
#2212=CARTESIAN_POINT('',(-4.06,3.0,0.5));
#2213=DIRECTION('',(0.0,0.0,-1.0));
#2214=DIRECTION('',(0.0,-1.0,0.0));
#2215=ORIENTED_EDGE('',*,*,#5123,.T.);
#2216=ORIENTED_EDGE('',*,*,#5124,.T.);
#2217=ORIENTED_EDGE('',*,*,#5125,.F.);
#2218=ORIENTED_EDGE('',*,*,#5041,.F.);
#2219=CARTESIAN_POINT('',(-4.85,3.0,0.5));
#2220=DIRECTION('',(0.707106781186548,0.0,-0.707106781186548));
#2221=DIRECTION('',(0.0,-1.0,0.0));
#2222=ORIENTED_EDGE('',*,*,#5042,.F.);
#2223=ORIENTED_EDGE('',*,*,#5125,.T.);
#2224=ORIENTED_EDGE('',*,*,#5126,.T.);
#2225=ORIENTED_EDGE('',*,*,#5127,.T.);
#2226=ORIENTED_EDGE('',*,*,#5128,.F.);
#2227=ORIENTED_EDGE('',*,*,#5129,.F.);
#2228=ORIENTED_EDGE('',*,*,#5130,.F.);
#2229=ORIENTED_EDGE('',*,*,#5131,.T.);
#2230=CARTESIAN_POINT('',(-5.35,3.0,0.0));
#2231=DIRECTION('',(0.0,0.0,-1.0));
#2232=DIRECTION('',(0.0,-1.0,0.0));
#2233=ORIENTED_EDGE('',*,*,#5043,.F.);
#2234=ORIENTED_EDGE('',*,*,#5131,.F.);
#2235=ORIENTED_EDGE('',*,*,#5132,.T.);
#2236=ORIENTED_EDGE('',*,*,#5133,.F.);
#2237=CARTESIAN_POINT('',(-5.75,2.6,-10.21268));
#2238=DIRECTION('',(0.0,0.0,-1.0));
#2239=DIRECTION('',(0.0,1.0,0.0));
#2240=ORIENTED_EDGE('',*,*,#5134,.F.);
#2241=ORIENTED_EDGE('',*,*,#5135,.T.);
#2242=ORIENTED_EDGE('',*,*,#5136,.F.);
#2243=ORIENTED_EDGE('',*,*,#5137,.T.);
#2244=ORIENTED_EDGE('',*,*,#5138,.T.);
#2245=ORIENTED_EDGE('',*,*,#5139,.F.);
#2246=ORIENTED_EDGE('',*,*,#5033,.F.);
#2247=ORIENTED_EDGE('',*,*,#5133,.T.);
#2248=CARTESIAN_POINT('',(-6.15,3.0,2.0));
#2249=DIRECTION('',(0.0,0.0,1.0));
#2250=DIRECTION('',(1.0,0.0,0.0));
#2251=ORIENTED_EDGE('',*,*,#5139,.T.);
#2252=ORIENTED_EDGE('',*,*,#5140,.T.);
#2253=ORIENTED_EDGE('',*,*,#5141,.F.);
#2254=ORIENTED_EDGE('',*,*,#5034,.F.);
#2255=CARTESIAN_POINT('',(-5.35,3.0,2.0));
#2256=DIRECTION('',(0.707106781186548,0.0,0.707106781186548));
#2257=DIRECTION('',(0.0,-1.0,0.0));
#2258=ORIENTED_EDGE('',*,*,#5141,.T.);
#2259=ORIENTED_EDGE('',*,*,#5142,.T.);
#2260=ORIENTED_EDGE('',*,*,#5143,.F.);
#2261=ORIENTED_EDGE('',*,*,#5035,.F.);
#2262=CARTESIAN_POINT('',(-4.85,3.0,1.5));
#2263=DIRECTION('',(0.0,0.0,1.0));
#2264=DIRECTION('',(1.0,0.0,0.0));
#2265=ORIENTED_EDGE('',*,*,#5036,.F.);
#2266=ORIENTED_EDGE('',*,*,#5143,.T.);
#2267=ORIENTED_EDGE('',*,*,#5144,.T.);
#2268=ORIENTED_EDGE('',*,*,#5117,.F.);
#2269=ORIENTED_EDGE('',*,*,#5018,.F.);
#2270=CARTESIAN_POINT('',(-4.06,3.0,1.5));
#2271=DIRECTION('',(0.707106781186548,0.0,0.707106781186548));
#2272=DIRECTION('',(0.0,-1.0,0.0));
#2273=ORIENTED_EDGE('',*,*,#5145,.F.);
#2274=ORIENTED_EDGE('',*,*,#5146,.F.);
#2275=ORIENTED_EDGE('',*,*,#5020,.F.);
#2276=ORIENTED_EDGE('',*,*,#5147,.F.);
#2277=ORIENTED_EDGE('',*,*,#5057,.F.);
#2278=ORIENTED_EDGE('',*,*,#5055,.F.);
#2279=ORIENTED_EDGE('',*,*,#5053,.F.);
#2280=ORIENTED_EDGE('',*,*,#5051,.F.);
#2281=ORIENTED_EDGE('',*,*,#5148,.F.);
#2282=ORIENTED_EDGE('',*,*,#5149,.F.);
#2283=CARTESIAN_POINT('',(-5.5,2.746,1.39));
#2284=DIRECTION('',(-0.0,1.0,0.0));
#2285=DIRECTION('',(1.0,0.0,0.0));
#2286=ORIENTED_EDGE('',*,*,#5124,.F.);
#2287=ORIENTED_EDGE('',*,*,#5122,.F.);
#2288=ORIENTED_EDGE('',*,*,#5120,.F.);
#2289=ORIENTED_EDGE('',*,*,#5118,.F.);
#2290=ORIENTED_EDGE('',*,*,#5144,.F.);
#2291=ORIENTED_EDGE('',*,*,#5142,.F.);
#2292=ORIENTED_EDGE('',*,*,#5140,.F.);
#2293=ORIENTED_EDGE('',*,*,#5138,.F.);
#2294=ORIENTED_EDGE('',*,*,#5150,.F.);
#2295=ORIENTED_EDGE('',*,*,#5126,.F.);
#2296=CARTESIAN_POINT('',(-5.5,2.746,1.39));
#2297=DIRECTION('',(-0.0,1.0,0.0));
#2298=DIRECTION('',(1.0,0.0,0.0));
#2299=ORIENTED_EDGE('',*,*,#5031,.F.);
#2300=ORIENTED_EDGE('',*,*,#5151,.T.);
#2301=ORIENTED_EDGE('',*,*,#5149,.T.);
#2302=ORIENTED_EDGE('',*,*,#5152,.T.);
#2303=ORIENTED_EDGE('',*,*,#5153,.T.);
#2304=ORIENTED_EDGE('',*,*,#5154,.F.);
#2305=ORIENTED_EDGE('',*,*,#5155,.F.);
#2306=ORIENTED_EDGE('',*,*,#5044,.T.);
#2307=CARTESIAN_POINT('',(5.35,3.0,2.0));
#2308=DIRECTION('',(0.0,0.0,1.0));
#2309=DIRECTION('',(1.0,0.0,0.0));
#2310=ORIENTED_EDGE('',*,*,#5155,.T.);
#2311=ORIENTED_EDGE('',*,*,#5156,.T.);
#2312=ORIENTED_EDGE('',*,*,#5157,.T.);
#2313=ORIENTED_EDGE('',*,*,#5158,.T.);
#2314=ORIENTED_EDGE('',*,*,#5047,.T.);
#2315=ORIENTED_EDGE('',*,*,#5045,.F.);
#2316=CARTESIAN_POINT('',(6.15,3.0,2.0));
#2317=DIRECTION('',(1.0,0.0,0.0));
#2318=DIRECTION('',(0.0,1.0,0.0));
#2319=ORIENTED_EDGE('',*,*,#5159,.T.);
#2320=ORIENTED_EDGE('',*,*,#5160,.T.);
#2321=ORIENTED_EDGE('',*,*,#5048,.F.);
#2322=ORIENTED_EDGE('',*,*,#5158,.F.);
#2323=CARTESIAN_POINT('',(6.15,1.0,0.2));
#2324=DIRECTION('',(0.0,-0.707106781186548,-0.707106781186548));
#2325=DIRECTION('',(0.0,-0.707106781186548,0.707106781186548));
#2326=ORIENTED_EDGE('',*,*,#5161,.T.);
#2327=ORIENTED_EDGE('',*,*,#5049,.F.);
#2328=ORIENTED_EDGE('',*,*,#5160,.F.);
#2329=ORIENTED_EDGE('',*,*,#5162,.F.);
#2330=ORIENTED_EDGE('',*,*,#5163,.F.);
#2331=ORIENTED_EDGE('',*,*,#5153,.F.);
#2332=CARTESIAN_POINT('',(5.896,3.0,1.39));
#2333=DIRECTION('',(1.0,0.0,0.0));
#2334=DIRECTION('',(0.0,1.0,0.0));
#2335=ORIENTED_EDGE('',*,*,#5154,.T.);
#2336=ORIENTED_EDGE('',*,*,#5163,.T.);
#2337=ORIENTED_EDGE('',*,*,#5164,.F.);
#2338=ORIENTED_EDGE('',*,*,#5156,.F.);
#2339=CARTESIAN_POINT('',(6.15,1.2,2.0));
#2340=DIRECTION('',(0.0,-0.707106781186548,0.707106781186548));
#2341=DIRECTION('',(-1.0,0.0,0.0));
#2342=ORIENTED_EDGE('',*,*,#5164,.T.);
#2343=ORIENTED_EDGE('',*,*,#5162,.T.);
#2344=ORIENTED_EDGE('',*,*,#5159,.F.);
#2345=ORIENTED_EDGE('',*,*,#5157,.F.);
#2346=CARTESIAN_POINT('',(6.15,1.0,1.8));
#2347=DIRECTION('',(0.0,-1.0,0.0));
#2348=DIRECTION('',(0.0,0.0,-1.0));
#2349=ORIENTED_EDGE('',*,*,#5050,.F.);
#2350=ORIENTED_EDGE('',*,*,#5161,.F.);
#2351=ORIENTED_EDGE('',*,*,#5152,.F.);
#2352=ORIENTED_EDGE('',*,*,#5148,.T.);
#2353=CARTESIAN_POINT('',(5.746,2.596,12.51268));
#2354=DIRECTION('',(-0.0,0.0,1.0));
#2355=DIRECTION('',(0.0,1.0,0.0));
#2356=ORIENTED_EDGE('',*,*,#5165,.T.);
#2357=ORIENTED_EDGE('',*,*,#5145,.T.);
#2358=ORIENTED_EDGE('',*,*,#5151,.F.);
#2359=ORIENTED_EDGE('',*,*,#5030,.F.);
#2360=CARTESIAN_POINT('',(4.85,3.0,1.5));
#2361=DIRECTION('',(-0.707106781186548,0.0,0.707106781186548));
#2362=DIRECTION('',(0.0,1.0,0.0));
#2363=ORIENTED_EDGE('',*,*,#5021,.T.);
#2364=ORIENTED_EDGE('',*,*,#5146,.T.);
#2365=ORIENTED_EDGE('',*,*,#5165,.F.);
#2366=ORIENTED_EDGE('',*,*,#5029,.F.);
#2367=CARTESIAN_POINT('',(4.06,3.0,1.5));
#2368=DIRECTION('',(0.0,0.0,1.0));
#2369=DIRECTION('',(1.0,0.0,0.0));
#2370=ORIENTED_EDGE('',*,*,#5058,.T.);
#2371=ORIENTED_EDGE('',*,*,#5147,.T.);
#2372=ORIENTED_EDGE('',*,*,#5019,.F.);
#2373=ORIENTED_EDGE('',*,*,#5166,.T.);
#2374=CARTESIAN_POINT('',(3.95,3.0,0.61));
#2375=DIRECTION('',(-1.0,0.0,0.0));
#2376=DIRECTION('',(0.0,0.0,1.0));
#2377=ORIENTED_EDGE('',*,*,#5167,.T.);
#2378=ORIENTED_EDGE('',*,*,#5060,.F.);
#2379=ORIENTED_EDGE('',*,*,#5166,.F.);
#2380=ORIENTED_EDGE('',*,*,#5003,.T.);
#2381=CARTESIAN_POINT('',(3.95,2.75,1.39));
#2382=DIRECTION('',(0.0,-1.0,0.0));
#2383=DIRECTION('',(0.0,0.0,-1.0));
#2384=ORIENTED_EDGE('',*,*,#5061,.F.);
#2385=ORIENTED_EDGE('',*,*,#5167,.F.);
#2386=ORIENTED_EDGE('',*,*,#5002,.T.);
#2387=ORIENTED_EDGE('',*,*,#4974,.T.);
#2388=CARTESIAN_POINT('',(3.696,2.6,1.39));
#2389=DIRECTION('',(-0.0,0.0,1.0));
#2390=DIRECTION('',(1.0,0.0,0.0));
#2391=ORIENTED_EDGE('',*,*,#5000,.T.);
#2392=ORIENTED_EDGE('',*,*,#5168,.T.);
#2393=ORIENTED_EDGE('',*,*,#5063,.F.);
#2394=ORIENTED_EDGE('',*,*,#5097,.F.);
#2395=CARTESIAN_POINT('',(3.696,2.6,1.39));
#2396=DIRECTION('',(-0.0,0.0,1.0));
#2397=DIRECTION('',(1.0,0.0,0.0));
#2398=ORIENTED_EDGE('',*,*,#5064,.F.);
#2399=ORIENTED_EDGE('',*,*,#5168,.F.);
#2400=ORIENTED_EDGE('',*,*,#4999,.T.);
#2401=ORIENTED_EDGE('',*,*,#5110,.T.);
#2402=CARTESIAN_POINT('',(3.546,2.6,1.39));
#2403=DIRECTION('',(1.0,0.0,0.0));
#2404=DIRECTION('',(0.0,1.0,0.0));
#2405=ORIENTED_EDGE('',*,*,#5137,.F.);
#2406=ORIENTED_EDGE('',*,*,#5169,.F.);
#2407=ORIENTED_EDGE('',*,*,#5127,.F.);
#2408=ORIENTED_EDGE('',*,*,#5150,.T.);
#2409=CARTESIAN_POINT('',(-5.746,2.596,-10.21268));
#2410=DIRECTION('',(0.0,0.0,-1.0));
#2411=DIRECTION('',(0.0,1.0,0.0));
#2412=ORIENTED_EDGE('',*,*,#5170,.T.);
#2413=ORIENTED_EDGE('',*,*,#5171,.T.);
#2414=ORIENTED_EDGE('',*,*,#5172,.T.);
#2415=ORIENTED_EDGE('',*,*,#5128,.T.);
#2416=ORIENTED_EDGE('',*,*,#5169,.T.);
#2417=ORIENTED_EDGE('',*,*,#5136,.T.);
#2418=CARTESIAN_POINT('',(-5.896,3.0,1.39));
#2419=DIRECTION('',(1.0,0.0,0.0));
#2420=DIRECTION('',(0.0,1.0,0.0));
#2421=ORIENTED_EDGE('',*,*,#5129,.T.);
#2422=ORIENTED_EDGE('',*,*,#5172,.F.);
#2423=ORIENTED_EDGE('',*,*,#5173,.F.);
#2424=ORIENTED_EDGE('',*,*,#5174,.T.);
#2425=CARTESIAN_POINT('',(-6.15,1.0,0.2));
#2426=DIRECTION('',(0.0,0.707106781186548,0.707106781186548));
#2427=DIRECTION('',(1.0,0.0,-0.0));
#2428=ORIENTED_EDGE('',*,*,#5130,.T.);
#2429=ORIENTED_EDGE('',*,*,#5174,.F.);
#2430=ORIENTED_EDGE('',*,*,#5175,.F.);
#2431=ORIENTED_EDGE('',*,*,#5176,.F.);
#2432=ORIENTED_EDGE('',*,*,#5134,.T.);
#2433=ORIENTED_EDGE('',*,*,#5132,.F.);
#2434=CARTESIAN_POINT('',(-6.15,3.0,0.0));
#2435=DIRECTION('',(-1.0,0.0,0.0));
#2436=DIRECTION('',(0.0,0.0,1.0));
#2437=ORIENTED_EDGE('',*,*,#5177,.T.);
#2438=ORIENTED_EDGE('',*,*,#5170,.F.);
#2439=ORIENTED_EDGE('',*,*,#5135,.F.);
#2440=ORIENTED_EDGE('',*,*,#5176,.T.);
#2441=CARTESIAN_POINT('',(-6.15,1.2,2.0));
#2442=DIRECTION('',(0.0,0.707106781186548,-0.707106781186548));
#2443=DIRECTION('',(-1.0,0.0,0.0));
#2444=ORIENTED_EDGE('',*,*,#5173,.T.);
#2445=ORIENTED_EDGE('',*,*,#5171,.F.);
#2446=ORIENTED_EDGE('',*,*,#5177,.F.);
#2447=ORIENTED_EDGE('',*,*,#5175,.T.);
#2448=CARTESIAN_POINT('',(-6.15,1.0,1.8));
#2449=DIRECTION('',(-0.0,1.0,0.0));
#2450=DIRECTION('',(1.0,0.0,0.0));
#2451=ORIENTED_EDGE('',*,*,#5009,.T.);
#2452=ORIENTED_EDGE('',*,*,#5115,.T.);
#2453=ORIENTED_EDGE('',*,*,#5079,.F.);
#2454=ORIENTED_EDGE('',*,*,#5107,.F.);
#2455=CARTESIAN_POINT('',(-3.546,0.38,1.39));
#2456=DIRECTION('',(-1.0,0.0,0.0));
#2457=DIRECTION('',(0.0,0.0,1.0));
#2458=ORIENTED_EDGE('',*,*,#5178,.T.);
#2459=ORIENTED_EDGE('',*,*,#5179,.T.);
#2460=ORIENTED_EDGE('',*,*,#4939,.F.);
#2461=ORIENTED_EDGE('',*,*,#5112,.T.);
#2462=ORIENTED_EDGE('',*,*,#5105,.F.);
#2463=ORIENTED_EDGE('',*,*,#5180,.F.);
#2464=CARTESIAN_POINT('',(-3.25,3.0,0.6));
#2465=DIRECTION('',(0.0,0.0,-1.0));
#2466=DIRECTION('',(0.0,-1.0,0.0));
#2467=ORIENTED_EDGE('',*,*,#5181,.T.);
#2468=ORIENTED_EDGE('',*,*,#5180,.T.);
#2469=ORIENTED_EDGE('',*,*,#5104,.F.);
#2470=ORIENTED_EDGE('',*,*,#5182,.F.);
#2471=ORIENTED_EDGE('',*,*,#5183,.T.);
#2472=ORIENTED_EDGE('',*,*,#5075,.T.);
#2473=ORIENTED_EDGE('',*,*,#5184,.F.);
#2474=ORIENTED_EDGE('',*,*,#5013,.F.);
#2475=CARTESIAN_POINT('',(-3.25,3.0,1.4));
#2476=DIRECTION('',(1.0,0.0,0.0));
#2477=DIRECTION('',(0.0,1.0,0.0));
#2478=ORIENTED_EDGE('',*,*,#5185,.F.);
#2479=ORIENTED_EDGE('',*,*,#5186,.T.);
#2480=ORIENTED_EDGE('',*,*,#5182,.T.);
#2481=ORIENTED_EDGE('',*,*,#5103,.F.);
#2482=ORIENTED_EDGE('',*,*,#5111,.F.);
#2483=ORIENTED_EDGE('',*,*,#4988,.F.);
#2484=CARTESIAN_POINT('',(-3.7,3.0,1.4));
#2485=DIRECTION('',(0.0,0.0,1.0));
#2486=DIRECTION('',(1.0,0.0,0.0));
#2487=ORIENTED_EDGE('',*,*,#5187,.F.);
#2488=ORIENTED_EDGE('',*,*,#5188,.T.);
#2489=ORIENTED_EDGE('',*,*,#5189,.T.);
#2490=ORIENTED_EDGE('',*,*,#5190,.F.);
#2491=ORIENTED_EDGE('',*,*,#5191,.F.);
#2492=ORIENTED_EDGE('',*,*,#5100,.F.);
#2493=ORIENTED_EDGE('',*,*,#5088,.F.);
#2494=ORIENTED_EDGE('',*,*,#5094,.F.);
#2495=ORIENTED_EDGE('',*,*,#5192,.F.);
#2496=ORIENTED_EDGE('',*,*,#5193,.F.);
#2497=ORIENTED_EDGE('',*,*,#5194,.F.);
#2498=ORIENTED_EDGE('',*,*,#5195,.F.);
#2499=ORIENTED_EDGE('',*,*,#5196,.T.);
#2500=ORIENTED_EDGE('',*,*,#5197,.F.);
#2501=ORIENTED_EDGE('',*,*,#5198,.F.);
#2502=ORIENTED_EDGE('',*,*,#5178,.F.);
#2503=ORIENTED_EDGE('',*,*,#5181,.F.);
#2504=ORIENTED_EDGE('',*,*,#5186,.F.);
#2505=ORIENTED_EDGE('',*,*,#5199,.F.);
#2506=ORIENTED_EDGE('',*,*,#5200,.F.);
#2507=ORIENTED_EDGE('',*,*,#5201,.T.);
#2508=ORIENTED_EDGE('',*,*,#5202,.T.);
#2509=ORIENTED_EDGE('',*,*,#5203,.T.);
#2510=ORIENTED_EDGE('',*,*,#5204,.T.);
#2511=ORIENTED_EDGE('',*,*,#5205,.T.);
#2512=ORIENTED_EDGE('',*,*,#5206,.T.);
#2513=CARTESIAN_POINT('',(-5.5,3.0,0.15));
#2514=DIRECTION('',(-0.0,1.0,0.0));
#2515=DIRECTION('',(1.0,0.0,0.0));
#2516=ORIENTED_EDGE('',*,*,#5207,.F.);
#2517=ORIENTED_EDGE('',*,*,#5206,.F.);
#2518=ORIENTED_EDGE('',*,*,#5208,.T.);
#2519=ORIENTED_EDGE('',*,*,#5209,.F.);
#2520=CARTESIAN_POINT('',(3.25,2.58708348754,5.25));
#2521=DIRECTION('',(0.707106781186548,0.0,0.707106781186548));
#2522=DIRECTION('',(0.0,-1.0,0.0));
#2523=ORIENTED_EDGE('',*,*,#5210,.F.);
#2524=ORIENTED_EDGE('',*,*,#5211,.T.);
#2525=ORIENTED_EDGE('',*,*,#5212,.T.);
#2526=ORIENTED_EDGE('',*,*,#5213,.T.);
#2527=ORIENTED_EDGE('',*,*,#5214,.F.);
#2528=ORIENTED_EDGE('',*,*,#5209,.T.);
#2529=CARTESIAN_POINT('',(-3.4,2.17416697508,5.4));
#2530=DIRECTION('',(0.0,-0.965925826289076,0.258819045102493));
#2531=DIRECTION('',(-1.0,0.0,0.0));
#2532=ORIENTED_EDGE('',*,*,#5214,.T.);
#2533=ORIENTED_EDGE('',*,*,#5215,.T.);
#2534=ORIENTED_EDGE('',*,*,#5216,.F.);
#2535=ORIENTED_EDGE('',*,*,#5187,.T.);
#2536=ORIENTED_EDGE('',*,*,#5207,.T.);
#2537=CARTESIAN_POINT('',(3.4,0.0,0.0));
#2538=DIRECTION('',(1.0,0.0,0.0));
#2539=DIRECTION('',(0.0,1.0,0.0));
#2540=ORIENTED_EDGE('',*,*,#5217,.F.);
#2541=ORIENTED_EDGE('',*,*,#5218,.T.);
#2542=ORIENTED_EDGE('',*,*,#5219,.T.);
#2543=ORIENTED_EDGE('',*,*,#5220,.F.);
#2544=CARTESIAN_POINT('',(-5.5,3.0,4.3));
#2545=DIRECTION('',(0.0,0.0,1.0));
#2546=DIRECTION('',(1.0,0.0,0.0));
#2547=ORIENTED_EDGE('',*,*,#5202,.F.);
#2548=ORIENTED_EDGE('',*,*,#5221,.T.);
#2549=ORIENTED_EDGE('',*,*,#5222,.T.);
#2550=ORIENTED_EDGE('',*,*,#5223,.T.);
#2551=ORIENTED_EDGE('',*,*,#5224,.T.);
#2552=ORIENTED_EDGE('',*,*,#5225,.F.);
#2553=ORIENTED_EDGE('',*,*,#5226,.F.);
#2554=ORIENTED_EDGE('',*,*,#5227,.T.);
#2555=ORIENTED_EDGE('',*,*,#5228,.T.);
#2556=ORIENTED_EDGE('',*,*,#5229,.T.);
#2557=ORIENTED_EDGE('',*,*,#5230,.T.);
#2558=ORIENTED_EDGE('',*,*,#5231,.F.);
#2559=ORIENTED_EDGE('',*,*,#5188,.F.);
#2560=ORIENTED_EDGE('',*,*,#5216,.T.);
#2561=ORIENTED_EDGE('',*,*,#5232,.F.);
#2562=ORIENTED_EDGE('',*,*,#5233,.F.);
#2563=CARTESIAN_POINT('',(-5.5,3.0,4.3));
#2564=DIRECTION('',(0.0,0.0,1.0));
#2565=DIRECTION('',(1.0,0.0,0.0));
#2566=ORIENTED_EDGE('',*,*,#5234,.F.);
#2567=ORIENTED_EDGE('',*,*,#5235,.T.);
#2568=ORIENTED_EDGE('',*,*,#5236,.T.);
#2569=ORIENTED_EDGE('',*,*,#5237,.F.);
#2570=ORIENTED_EDGE('',*,*,#5238,.F.);
#2571=ORIENTED_EDGE('',*,*,#5220,.T.);
#2572=ORIENTED_EDGE('',*,*,#5239,.T.);
#2573=ORIENTED_EDGE('',*,*,#5240,.T.);
#2574=ORIENTED_EDGE('',*,*,#5241,.T.);
#2575=CARTESIAN_POINT('',(6.5,0.1,4.3));
#2576=DIRECTION('',(0.0,-1.0,0.0));
#2577=DIRECTION('',(0.0,0.0,-1.0));
#2578=ORIENTED_EDGE('',*,*,#5242,.F.);
#2579=ORIENTED_EDGE('',*,*,#5243,.F.);
#2580=ORIENTED_EDGE('',*,*,#5244,.T.);
#2581=ORIENTED_EDGE('',*,*,#5245,.T.);
#2582=ORIENTED_EDGE('',*,*,#5246,.F.);
#2583=ORIENTED_EDGE('',*,*,#5247,.F.);
#2584=ORIENTED_EDGE('',*,*,#5248,.T.);
#2585=ORIENTED_EDGE('',*,*,#5234,.T.);
#2586=ORIENTED_EDGE('',*,*,#5249,.F.);
#2587=ORIENTED_EDGE('',*,*,#5250,.T.);
#2588=ORIENTED_EDGE('',*,*,#5251,.T.);
#2589=ORIENTED_EDGE('',*,*,#5238,.T.);
#2590=ORIENTED_EDGE('',*,*,#5252,.F.);
#2591=ORIENTED_EDGE('',*,*,#5253,.F.);
#2592=ORIENTED_EDGE('',*,*,#5254,.T.);
#2593=ORIENTED_EDGE('',*,*,#5255,.F.);
#2594=ORIENTED_EDGE('',*,*,#5256,.T.);
#2595=ORIENTED_EDGE('',*,*,#5257,.T.);
#2596=ORIENTED_EDGE('',*,*,#5258,.F.);
#2597=ORIENTED_EDGE('',*,*,#5259,.F.);
#2598=CARTESIAN_POINT('',(6.5,2.9,4.3));
#2599=DIRECTION('',(0.0,0.0,-1.0));
#2600=DIRECTION('',(0.0,-1.0,0.0));
#2601=ORIENTED_EDGE('',*,*,#5260,.F.);
#2602=ORIENTED_EDGE('',*,*,#5261,.F.);
#2603=ORIENTED_EDGE('',*,*,#5262,.F.);
#2604=ORIENTED_EDGE('',*,*,#5263,.F.);
#2605=ORIENTED_EDGE('',*,*,#5264,.F.);
#2606=ORIENTED_EDGE('',*,*,#5265,.F.);
#2607=ORIENTED_EDGE('',*,*,#5266,.F.);
#2608=ORIENTED_EDGE('',*,*,#5267,.F.);
#2609=ORIENTED_EDGE('',*,*,#5268,.T.);
#2610=ORIENTED_EDGE('',*,*,#5259,.T.);
#2611=CARTESIAN_POINT('',(6.5,1.0,5.4));
#2612=DIRECTION('',(-0.0,1.0,0.0));
#2613=DIRECTION('',(1.0,0.0,0.0));
#2614=ORIENTED_EDGE('',*,*,#5269,.F.);
#2615=ORIENTED_EDGE('',*,*,#5270,.F.);
#2616=ORIENTED_EDGE('',*,*,#5271,.F.);
#2617=ORIENTED_EDGE('',*,*,#5272,.T.);
#2618=ORIENTED_EDGE('',*,*,#5273,.T.);
#2619=ORIENTED_EDGE('',*,*,#5242,.T.);
#2620=ORIENTED_EDGE('',*,*,#5268,.F.);
#2621=ORIENTED_EDGE('',*,*,#5274,.F.);
#2622=ORIENTED_EDGE('',*,*,#5275,.F.);
#2623=ORIENTED_EDGE('',*,*,#5276,.T.);
#2624=CARTESIAN_POINT('',(4.175,0.0,0.0));
#2625=DIRECTION('',(-1.0,0.0,0.0));
#2626=DIRECTION('',(0.0,0.0,1.0));
#2627=ORIENTED_EDGE('',*,*,#5277,.F.);
#2628=ORIENTED_EDGE('',*,*,#5278,.T.);
#2629=ORIENTED_EDGE('',*,*,#5279,.F.);
#2630=ORIENTED_EDGE('',*,*,#5280,.F.);
#2631=ORIENTED_EDGE('',*,*,#5276,.F.);
#2632=CARTESIAN_POINT('',(4.325,1.2,1.0));
#2633=DIRECTION('',(-0.707106781186548,0.0,-0.707106781186548));
#2634=DIRECTION('',(-0.707106781186548,0.0,0.707106781186548));
#2635=ORIENTED_EDGE('',*,*,#5281,.T.);
#2636=ORIENTED_EDGE('',*,*,#5282,.T.);
#2637=ORIENTED_EDGE('',*,*,#5283,.T.);
#2638=ORIENTED_EDGE('',*,*,#5284,.F.);
#2639=ORIENTED_EDGE('',*,*,#5285,.T.);
#2640=ORIENTED_EDGE('',*,*,#5269,.T.);
#2641=ORIENTED_EDGE('',*,*,#5280,.T.);
#2642=ORIENTED_EDGE('',*,*,#5286,.T.);
#2643=ORIENTED_EDGE('',*,*,#5287,.T.);
#2644=CARTESIAN_POINT('',(4.975,0.75,0.85));
#2645=DIRECTION('',(0.0,-1.0,0.0));
#2646=DIRECTION('',(0.0,0.0,-1.0));
#2647=ORIENTED_EDGE('',*,*,#5288,.F.);
#2648=ORIENTED_EDGE('',*,*,#5287,.F.);
#2649=ORIENTED_EDGE('',*,*,#5289,.T.);
#2650=ORIENTED_EDGE('',*,*,#5290,.T.);
#2651=ORIENTED_EDGE('',*,*,#5291,.F.);
#2652=CARTESIAN_POINT('',(5.125,1.2,1.0));
#2653=DIRECTION('',(0.707106781186548,0.0,-0.707106781186548));
#2654=DIRECTION('',(0.0,-1.0,0.0));
#2655=ORIENTED_EDGE('',*,*,#5292,.T.);
#2656=ORIENTED_EDGE('',*,*,#5293,.F.);
#2657=ORIENTED_EDGE('',*,*,#5294,.F.);
#2658=ORIENTED_EDGE('',*,*,#5295,.T.);
#2659=ORIENTED_EDGE('',*,*,#5296,.F.);
#2660=ORIENTED_EDGE('',*,*,#5297,.T.);
#2661=ORIENTED_EDGE('',*,*,#5291,.T.);
#2662=CARTESIAN_POINT('',(4.975,1.65,1.3));
#2663=DIRECTION('',(-0.0,1.0,0.0));
#2664=DIRECTION('',(1.0,0.0,0.0));
#2665=ORIENTED_EDGE('',*,*,#5297,.F.);
#2666=ORIENTED_EDGE('',*,*,#5298,.F.);
#2667=ORIENTED_EDGE('',*,*,#5299,.F.);
#2668=ORIENTED_EDGE('',*,*,#5300,.F.);
#2669=ORIENTED_EDGE('',*,*,#5288,.T.);
#2670=CARTESIAN_POINT('',(5.275,0.0,0.0));
#2671=DIRECTION('',(-1.0,0.0,0.0));
#2672=DIRECTION('',(0.0,0.0,1.0));
#2673=ORIENTED_EDGE('',*,*,#5300,.T.);
#2674=ORIENTED_EDGE('',*,*,#5301,.T.);
#2675=ORIENTED_EDGE('',*,*,#5302,.F.);
#2676=ORIENTED_EDGE('',*,*,#5281,.F.);
#2677=CARTESIAN_POINT('',(4.975,0.75,1.15));
#2678=DIRECTION('',(0.0,0.986393923832136,-0.164398987305406));
#2679=DIRECTION('',(-1.0,0.0,0.0));
#2680=ORIENTED_EDGE('',*,*,#5303,.T.);
#2681=ORIENTED_EDGE('',*,*,#5304,.T.);
#2682=ORIENTED_EDGE('',*,*,#5305,.T.);
#2683=ORIENTED_EDGE('',*,*,#5244,.F.);
#2684=CARTESIAN_POINT('',(4.975,0.0,0.0));
#2685=DIRECTION('',(-1.0,0.0,0.0));
#2686=DIRECTION('',(0.0,0.0,1.0));
#2687=ORIENTED_EDGE('',*,*,#5306,.F.);
#2688=ORIENTED_EDGE('',*,*,#5307,.F.);
#2689=ORIENTED_EDGE('',*,*,#5308,.T.);
#2690=ORIENTED_EDGE('',*,*,#5309,.F.);
#2691=ORIENTED_EDGE('',*,*,#5310,.T.);
#2692=ORIENTED_EDGE('',*,*,#5311,.F.);
#2693=ORIENTED_EDGE('',*,*,#5312,.T.);
#2694=ORIENTED_EDGE('',*,*,#5282,.F.);
#2695=ORIENTED_EDGE('',*,*,#5302,.T.);
#2696=ORIENTED_EDGE('',*,*,#5313,.T.);
#2697=ORIENTED_EDGE('',*,*,#5314,.T.);
#2698=ORIENTED_EDGE('',*,*,#5295,.F.);
#2699=ORIENTED_EDGE('',*,*,#5315,.F.);
#2700=ORIENTED_EDGE('',*,*,#5316,.F.);
#2701=ORIENTED_EDGE('',*,*,#5317,.T.);
#2702=ORIENTED_EDGE('',*,*,#5318,.T.);
#2703=CARTESIAN_POINT('',(4.975,0.0,0.0));
#2704=DIRECTION('',(-1.0,0.0,0.0));
#2705=DIRECTION('',(0.0,0.0,1.0));
#2706=ORIENTED_EDGE('',*,*,#5305,.F.);
#2707=ORIENTED_EDGE('',*,*,#5319,.F.);
#2708=ORIENTED_EDGE('',*,*,#5310,.F.);
#2709=ORIENTED_EDGE('',*,*,#5320,.T.);
#2710=ORIENTED_EDGE('',*,*,#5321,.F.);
#2711=ORIENTED_EDGE('',*,*,#5245,.F.);
#2712=CARTESIAN_POINT('',(4.975,1.895,4.3));
#2713=DIRECTION('',(-0.0,1.0,0.0));
#2714=DIRECTION('',(1.0,0.0,0.0));
#2715=ORIENTED_EDGE('',*,*,#5322,.T.);
#2716=ORIENTED_EDGE('',*,*,#5323,.T.);
#2717=ORIENTED_EDGE('',*,*,#5324,.T.);
#2718=ORIENTED_EDGE('',*,*,#5325,.F.);
#2719=ORIENTED_EDGE('',*,*,#5326,.T.);
#2720=ORIENTED_EDGE('',*,*,#5327,.T.);
#2721=ORIENTED_EDGE('',*,*,#5328,.T.);
#2722=CARTESIAN_POINT('',(4.475,0.0,4.1));
#2723=DIRECTION('',(-1.0,0.0,0.0));
#2724=DIRECTION('',(0.0,0.0,1.0));
#2725=ORIENTED_EDGE('',*,*,#5329,.T.);
#2726=ORIENTED_EDGE('',*,*,#5330,.T.);
#2727=ORIENTED_EDGE('',*,*,#5331,.T.);
#2728=ORIENTED_EDGE('',*,*,#5332,.F.);
#2729=ORIENTED_EDGE('',*,*,#5333,.F.);
#2730=ORIENTED_EDGE('',*,*,#4980,.T.);
#2731=ORIENTED_EDGE('',*,*,#5334,.F.);
#2732=ORIENTED_EDGE('',*,*,#5189,.F.);
#2733=ORIENTED_EDGE('',*,*,#5231,.T.);
#2734=ORIENTED_EDGE('',*,*,#5246,.T.);
#2735=ORIENTED_EDGE('',*,*,#5321,.T.);
#2736=ORIENTED_EDGE('',*,*,#5335,.T.);
#2737=ORIENTED_EDGE('',*,*,#5336,.T.);
#2738=ORIENTED_EDGE('',*,*,#5293,.T.);
#2739=ORIENTED_EDGE('',*,*,#5337,.T.);
#2740=CARTESIAN_POINT('',(4.475,0.0,4.1));
#2741=DIRECTION('',(-1.0,0.0,0.0));
#2742=DIRECTION('',(0.0,0.0,1.0));
#2743=ORIENTED_EDGE('',*,*,#5273,.F.);
#2744=ORIENTED_EDGE('',*,*,#5338,.F.);
#2745=ORIENTED_EDGE('',*,*,#5328,.F.);
#2746=ORIENTED_EDGE('',*,*,#5339,.T.);
#2747=ORIENTED_EDGE('',*,*,#5270,.T.);
#2748=ORIENTED_EDGE('',*,*,#5285,.F.);
#2749=ORIENTED_EDGE('',*,*,#5340,.F.);
#2750=ORIENTED_EDGE('',*,*,#5341,.F.);
#2751=ORIENTED_EDGE('',*,*,#5303,.F.);
#2752=ORIENTED_EDGE('',*,*,#5243,.T.);
#2753=CARTESIAN_POINT('',(4.975,0.75,3.45));
#2754=DIRECTION('',(0.0,-0.881634117774827,-0.471933557161814));
#2755=DIRECTION('',(0.0,0.471933557161814,-0.881634117774827));
#2756=ORIENTED_EDGE('',*,*,#5341,.T.);
#2757=ORIENTED_EDGE('',*,*,#5342,.F.);
#2758=ORIENTED_EDGE('',*,*,#5343,.F.);
#2759=ORIENTED_EDGE('',*,*,#5344,.F.);
#2760=ORIENTED_EDGE('',*,*,#5345,.F.);
#2761=ORIENTED_EDGE('',*,*,#5346,.F.);
#2762=ORIENTED_EDGE('',*,*,#5347,.F.);
#2763=ORIENTED_EDGE('',*,*,#5348,.F.);
#2764=ORIENTED_EDGE('',*,*,#5304,.F.);
#2765=CARTESIAN_POINT('',(4.075,0.0,4.1));
#2766=DIRECTION('',(0.0,0.0,-1.0));
#2767=DIRECTION('',(0.0,-1.0,0.0));
#2768=ORIENTED_EDGE('',*,*,#5349,.F.);
#2769=ORIENTED_EDGE('',*,*,#5350,.F.);
#2770=ORIENTED_EDGE('',*,*,#5351,.F.);
#2771=ORIENTED_EDGE('',*,*,#5322,.F.);
#2772=ORIENTED_EDGE('',*,*,#5338,.T.);
#2773=ORIENTED_EDGE('',*,*,#5272,.F.);
#2774=CARTESIAN_POINT('',(4.075,0.0,4.1));
#2775=DIRECTION('',(0.0,0.0,-1.0));
#2776=DIRECTION('',(0.0,-1.0,0.0));
#2777=ORIENTED_EDGE('',*,*,#5348,.T.);
#2778=ORIENTED_EDGE('',*,*,#5352,.T.);
#2779=ORIENTED_EDGE('',*,*,#5353,.F.);
#2780=ORIENTED_EDGE('',*,*,#5354,.T.);
#2781=ORIENTED_EDGE('',*,*,#5319,.T.);
#2782=CARTESIAN_POINT('',(4.975,0.9,4.1));
#2783=DIRECTION('',(1.0,0.0,0.0));
#2784=DIRECTION('',(0.0,1.0,0.0));
#2785=ORIENTED_EDGE('',*,*,#5354,.F.);
#2786=ORIENTED_EDGE('',*,*,#5355,.F.);
#2787=ORIENTED_EDGE('',*,*,#5356,.F.);
#2788=ORIENTED_EDGE('',*,*,#5357,.T.);
#2789=ORIENTED_EDGE('',*,*,#5311,.T.);
#2790=CARTESIAN_POINT('',(19.8396,1.7,3.15));
#2791=DIRECTION('',(1.0,-0.0,0.0));
#2792=DIRECTION('',(0.0,0.0,1.0));
#2793=ORIENTED_EDGE('',*,*,#5358,.F.);
#2794=ORIENTED_EDGE('',*,*,#5359,.T.);
#2795=ORIENTED_EDGE('',*,*,#5357,.F.);
#2796=CARTESIAN_POINT('',(-5.5,1.7,3.35));
#2797=DIRECTION('',(0.0,-1.0,0.0));
#2798=DIRECTION('',(0.0,0.0,-1.0));
#2799=ORIENTED_EDGE('',*,*,#5360,.T.);
#2800=ORIENTED_EDGE('',*,*,#4925,.T.);
#2801=ORIENTED_EDGE('',*,*,#5361,.T.);
#2802=CARTESIAN_POINT('',(-5.5,1.7,3.35));
#2803=DIRECTION('',(0.0,-1.0,0.0));
#2804=DIRECTION('',(0.0,0.0,-1.0));
#2805=ORIENTED_EDGE('',*,*,#5359,.F.);
#2806=ORIENTED_EDGE('',*,*,#5362,.T.);
#2807=ORIENTED_EDGE('',*,*,#5363,.T.);
#2808=ORIENTED_EDGE('',*,*,#5312,.F.);
#2809=CARTESIAN_POINT('',(5.5,1.7,3.44));
#2810=DIRECTION('',(-0.168963815110796,0.0,0.985622254813275));
#2811=DIRECTION('',(0.0,1.0,0.0));
#2812=ORIENTED_EDGE('',*,*,#5363,.F.);
#2813=ORIENTED_EDGE('',*,*,#5364,.T.);
#2814=ORIENTED_EDGE('',*,*,#5365,.T.);
#2815=CARTESIAN_POINT('',(-5.5,0.75,3.35));
#2816=DIRECTION('',(0.0,-1.0,0.0));
#2817=DIRECTION('',(0.0,0.0,-1.0));
#2818=ORIENTED_EDGE('',*,*,#4927,.F.);
#2819=ORIENTED_EDGE('',*,*,#5366,.F.);
#2820=ORIENTED_EDGE('',*,*,#5367,.F.);
#2821=CARTESIAN_POINT('',(-5.5,0.75,3.35));
#2822=DIRECTION('',(0.0,-1.0,0.0));
#2823=DIRECTION('',(0.0,0.0,-1.0));
#2824=ORIENTED_EDGE('',*,*,#5365,.F.);
#2825=ORIENTED_EDGE('',*,*,#5368,.F.);
#2826=ORIENTED_EDGE('',*,*,#5369,.F.);
#2827=ORIENTED_EDGE('',*,*,#5370,.F.);
#2828=ORIENTED_EDGE('',*,*,#5283,.F.);
#2829=CARTESIAN_POINT('',(-18.6329073137,0.75,3.15));
#2830=DIRECTION('',(-1.0,0.0,0.0));
#2831=DIRECTION('',(0.0,0.0,1.0));
#2832=ORIENTED_EDGE('',*,*,#5370,.T.);
#2833=ORIENTED_EDGE('',*,*,#5371,.F.);
#2834=ORIENTED_EDGE('',*,*,#5372,.F.);
#2835=ORIENTED_EDGE('',*,*,#5373,.T.);
#2836=ORIENTED_EDGE('',*,*,#5342,.T.);
#2837=ORIENTED_EDGE('',*,*,#5340,.T.);
#2838=ORIENTED_EDGE('',*,*,#5284,.T.);
#2839=CARTESIAN_POINT('',(4.775,0.0,0.95));
#2840=DIRECTION('',(1.0,0.0,0.0));
#2841=DIRECTION('',(0.0,1.0,0.0));
#2842=ORIENTED_EDGE('',*,*,#5374,.F.);
#2843=ORIENTED_EDGE('',*,*,#5375,.T.);
#2844=ORIENTED_EDGE('',*,*,#5376,.T.);
#2845=ORIENTED_EDGE('',*,*,#5377,.F.);
#2846=ORIENTED_EDGE('',*,*,#5346,.T.);
#2847=ORIENTED_EDGE('',*,*,#5378,.F.);
#2848=ORIENTED_EDGE('',*,*,#5379,.F.);
#2849=ORIENTED_EDGE('',*,*,#5380,.T.);
#2850=CARTESIAN_POINT('',(4.775,0.0,0.95));
#2851=DIRECTION('',(1.0,0.0,0.0));
#2852=DIRECTION('',(0.0,1.0,0.0));
#2853=ORIENTED_EDGE('',*,*,#5381,.F.);
#2854=ORIENTED_EDGE('',*,*,#4931,.T.);
#2855=ORIENTED_EDGE('',*,*,#5382,.T.);
#2856=ORIENTED_EDGE('',*,*,#5383,.F.);
#2857=ORIENTED_EDGE('',*,*,#5343,.T.);
#2858=ORIENTED_EDGE('',*,*,#5373,.F.);
#2859=ORIENTED_EDGE('',*,*,#5384,.F.);
#2860=ORIENTED_EDGE('',*,*,#5323,.F.);
#2861=ORIENTED_EDGE('',*,*,#5351,.T.);
#2862=ORIENTED_EDGE('',*,*,#5385,.F.);
#2863=ORIENTED_EDGE('',*,*,#5218,.F.);
#2864=ORIENTED_EDGE('',*,*,#5386,.F.);
#2865=ORIENTED_EDGE('',*,*,#5387,.F.);
#2866=ORIENTED_EDGE('',*,*,#5388,.F.);
#2867=ORIENTED_EDGE('',*,*,#5389,.F.);
#2868=ORIENTED_EDGE('',*,*,#5390,.F.);
#2869=CARTESIAN_POINT('',(-5.5,0.0,4.3));
#2870=DIRECTION('',(0.0,-1.0,0.0));
#2871=DIRECTION('',(0.0,0.0,-1.0));
#2872=ORIENTED_EDGE('',*,*,#5391,.F.);
#2873=ORIENTED_EDGE('',*,*,#5392,.T.);
#2874=ORIENTED_EDGE('',*,*,#5390,.T.);
#2875=ORIENTED_EDGE('',*,*,#5393,.T.);
#2876=ORIENTED_EDGE('',*,*,#5394,.T.);
#2877=ORIENTED_EDGE('',*,*,#5395,.T.);
#2878=ORIENTED_EDGE('',*,*,#5396,.F.);
#2879=CARTESIAN_POINT('',(-4.775,0.0,4.1));
#2880=DIRECTION('',(-1.0,0.0,0.0));
#2881=DIRECTION('',(0.0,0.0,1.0));
#2882=ORIENTED_EDGE('',*,*,#5397,.T.);
#2883=ORIENTED_EDGE('',*,*,#5398,.F.);
#2884=ORIENTED_EDGE('',*,*,#5399,.T.);
#2885=ORIENTED_EDGE('',*,*,#5400,.T.);
#2886=ORIENTED_EDGE('',*,*,#5401,.F.);
#2887=ORIENTED_EDGE('',*,*,#5402,.F.);
#2888=ORIENTED_EDGE('',*,*,#5403,.T.);
#2889=ORIENTED_EDGE('',*,*,#5404,.F.);
#2890=CARTESIAN_POINT('',(-4.775,0.0,4.1));
#2891=DIRECTION('',(-1.0,0.0,0.0));
#2892=DIRECTION('',(0.0,0.0,1.0));
#2893=ORIENTED_EDGE('',*,*,#5405,.T.);
#2894=ORIENTED_EDGE('',*,*,#5406,.F.);
#2895=ORIENTED_EDGE('',*,*,#5396,.T.);
#2896=ORIENTED_EDGE('',*,*,#5407,.T.);
#2897=ORIENTED_EDGE('',*,*,#5408,.T.);
#2898=ORIENTED_EDGE('',*,*,#5409,.F.);
#2899=ORIENTED_EDGE('',*,*,#5410,.T.);
#2900=ORIENTED_EDGE('',*,*,#5411,.F.);
#2901=ORIENTED_EDGE('',*,*,#5412,.T.);
#2902=CARTESIAN_POINT('',(-4.975,0.75,0.85));
#2903=DIRECTION('',(0.0,-1.0,0.0));
#2904=DIRECTION('',(0.0,0.0,-1.0));
#2905=ORIENTED_EDGE('',*,*,#5413,.F.);
#2906=ORIENTED_EDGE('',*,*,#5414,.F.);
#2907=ORIENTED_EDGE('',*,*,#5412,.F.);
#2908=ORIENTED_EDGE('',*,*,#5415,.F.);
#2909=ORIENTED_EDGE('',*,*,#5416,.T.);
#2910=CARTESIAN_POINT('',(-4.325,1.2,1.0));
#2911=DIRECTION('',(0.707106781186548,0.0,-0.707106781186548));
#2912=DIRECTION('',(0.0,-1.0,0.0));
#2913=ORIENTED_EDGE('',*,*,#5417,.T.);
#2914=ORIENTED_EDGE('',*,*,#5418,.F.);
#2915=ORIENTED_EDGE('',*,*,#5419,.F.);
#2916=ORIENTED_EDGE('',*,*,#5416,.F.);
#2917=CARTESIAN_POINT('',(-4.975,1.65,0.85));
#2918=DIRECTION('',(0.0,0.0,-1.0));
#2919=DIRECTION('',(0.0,-1.0,0.0));
#2920=ORIENTED_EDGE('',*,*,#5420,.T.);
#2921=ORIENTED_EDGE('',*,*,#5421,.F.);
#2922=ORIENTED_EDGE('',*,*,#5422,.T.);
#2923=ORIENTED_EDGE('',*,*,#5423,.T.);
#2924=ORIENTED_EDGE('',*,*,#5419,.T.);
#2925=ORIENTED_EDGE('',*,*,#5424,.T.);
#2926=ORIENTED_EDGE('',*,*,#5425,.T.);
#2927=CARTESIAN_POINT('',(-4.975,1.65,1.3));
#2928=DIRECTION('',(-0.0,1.0,0.0));
#2929=DIRECTION('',(1.0,0.0,0.0));
#2930=ORIENTED_EDGE('',*,*,#5426,.F.);
#2931=ORIENTED_EDGE('',*,*,#5427,.F.);
#2932=ORIENTED_EDGE('',*,*,#5428,.F.);
#2933=ORIENTED_EDGE('',*,*,#5425,.F.);
#2934=ORIENTED_EDGE('',*,*,#5429,.T.);
#2935=CARTESIAN_POINT('',(-5.275,0.0,0.0));
#2936=DIRECTION('',(1.0,0.0,0.0));
#2937=DIRECTION('',(0.0,1.0,0.0));
#2938=ORIENTED_EDGE('',*,*,#5424,.F.);
#2939=ORIENTED_EDGE('',*,*,#5418,.T.);
#2940=ORIENTED_EDGE('',*,*,#5430,.T.);
#2941=ORIENTED_EDGE('',*,*,#5410,.F.);
#2942=ORIENTED_EDGE('',*,*,#5429,.F.);
#2943=CARTESIAN_POINT('',(-5.125,1.2,1.0));
#2944=DIRECTION('',(-0.707106781186548,0.0,-0.707106781186548));
#2945=DIRECTION('',(-0.707106781186548,0.0,0.707106781186548));
#2946=ORIENTED_EDGE('',*,*,#5430,.F.);
#2947=ORIENTED_EDGE('',*,*,#5417,.F.);
#2948=ORIENTED_EDGE('',*,*,#5415,.T.);
#2949=ORIENTED_EDGE('',*,*,#5411,.T.);
#2950=CARTESIAN_POINT('',(-4.725,0.825,0.95));
#2951=DIRECTION('',(0.0,-0.8,-0.6));
#2952=DIRECTION('',(0.0,0.6,-0.8));
#2953=ORIENTED_EDGE('',*,*,#5431,.T.);
#2954=ORIENTED_EDGE('',*,*,#5432,.F.);
#2955=ORIENTED_EDGE('',*,*,#5420,.F.);
#2956=ORIENTED_EDGE('',*,*,#5428,.T.);
#2957=CARTESIAN_POINT('',(-4.975,1.65,1.4));
#2958=DIRECTION('',(0.0,-0.707106781186548,-0.707106781186548));
#2959=DIRECTION('',(0.0,-0.707106781186548,0.707106781186548));
#2960=ORIENTED_EDGE('',*,*,#5433,.T.);
#2961=ORIENTED_EDGE('',*,*,#5434,.T.);
#2962=ORIENTED_EDGE('',*,*,#5435,.T.);
#2963=ORIENTED_EDGE('',*,*,#5256,.F.);
#2964=CARTESIAN_POINT('',(-4.975,0.0,0.0));
#2965=DIRECTION('',(-1.0,0.0,0.0));
#2966=DIRECTION('',(0.0,0.0,1.0));
#2967=ORIENTED_EDGE('',*,*,#5436,.T.);
#2968=ORIENTED_EDGE('',*,*,#5408,.F.);
#2969=ORIENTED_EDGE('',*,*,#5437,.T.);
#2970=ORIENTED_EDGE('',*,*,#5438,.T.);
#2971=ORIENTED_EDGE('',*,*,#5439,.T.);
#2972=ORIENTED_EDGE('',*,*,#5440,.T.);
#2973=ORIENTED_EDGE('',*,*,#5441,.T.);
#2974=ORIENTED_EDGE('',*,*,#5442,.T.);
#2975=ORIENTED_EDGE('',*,*,#5443,.T.);
#2976=ORIENTED_EDGE('',*,*,#5421,.T.);
#2977=ORIENTED_EDGE('',*,*,#5432,.T.);
#2978=ORIENTED_EDGE('',*,*,#5444,.T.);
#2979=ORIENTED_EDGE('',*,*,#5445,.F.);
#2980=ORIENTED_EDGE('',*,*,#5446,.T.);
#2981=ORIENTED_EDGE('',*,*,#5447,.T.);
#2982=ORIENTED_EDGE('',*,*,#5448,.F.);
#2983=CARTESIAN_POINT('',(-4.975,0.0,0.0));
#2984=DIRECTION('',(-1.0,0.0,0.0));
#2985=DIRECTION('',(0.0,0.0,1.0));
#2986=ORIENTED_EDGE('',*,*,#5435,.F.);
#2987=ORIENTED_EDGE('',*,*,#5449,.F.);
#2988=ORIENTED_EDGE('',*,*,#5391,.T.);
#2989=ORIENTED_EDGE('',*,*,#5406,.T.);
#2990=ORIENTED_EDGE('',*,*,#5450,.T.);
#2991=ORIENTED_EDGE('',*,*,#5451,.F.);
#2992=ORIENTED_EDGE('',*,*,#5452,.T.);
#2993=ORIENTED_EDGE('',*,*,#5453,.F.);
#2994=ORIENTED_EDGE('',*,*,#5454,.T.);
#2995=ORIENTED_EDGE('',*,*,#5257,.F.);
#2996=CARTESIAN_POINT('',(-4.975,0.75,3.45));
#2997=DIRECTION('',(0.0,-0.881634117774827,-0.471933557161814));
#2998=DIRECTION('',(0.0,0.471933557161814,-0.881634117774827));
#2999=ORIENTED_EDGE('',*,*,#5455,.T.);
#3000=ORIENTED_EDGE('',*,*,#5456,.T.);
#3001=ORIENTED_EDGE('',*,*,#5260,.T.);
#3002=ORIENTED_EDGE('',*,*,#5258,.T.);
#3003=ORIENTED_EDGE('',*,*,#5454,.F.);
#3004=ORIENTED_EDGE('',*,*,#5457,.F.);
#3005=ORIENTED_EDGE('',*,*,#5458,.T.);
#3006=ORIENTED_EDGE('',*,*,#5450,.F.);
#3007=ORIENTED_EDGE('',*,*,#5405,.F.);
#3008=ORIENTED_EDGE('',*,*,#5414,.T.);
#3009=CARTESIAN_POINT('',(-4.175,0.0,0.0));
#3010=DIRECTION('',(-1.0,0.0,0.0));
#3011=DIRECTION('',(0.0,0.0,1.0));
#3012=ORIENTED_EDGE('',*,*,#5459,.F.);
#3013=ORIENTED_EDGE('',*,*,#5460,.F.);
#3014=ORIENTED_EDGE('',*,*,#5461,.T.);
#3015=ORIENTED_EDGE('',*,*,#5462,.F.);
#3016=ORIENTED_EDGE('',*,*,#5451,.T.);
#3017=ORIENTED_EDGE('',*,*,#5458,.F.);
#3018=CARTESIAN_POINT('',(-4.075,0.6,0.0));
#3019=DIRECTION('',(0.0,-1.0,0.0));
#3020=DIRECTION('',(0.0,0.0,-1.0));
#3021=ORIENTED_EDGE('',*,*,#5462,.T.);
#3022=ORIENTED_EDGE('',*,*,#5463,.T.);
#3023=ORIENTED_EDGE('',*,*,#5464,.T.);
#3024=ORIENTED_EDGE('',*,*,#5465,.F.);
#3025=ORIENTED_EDGE('',*,*,#5388,.T.);
#3026=ORIENTED_EDGE('',*,*,#5466,.F.);
#3027=ORIENTED_EDGE('',*,*,#5452,.F.);
#3028=CARTESIAN_POINT('',(-4.475,0.0,0.95));
#3029=DIRECTION('',(1.0,0.0,0.0));
#3030=DIRECTION('',(0.0,1.0,0.0));
#3031=ORIENTED_EDGE('',*,*,#5423,.F.);
#3032=ORIENTED_EDGE('',*,*,#5467,.F.);
#3033=ORIENTED_EDGE('',*,*,#5468,.F.);
#3034=ORIENTED_EDGE('',*,*,#5469,.F.);
#3035=ORIENTED_EDGE('',*,*,#5254,.F.);
#3036=ORIENTED_EDGE('',*,*,#5221,.F.);
#3037=ORIENTED_EDGE('',*,*,#5201,.F.);
#3038=ORIENTED_EDGE('',*,*,#5470,.T.);
#3039=ORIENTED_EDGE('',*,*,#4985,.F.);
#3040=ORIENTED_EDGE('',*,*,#5471,.T.);
#3041=ORIENTED_EDGE('',*,*,#5472,.F.);
#3042=ORIENTED_EDGE('',*,*,#5473,.F.);
#3043=ORIENTED_EDGE('',*,*,#5474,.F.);
#3044=ORIENTED_EDGE('',*,*,#5475,.T.);
#3045=ORIENTED_EDGE('',*,*,#5476,.T.);
#3046=CARTESIAN_POINT('',(-4.475,0.0,0.95));
#3047=DIRECTION('',(1.0,0.0,0.0));
#3048=DIRECTION('',(0.0,1.0,0.0));
#3049=ORIENTED_EDGE('',*,*,#5477,.F.);
#3050=ORIENTED_EDGE('',*,*,#5478,.F.);
#3051=ORIENTED_EDGE('',*,*,#5399,.F.);
#3052=ORIENTED_EDGE('',*,*,#5479,.F.);
#3053=ORIENTED_EDGE('',*,*,#4932,.F.);
#3054=ORIENTED_EDGE('',*,*,#5381,.T.);
#3055=ORIENTED_EDGE('',*,*,#5392,.F.);
#3056=ORIENTED_EDGE('',*,*,#5449,.T.);
#3057=ORIENTED_EDGE('',*,*,#5434,.F.);
#3058=CARTESIAN_POINT('',(-5.5,0.0,4.1));
#3059=DIRECTION('',(0.0,0.0,-1.0));
#3060=DIRECTION('',(0.0,-1.0,0.0));
#3061=ORIENTED_EDGE('',*,*,#5466,.T.);
#3062=ORIENTED_EDGE('',*,*,#5387,.T.);
#3063=ORIENTED_EDGE('',*,*,#5480,.T.);
#3064=ORIENTED_EDGE('',*,*,#5459,.T.);
#3065=ORIENTED_EDGE('',*,*,#5457,.T.);
#3066=ORIENTED_EDGE('',*,*,#5453,.T.);
#3067=CARTESIAN_POINT('',(-5.5,0.0,4.1));
#3068=DIRECTION('',(0.0,0.0,-1.0));
#3069=DIRECTION('',(0.0,-1.0,0.0));
#3070=ORIENTED_EDGE('',*,*,#5479,.T.);
#3071=ORIENTED_EDGE('',*,*,#5398,.T.);
#3072=ORIENTED_EDGE('',*,*,#5481,.T.);
#3073=ORIENTED_EDGE('',*,*,#5482,.T.);
#3074=ORIENTED_EDGE('',*,*,#4933,.F.);
#3075=CARTESIAN_POINT('',(-5.5,2.55,0.0));
#3076=DIRECTION('',(-0.0,1.0,0.0));
#3077=DIRECTION('',(1.0,0.0,0.0));
#3078=ORIENTED_EDGE('',*,*,#5483,.T.);
#3079=ORIENTED_EDGE('',*,*,#5484,.T.);
#3080=ORIENTED_EDGE('',*,*,#5378,.T.);
#3081=ORIENTED_EDGE('',*,*,#5345,.T.);
#3082=ORIENTED_EDGE('',*,*,#5485,.T.);
#3083=CARTESIAN_POINT('',(-5.5,2.55,0.0));
#3084=DIRECTION('',(-0.0,1.0,0.0));
#3085=DIRECTION('',(1.0,0.0,0.0));
#3086=ORIENTED_EDGE('',*,*,#5486,.T.);
#3087=ORIENTED_EDGE('',*,*,#5332,.T.);
#3088=ORIENTED_EDGE('',*,*,#5487,.T.);
#3089=CARTESIAN_POINT('',(-5.5,2.55,0.0));
#3090=DIRECTION('',(-0.0,1.0,0.0));
#3091=DIRECTION('',(1.0,0.0,0.0));
#3092=ORIENTED_EDGE('',*,*,#5488,.T.);
#3093=ORIENTED_EDGE('',*,*,#5489,.T.);
#3094=ORIENTED_EDGE('',*,*,#5472,.T.);
#3095=CARTESIAN_POINT('',(-5.5,2.55,0.0));
#3096=DIRECTION('',(-0.0,1.0,0.0));
#3097=DIRECTION('',(1.0,0.0,0.0));
#3098=ORIENTED_EDGE('',*,*,#4934,.T.);
#3099=ORIENTED_EDGE('',*,*,#5482,.F.);
#3100=ORIENTED_EDGE('',*,*,#5488,.F.);
#3101=ORIENTED_EDGE('',*,*,#5471,.F.);
#3102=ORIENTED_EDGE('',*,*,#4984,.T.);
#3103=CARTESIAN_POINT('',(-4.475,3.0,0.8));
#3104=DIRECTION('',(0.0,0.0,-1.0));
#3105=DIRECTION('',(0.0,-1.0,0.0));
#3106=ORIENTED_EDGE('',*,*,#5393,.F.);
#3107=ORIENTED_EDGE('',*,*,#5389,.T.);
#3108=ORIENTED_EDGE('',*,*,#5465,.T.);
#3109=ORIENTED_EDGE('',*,*,#5490,.F.);
#3110=CARTESIAN_POINT('',(-4.625,0.0,0.95));
#3111=DIRECTION('',(0.0,1.0,-0.0));
#3112=DIRECTION('',(1.0,0.0,0.0));
#3113=ORIENTED_EDGE('',*,*,#5397,.F.);
#3114=ORIENTED_EDGE('',*,*,#5491,.T.);
#3115=ORIENTED_EDGE('',*,*,#5473,.T.);
#3116=ORIENTED_EDGE('',*,*,#5489,.F.);
#3117=ORIENTED_EDGE('',*,*,#5481,.F.);
#3118=CARTESIAN_POINT('',(-4.625,0.0,0.95));
#3119=DIRECTION('',(0.0,1.0,-0.0));
#3120=DIRECTION('',(1.0,0.0,0.0));
#3121=ORIENTED_EDGE('',*,*,#5394,.F.);
#3122=ORIENTED_EDGE('',*,*,#5490,.T.);
#3123=ORIENTED_EDGE('',*,*,#5464,.F.);
#3124=ORIENTED_EDGE('',*,*,#5492,.F.);
#3125=ORIENTED_EDGE('',*,*,#4929,.T.);
#3126=ORIENTED_EDGE('',*,*,#5493,.T.);
#3127=CARTESIAN_POINT('',(-4.475,0.55,0.0));
#3128=DIRECTION('',(0.0,-1.0,0.0));
#3129=DIRECTION('',(0.0,0.0,-1.0));
#3130=ORIENTED_EDGE('',*,*,#5395,.F.);
#3131=ORIENTED_EDGE('',*,*,#5493,.F.);
#3132=ORIENTED_EDGE('',*,*,#4928,.F.);
#3133=ORIENTED_EDGE('',*,*,#5367,.T.);
#3134=ORIENTED_EDGE('',*,*,#5407,.F.);
#3135=CARTESIAN_POINT('',(-19.8396,0.75,3.15));
#3136=DIRECTION('',(-1.0,0.0,0.0));
#3137=DIRECTION('',(0.0,0.0,1.0));
#3138=ORIENTED_EDGE('',*,*,#4922,.T.);
#3139=ORIENTED_EDGE('',*,*,#4983,.T.);
#3140=ORIENTED_EDGE('',*,*,#5494,.F.);
#3141=ORIENTED_EDGE('',*,*,#5495,.T.);
#3142=ORIENTED_EDGE('',*,*,#5329,.F.);
#3143=ORIENTED_EDGE('',*,*,#5496,.F.);
#3144=ORIENTED_EDGE('',*,*,#5497,.F.);
#3145=ORIENTED_EDGE('',*,*,#5498,.F.);
#3146=ORIENTED_EDGE('',*,*,#5326,.F.);
#3147=ORIENTED_EDGE('',*,*,#5499,.F.);
#3148=ORIENTED_EDGE('',*,*,#5500,.F.);
#3149=ORIENTED_EDGE('',*,*,#5382,.F.);
#3150=ORIENTED_EDGE('',*,*,#4930,.T.);
#3151=ORIENTED_EDGE('',*,*,#5492,.T.);
#3152=ORIENTED_EDGE('',*,*,#5463,.F.);
#3153=ORIENTED_EDGE('',*,*,#5461,.F.);
#3154=ORIENTED_EDGE('',*,*,#5501,.F.);
#3155=ORIENTED_EDGE('',*,*,#5502,.F.);
#3156=ORIENTED_EDGE('',*,*,#5475,.F.);
#3157=ORIENTED_EDGE('',*,*,#5503,.F.);
#3158=CARTESIAN_POINT('',(-5.5,0.0,0.0));
#3159=DIRECTION('',(0.0,0.0,-1.0));
#3160=DIRECTION('',(0.0,-1.0,0.0));
#3161=ORIENTED_EDGE('',*,*,#5504,.F.);
#3162=ORIENTED_EDGE('',*,*,#5402,.T.);
#3163=ORIENTED_EDGE('',*,*,#5505,.T.);
#3164=ORIENTED_EDGE('',*,*,#5506,.T.);
#3165=ORIENTED_EDGE('',*,*,#4923,.F.);
#3166=ORIENTED_EDGE('',*,*,#5503,.T.);
#3167=ORIENTED_EDGE('',*,*,#5474,.T.);
#3168=ORIENTED_EDGE('',*,*,#5491,.F.);
#3169=ORIENTED_EDGE('',*,*,#5404,.T.);
#3170=ORIENTED_EDGE('',*,*,#5507,.T.);
#3171=ORIENTED_EDGE('',*,*,#5441,.F.);
#3172=CARTESIAN_POINT('',(-5.5,1.9,0.0));
#3173=DIRECTION('',(-0.0,1.0,0.0));
#3174=DIRECTION('',(1.0,0.0,0.0));
#3175=ORIENTED_EDGE('',*,*,#5504,.T.);
#3176=ORIENTED_EDGE('',*,*,#5440,.F.);
#3177=ORIENTED_EDGE('',*,*,#5508,.T.);
#3178=ORIENTED_EDGE('',*,*,#5468,.T.);
#3179=ORIENTED_EDGE('',*,*,#5509,.F.);
#3180=ORIENTED_EDGE('',*,*,#5442,.F.);
#3181=ORIENTED_EDGE('',*,*,#5507,.F.);
#3182=ORIENTED_EDGE('',*,*,#5403,.F.);
#3183=CARTESIAN_POINT('',(-4.975,1.895,1.45));
#3184=DIRECTION('',(1.0,-0.0,0.0));
#3185=DIRECTION('',(0.0,0.0,1.0));
#3186=ORIENTED_EDGE('',*,*,#5509,.T.);
#3187=ORIENTED_EDGE('',*,*,#5467,.T.);
#3188=ORIENTED_EDGE('',*,*,#5422,.F.);
#3189=ORIENTED_EDGE('',*,*,#5443,.F.);
#3190=CARTESIAN_POINT('',(-4.975,1.895,1.3));
#3191=DIRECTION('',(0.0,0.0,-1.0));
#3192=DIRECTION('',(0.0,-1.0,0.0));
#3193=ORIENTED_EDGE('',*,*,#5469,.T.);
#3194=ORIENTED_EDGE('',*,*,#5508,.F.);
#3195=ORIENTED_EDGE('',*,*,#5439,.F.);
#3196=ORIENTED_EDGE('',*,*,#5510,.T.);
#3197=ORIENTED_EDGE('',*,*,#5433,.F.);
#3198=ORIENTED_EDGE('',*,*,#5255,.T.);
#3199=CARTESIAN_POINT('',(-4.975,1.895,4.3));
#3200=DIRECTION('',(-0.0,1.0,0.0));
#3201=DIRECTION('',(1.0,0.0,0.0));
#3202=ORIENTED_EDGE('',*,*,#5511,.T.);
#3203=ORIENTED_EDGE('',*,*,#5512,.F.);
#3204=ORIENTED_EDGE('',*,*,#5513,.F.);
#3205=ORIENTED_EDGE('',*,*,#5477,.T.);
#3206=ORIENTED_EDGE('',*,*,#5510,.F.);
#3207=CARTESIAN_POINT('',(-4.975,2.45,4.1));
#3208=DIRECTION('',(-1.0,0.0,0.0));
#3209=DIRECTION('',(0.0,0.0,1.0));
#3210=ORIENTED_EDGE('',*,*,#5478,.T.);
#3211=ORIENTED_EDGE('',*,*,#5513,.T.);
#3212=ORIENTED_EDGE('',*,*,#5514,.F.);
#3213=ORIENTED_EDGE('',*,*,#5400,.F.);
#3214=CARTESIAN_POINT('',(-4.775,2.45,4.1));
#3215=DIRECTION('',(-0.0,1.0,0.0));
#3216=DIRECTION('',(1.0,0.0,0.0));
#3217=ORIENTED_EDGE('',*,*,#5401,.T.);
#3218=ORIENTED_EDGE('',*,*,#5514,.T.);
#3219=ORIENTED_EDGE('',*,*,#5512,.T.);
#3220=ORIENTED_EDGE('',*,*,#5505,.F.);
#3221=CARTESIAN_POINT('',(-5.5,3.0,3.15));
#3222=DIRECTION('',(0.0,0.0,1.0));
#3223=DIRECTION('',(1.0,0.0,0.0));
#3224=ORIENTED_EDGE('',*,*,#5353,.T.);
#3225=ORIENTED_EDGE('',*,*,#5515,.T.);
#3226=ORIENTED_EDGE('',*,*,#5376,.F.);
#3227=ORIENTED_EDGE('',*,*,#5516,.T.);
#3228=CARTESIAN_POINT('',(-5.5,3.0,3.15));
#3229=DIRECTION('',(0.0,0.0,1.0));
#3230=DIRECTION('',(1.0,0.0,0.0));
#3231=ORIENTED_EDGE('',*,*,#5517,.T.);
#3232=ORIENTED_EDGE('',*,*,#5380,.F.);
#3233=ORIENTED_EDGE('',*,*,#5518,.F.);
#3234=ORIENTED_EDGE('',*,*,#5330,.F.);
#3235=ORIENTED_EDGE('',*,*,#5495,.F.);
#3236=ORIENTED_EDGE('',*,*,#5519,.T.);
#3237=ORIENTED_EDGE('',*,*,#5355,.T.);
#3238=ORIENTED_EDGE('',*,*,#5516,.F.);
#3239=ORIENTED_EDGE('',*,*,#5375,.F.);
#3240=ORIENTED_EDGE('',*,*,#5520,.F.);
#3241=ORIENTED_EDGE('',*,*,#5308,.F.);
#3242=CARTESIAN_POINT('',(4.475,1.9,0.0));
#3243=DIRECTION('',(-0.0,1.0,0.0));
#3244=DIRECTION('',(1.0,0.0,0.0));
#3245=ORIENTED_EDGE('',*,*,#5320,.F.);
#3246=ORIENTED_EDGE('',*,*,#5309,.T.);
#3247=ORIENTED_EDGE('',*,*,#5520,.T.);
#3248=ORIENTED_EDGE('',*,*,#5374,.T.);
#3249=ORIENTED_EDGE('',*,*,#5517,.F.);
#3250=ORIENTED_EDGE('',*,*,#5307,.T.);
#3251=ORIENTED_EDGE('',*,*,#5521,.T.);
#3252=ORIENTED_EDGE('',*,*,#5335,.F.);
#3253=CARTESIAN_POINT('',(4.975,1.895,1.45));
#3254=DIRECTION('',(1.0,-0.0,0.0));
#3255=DIRECTION('',(0.0,0.0,-1.0));
#3256=ORIENTED_EDGE('',*,*,#5336,.F.);
#3257=ORIENTED_EDGE('',*,*,#5521,.F.);
#3258=ORIENTED_EDGE('',*,*,#5306,.T.);
#3259=ORIENTED_EDGE('',*,*,#5294,.T.);
#3260=CARTESIAN_POINT('',(4.975,1.895,1.3));
#3261=DIRECTION('',(0.0,0.0,-1.0));
#3262=DIRECTION('',(0.0,-1.0,0.0));
#3263=ORIENTED_EDGE('',*,*,#5522,.T.);
#3264=ORIENTED_EDGE('',*,*,#5485,.F.);
#3265=ORIENTED_EDGE('',*,*,#5344,.T.);
#3266=ORIENTED_EDGE('',*,*,#5383,.T.);
#3267=ORIENTED_EDGE('',*,*,#5500,.T.);
#3268=ORIENTED_EDGE('',*,*,#5523,.T.);
#3269=ORIENTED_EDGE('',*,*,#5368,.T.);
#3270=ORIENTED_EDGE('',*,*,#5364,.F.);
#3271=ORIENTED_EDGE('',*,*,#5362,.F.);
#3272=ORIENTED_EDGE('',*,*,#5358,.T.);
#3273=ORIENTED_EDGE('',*,*,#5356,.T.);
#3274=ORIENTED_EDGE('',*,*,#5519,.F.);
#3275=ORIENTED_EDGE('',*,*,#5494,.T.);
#3276=ORIENTED_EDGE('',*,*,#4982,.T.);
#3277=CARTESIAN_POINT('',(5.5,0.0,0.0));
#3278=DIRECTION('',(1.0,0.0,0.0));
#3279=DIRECTION('',(0.0,1.0,0.0));
#3280=ORIENTED_EDGE('',*,*,#5523,.F.);
#3281=ORIENTED_EDGE('',*,*,#5499,.T.);
#3282=ORIENTED_EDGE('',*,*,#5325,.T.);
#3283=ORIENTED_EDGE('',*,*,#5524,.T.);
#3284=ORIENTED_EDGE('',*,*,#5371,.T.);
#3285=ORIENTED_EDGE('',*,*,#5369,.T.);
#3286=CARTESIAN_POINT('',(5.5,0.55,0.0));
#3287=DIRECTION('',(0.0,-1.0,0.0));
#3288=DIRECTION('',(0.0,0.0,-1.0));
#3289=ORIENTED_EDGE('',*,*,#5324,.F.);
#3290=ORIENTED_EDGE('',*,*,#5384,.T.);
#3291=ORIENTED_EDGE('',*,*,#5372,.T.);
#3292=ORIENTED_EDGE('',*,*,#5524,.F.);
#3293=CARTESIAN_POINT('',(4.625,0.0,0.95));
#3294=DIRECTION('',(0.0,1.0,-0.0));
#3295=DIRECTION('',(1.0,0.0,0.0));
#3296=ORIENTED_EDGE('',*,*,#5331,.F.);
#3297=ORIENTED_EDGE('',*,*,#5518,.T.);
#3298=ORIENTED_EDGE('',*,*,#5379,.T.);
#3299=ORIENTED_EDGE('',*,*,#5484,.F.);
#3300=ORIENTED_EDGE('',*,*,#5487,.F.);
#3301=CARTESIAN_POINT('',(4.625,0.0,0.95));
#3302=DIRECTION('',(0.0,1.0,-0.0));
#3303=DIRECTION('',(1.0,0.0,0.0));
#3304=ORIENTED_EDGE('',*,*,#5333,.T.);
#3305=ORIENTED_EDGE('',*,*,#5486,.F.);
#3306=ORIENTED_EDGE('',*,*,#5483,.F.);
#3307=ORIENTED_EDGE('',*,*,#5522,.F.);
#3308=ORIENTED_EDGE('',*,*,#4981,.T.);
#3309=CARTESIAN_POINT('',(5.5,3.0,0.8));
#3310=DIRECTION('',(0.0,0.0,-1.0));
#3311=DIRECTION('',(0.0,-1.0,0.0));
#3312=ORIENTED_EDGE('',*,*,#5515,.F.);
#3313=ORIENTED_EDGE('',*,*,#5352,.F.);
#3314=ORIENTED_EDGE('',*,*,#5347,.T.);
#3315=ORIENTED_EDGE('',*,*,#5377,.T.);
#3316=CARTESIAN_POINT('',(4.975,2.45,4.1));
#3317=DIRECTION('',(-0.0,1.0,0.0));
#3318=DIRECTION('',(1.0,0.0,0.0));
#3319=ORIENTED_EDGE('',*,*,#5361,.F.);
#3320=ORIENTED_EDGE('',*,*,#4924,.F.);
#3321=ORIENTED_EDGE('',*,*,#5506,.F.);
#3322=ORIENTED_EDGE('',*,*,#5511,.F.);
#3323=ORIENTED_EDGE('',*,*,#5438,.F.);
#3324=CARTESIAN_POINT('',(19.33411684751,1.7,3.15));
#3325=DIRECTION('',(1.0,-0.0,0.0));
#3326=DIRECTION('',(0.0,0.0,1.0));
#3327=ORIENTED_EDGE('',*,*,#5502,.T.);
#3328=ORIENTED_EDGE('',*,*,#5525,.T.);
#3329=ORIENTED_EDGE('',*,*,#5526,.T.);
#3330=ORIENTED_EDGE('',*,*,#5527,.F.);
#3331=ORIENTED_EDGE('',*,*,#5528,.T.);
#3332=ORIENTED_EDGE('',*,*,#5455,.F.);
#3333=ORIENTED_EDGE('',*,*,#5413,.T.);
#3334=ORIENTED_EDGE('',*,*,#5476,.F.);
#3335=CARTESIAN_POINT('',(-4.475,1.65,0.0));
#3336=DIRECTION('',(-0.0,1.0,0.0));
#3337=DIRECTION('',(1.0,0.0,0.0));
#3338=ORIENTED_EDGE('',*,*,#5529,.T.);
#3339=ORIENTED_EDGE('',*,*,#5530,.T.);
#3340=ORIENTED_EDGE('',*,*,#5531,.T.);
#3341=ORIENTED_EDGE('',*,*,#5532,.F.);
#3342=ORIENTED_EDGE('',*,*,#5496,.T.);
#3343=ORIENTED_EDGE('',*,*,#5337,.F.);
#3344=ORIENTED_EDGE('',*,*,#5277,.T.);
#3345=ORIENTED_EDGE('',*,*,#5275,.T.);
#3346=CARTESIAN_POINT('',(-4.475,1.65,0.0));
#3347=DIRECTION('',(-0.0,1.0,0.0));
#3348=DIRECTION('',(1.0,0.0,0.0));
#3349=ORIENTED_EDGE('',*,*,#5533,.T.);
#3350=ORIENTED_EDGE('',*,*,#5261,.T.);
#3351=ORIENTED_EDGE('',*,*,#5456,.F.);
#3352=ORIENTED_EDGE('',*,*,#5528,.F.);
#3353=ORIENTED_EDGE('',*,*,#5534,.T.);
#3354=ORIENTED_EDGE('',*,*,#5535,.F.);
#3355=CARTESIAN_POINT('',(-3.425,1.7,3.1));
#3356=DIRECTION('',(0.0,0.0,-1.0));
#3357=DIRECTION('',(0.0,-1.0,0.0));
#3358=ORIENTED_EDGE('',*,*,#5536,.F.);
#3359=ORIENTED_EDGE('',*,*,#5537,.T.);
#3360=ORIENTED_EDGE('',*,*,#5538,.T.);
#3361=ORIENTED_EDGE('',*,*,#5228,.F.);
#3362=ORIENTED_EDGE('',*,*,#5539,.T.);
#3363=ORIENTED_EDGE('',*,*,#5540,.T.);
#3364=ORIENTED_EDGE('',*,*,#5541,.T.);
#3365=ORIENTED_EDGE('',*,*,#5542,.T.);
#3366=ORIENTED_EDGE('',*,*,#5543,.T.);
#3367=ORIENTED_EDGE('',*,*,#5544,.T.);
#3368=ORIENTED_EDGE('',*,*,#5545,.T.);
#3369=ORIENTED_EDGE('',*,*,#5535,.T.);
#3370=ORIENTED_EDGE('',*,*,#5546,.F.);
#3371=ORIENTED_EDGE('',*,*,#5224,.F.);
#3372=ORIENTED_EDGE('',*,*,#5547,.T.);
#3373=ORIENTED_EDGE('',*,*,#5548,.F.);
#3374=ORIENTED_EDGE('',*,*,#5549,.F.);
#3375=ORIENTED_EDGE('',*,*,#5550,.T.);
#3376=ORIENTED_EDGE('',*,*,#5551,.T.);
#3377=ORIENTED_EDGE('',*,*,#5552,.F.);
#3378=ORIENTED_EDGE('',*,*,#5553,.F.);
#3379=ORIENTED_EDGE('',*,*,#5554,.T.);
#3380=ORIENTED_EDGE('',*,*,#5555,.T.);
#3381=ORIENTED_EDGE('',*,*,#5556,.F.);
#3382=ORIENTED_EDGE('',*,*,#5557,.F.);
#3383=ORIENTED_EDGE('',*,*,#5558,.T.);
#3384=ORIENTED_EDGE('',*,*,#5559,.T.);
#3385=ORIENTED_EDGE('',*,*,#5560,.F.);
#3386=ORIENTED_EDGE('',*,*,#5561,.F.);
#3387=ORIENTED_EDGE('',*,*,#5562,.T.);
#3388=ORIENTED_EDGE('',*,*,#5563,.T.);
#3389=ORIENTED_EDGE('',*,*,#5564,.F.);
#3390=ORIENTED_EDGE('',*,*,#5565,.F.);
#3391=ORIENTED_EDGE('',*,*,#5566,.T.);
#3392=ORIENTED_EDGE('',*,*,#5567,.T.);
#3393=ORIENTED_EDGE('',*,*,#5568,.F.);
#3394=ORIENTED_EDGE('',*,*,#5569,.F.);
#3395=ORIENTED_EDGE('',*,*,#5570,.T.);
#3396=CARTESIAN_POINT('',(-3.6,1.7,5.4));
#3397=DIRECTION('',(0.0,-1.0,0.0));
#3398=DIRECTION('',(0.0,0.0,-1.0));
#3399=ORIENTED_EDGE('',*,*,#5571,.T.);
#3400=ORIENTED_EDGE('',*,*,#5572,.F.);
#3401=ORIENTED_EDGE('',*,*,#5573,.F.);
#3402=ORIENTED_EDGE('',*,*,#5574,.F.);
#3403=ORIENTED_EDGE('',*,*,#5575,.F.);
#3404=ORIENTED_EDGE('',*,*,#5576,.F.);
#3405=ORIENTED_EDGE('',*,*,#4944,.T.);
#3406=CARTESIAN_POINT('',(-2.675,0.0,0.0));
#3407=DIRECTION('',(1.0,0.0,0.0));
#3408=DIRECTION('',(0.0,1.0,0.0));
#3409=ORIENTED_EDGE('',*,*,#5577,.T.);
#3410=ORIENTED_EDGE('',*,*,#5578,.F.);
#3411=ORIENTED_EDGE('',*,*,#5579,.F.);
#3412=ORIENTED_EDGE('',*,*,#5580,.T.);
#3413=CARTESIAN_POINT('',(-2.675,0.0,0.0));
#3414=DIRECTION('',(1.0,0.0,0.0));
#3415=DIRECTION('',(0.0,1.0,0.0));
#3416=ORIENTED_EDGE('',*,*,#5581,.F.);
#3417=ORIENTED_EDGE('',*,*,#5582,.F.);
#3418=ORIENTED_EDGE('',*,*,#5583,.F.);
#3419=ORIENTED_EDGE('',*,*,#5584,.F.);
#3420=ORIENTED_EDGE('',*,*,#5585,.F.);
#3421=ORIENTED_EDGE('',*,*,#5586,.F.);
#3422=ORIENTED_EDGE('',*,*,#5587,.F.);
#3423=ORIENTED_EDGE('',*,*,#5570,.F.);
#3424=CARTESIAN_POINT('',(-2.675,0.0,0.0));
#3425=DIRECTION('',(1.0,0.0,0.0));
#3426=DIRECTION('',(0.0,1.0,0.0));
#3427=ORIENTED_EDGE('',*,*,#5576,.T.);
#3428=ORIENTED_EDGE('',*,*,#5588,.T.);
#3429=ORIENTED_EDGE('',*,*,#5589,.F.);
#3430=ORIENTED_EDGE('',*,*,#4945,.F.);
#3431=CARTESIAN_POINT('',(-2.675,2.55,0.01251329168308));
#3432=DIRECTION('',(-1.0,0.0,-0.0));
#3433=DIRECTION('',(0.0,0.0,-1.0));
#3434=ORIENTED_EDGE('',*,*,#5589,.T.);
#3435=ORIENTED_EDGE('',*,*,#5590,.T.);
#3436=ORIENTED_EDGE('',*,*,#5591,.T.);
#3437=ORIENTED_EDGE('',*,*,#5592,.T.);
#3438=ORIENTED_EDGE('',*,*,#5593,.T.);
#3439=ORIENTED_EDGE('',*,*,#5594,.F.);
#3440=ORIENTED_EDGE('',*,*,#4946,.F.);
#3441=CARTESIAN_POINT('',(-2.325,0.0,0.0));
#3442=DIRECTION('',(1.0,0.0,0.0));
#3443=DIRECTION('',(0.0,1.0,0.0));
#3444=ORIENTED_EDGE('',*,*,#5595,.T.);
#3445=ORIENTED_EDGE('',*,*,#5596,.T.);
#3446=ORIENTED_EDGE('',*,*,#5597,.F.);
#3447=ORIENTED_EDGE('',*,*,#5598,.F.);
#3448=CARTESIAN_POINT('',(-2.325,0.0,0.0));
#3449=DIRECTION('',(1.0,0.0,0.0));
#3450=DIRECTION('',(0.0,1.0,0.0));
#3451=ORIENTED_EDGE('',*,*,#5599,.T.);
#3452=ORIENTED_EDGE('',*,*,#5600,.T.);
#3453=ORIENTED_EDGE('',*,*,#5601,.T.);
#3454=ORIENTED_EDGE('',*,*,#5602,.T.);
#3455=ORIENTED_EDGE('',*,*,#5603,.T.);
#3456=ORIENTED_EDGE('',*,*,#5604,.T.);
#3457=ORIENTED_EDGE('',*,*,#5605,.T.);
#3458=ORIENTED_EDGE('',*,*,#5568,.T.);
#3459=CARTESIAN_POINT('',(-2.325,0.0,0.0));
#3460=DIRECTION('',(1.0,0.0,0.0));
#3461=DIRECTION('',(0.0,1.0,0.0));
#3462=ORIENTED_EDGE('',*,*,#5195,.T.);
#3463=ORIENTED_EDGE('',*,*,#5606,.F.);
#3464=ORIENTED_EDGE('',*,*,#4967,.F.);
#3465=ORIENTED_EDGE('',*,*,#5607,.T.);
#3466=ORIENTED_EDGE('',*,*,#5608,.F.);
#3467=ORIENTED_EDGE('',*,*,#5609,.F.);
#3468=ORIENTED_EDGE('',*,*,#4963,.F.);
#3469=ORIENTED_EDGE('',*,*,#5610,.T.);
#3470=ORIENTED_EDGE('',*,*,#5611,.F.);
#3471=ORIENTED_EDGE('',*,*,#5612,.F.);
#3472=ORIENTED_EDGE('',*,*,#4959,.F.);
#3473=ORIENTED_EDGE('',*,*,#5613,.T.);
#3474=ORIENTED_EDGE('',*,*,#5614,.F.);
#3475=ORIENTED_EDGE('',*,*,#5615,.F.);
#3476=ORIENTED_EDGE('',*,*,#4955,.F.);
#3477=ORIENTED_EDGE('',*,*,#5616,.T.);
#3478=ORIENTED_EDGE('',*,*,#5617,.F.);
#3479=ORIENTED_EDGE('',*,*,#5618,.F.);
#3480=ORIENTED_EDGE('',*,*,#4951,.F.);
#3481=ORIENTED_EDGE('',*,*,#5619,.T.);
#3482=ORIENTED_EDGE('',*,*,#5620,.F.);
#3483=ORIENTED_EDGE('',*,*,#5621,.F.);
#3484=ORIENTED_EDGE('',*,*,#4947,.F.);
#3485=ORIENTED_EDGE('',*,*,#5594,.T.);
#3486=ORIENTED_EDGE('',*,*,#5622,.F.);
#3487=ORIENTED_EDGE('',*,*,#5571,.F.);
#3488=ORIENTED_EDGE('',*,*,#4943,.F.);
#3489=ORIENTED_EDGE('',*,*,#5623,.T.);
#3490=CARTESIAN_POINT('',(-5.5,2.7,0.15));
#3491=DIRECTION('',(0.0,0.0,-1.0));
#3492=DIRECTION('',(0.0,-1.0,0.0));
#3493=ORIENTED_EDGE('',*,*,#4942,.F.);
#3494=ORIENTED_EDGE('',*,*,#5624,.F.);
#3495=ORIENTED_EDGE('',*,*,#5196,.F.);
#3496=ORIENTED_EDGE('',*,*,#5623,.F.);
#3497=CARTESIAN_POINT('',(-4.65,3.0,0.43));
#3498=DIRECTION('',(1.0,0.0,0.0));
#3499=DIRECTION('',(0.0,1.0,0.0));
#3500=ORIENTED_EDGE('',*,*,#5624,.T.);
#3501=ORIENTED_EDGE('',*,*,#4941,.F.);
#3502=ORIENTED_EDGE('',*,*,#5625,.F.);
#3503=ORIENTED_EDGE('',*,*,#5197,.T.);
#3504=CARTESIAN_POINT('',(-3.7,3.0,0.43));
#3505=DIRECTION('',(0.0,0.0,-1.0));
#3506=DIRECTION('',(0.0,-1.0,0.0));
#3507=ORIENTED_EDGE('',*,*,#5625,.T.);
#3508=ORIENTED_EDGE('',*,*,#4940,.F.);
#3509=ORIENTED_EDGE('',*,*,#5179,.F.);
#3510=ORIENTED_EDGE('',*,*,#5198,.T.);
#3511=CARTESIAN_POINT('',(-3.7,3.0,0.6));
#3512=DIRECTION('',(1.0,0.0,0.0));
#3513=DIRECTION('',(0.0,1.0,0.0));
#3514=ORIENTED_EDGE('',*,*,#5593,.F.);
#3515=ORIENTED_EDGE('',*,*,#5626,.F.);
#3516=ORIENTED_EDGE('',*,*,#5572,.T.);
#3517=ORIENTED_EDGE('',*,*,#5622,.T.);
#3518=CARTESIAN_POINT('',(-2.675,2.546,-0.003723435466664));
#3519=DIRECTION('',(-1.0,0.0,-0.0));
#3520=DIRECTION('',(0.0,0.0,-1.0));
#3521=ORIENTED_EDGE('',*,*,#5626,.T.);
#3522=ORIENTED_EDGE('',*,*,#5592,.F.);
#3523=ORIENTED_EDGE('',*,*,#5627,.F.);
#3524=ORIENTED_EDGE('',*,*,#5573,.T.);
#3525=CARTESIAN_POINT('',(-2.675,3.0,-2.0));
#3526=DIRECTION('',(-0.0,1.0,0.0));
#3527=DIRECTION('',(1.0,0.0,0.0));
#3528=ORIENTED_EDGE('',*,*,#5627,.T.);
#3529=ORIENTED_EDGE('',*,*,#5591,.F.);
#3530=ORIENTED_EDGE('',*,*,#5628,.F.);
#3531=ORIENTED_EDGE('',*,*,#5574,.T.);
#3532=CARTESIAN_POINT('',(-2.675,2.75,-2.0));
#3533=DIRECTION('',(0.0,0.0,-1.0));
#3534=DIRECTION('',(0.0,-1.0,0.0));
#3535=ORIENTED_EDGE('',*,*,#5628,.T.);
#3536=ORIENTED_EDGE('',*,*,#5590,.F.);
#3537=ORIENTED_EDGE('',*,*,#5588,.F.);
#3538=ORIENTED_EDGE('',*,*,#5575,.T.);
#3539=CARTESIAN_POINT('',(-2.675,2.75,0.01251329168308));
#3540=DIRECTION('',(0.0,-1.0,0.0));
#3541=DIRECTION('',(0.0,0.0,-1.0));
#3542=ORIENTED_EDGE('',*,*,#5621,.T.);
#3543=ORIENTED_EDGE('',*,*,#5629,.F.);
#3544=ORIENTED_EDGE('',*,*,#5630,.F.);
#3545=ORIENTED_EDGE('',*,*,#5631,.F.);
#3546=ORIENTED_EDGE('',*,*,#5632,.F.);
#3547=ORIENTED_EDGE('',*,*,#5633,.F.);
#3548=ORIENTED_EDGE('',*,*,#4948,.T.);
#3549=CARTESIAN_POINT('',(-1.675,0.0,0.0));
#3550=DIRECTION('',(1.0,0.0,0.0));
#3551=DIRECTION('',(0.0,1.0,0.0));
#3552=ORIENTED_EDGE('',*,*,#5634,.T.);
#3553=ORIENTED_EDGE('',*,*,#5635,.F.);
#3554=ORIENTED_EDGE('',*,*,#5636,.F.);
#3555=ORIENTED_EDGE('',*,*,#5637,.T.);
#3556=CARTESIAN_POINT('',(-1.675,0.0,0.0));
#3557=DIRECTION('',(1.0,0.0,0.0));
#3558=DIRECTION('',(0.0,1.0,0.0));
#3559=ORIENTED_EDGE('',*,*,#5638,.F.);
#3560=ORIENTED_EDGE('',*,*,#5639,.F.);
#3561=ORIENTED_EDGE('',*,*,#5640,.F.);
#3562=ORIENTED_EDGE('',*,*,#5641,.F.);
#3563=ORIENTED_EDGE('',*,*,#5642,.F.);
#3564=ORIENTED_EDGE('',*,*,#5643,.F.);
#3565=ORIENTED_EDGE('',*,*,#5644,.F.);
#3566=ORIENTED_EDGE('',*,*,#5550,.F.);
#3567=CARTESIAN_POINT('',(-1.675,0.0,0.0));
#3568=DIRECTION('',(1.0,0.0,0.0));
#3569=DIRECTION('',(0.0,1.0,0.0));
#3570=ORIENTED_EDGE('',*,*,#5633,.T.);
#3571=ORIENTED_EDGE('',*,*,#5645,.T.);
#3572=ORIENTED_EDGE('',*,*,#5646,.F.);
#3573=ORIENTED_EDGE('',*,*,#4949,.F.);
#3574=CARTESIAN_POINT('',(-1.675,2.55,0.01251329168308));
#3575=DIRECTION('',(-1.0,0.0,-0.0));
#3576=DIRECTION('',(0.0,0.0,-1.0));
#3577=ORIENTED_EDGE('',*,*,#5646,.T.);
#3578=ORIENTED_EDGE('',*,*,#5647,.T.);
#3579=ORIENTED_EDGE('',*,*,#5648,.T.);
#3580=ORIENTED_EDGE('',*,*,#5649,.T.);
#3581=ORIENTED_EDGE('',*,*,#5650,.T.);
#3582=ORIENTED_EDGE('',*,*,#5619,.F.);
#3583=ORIENTED_EDGE('',*,*,#4950,.F.);
#3584=CARTESIAN_POINT('',(-1.325,0.0,0.0));
#3585=DIRECTION('',(1.0,0.0,0.0));
#3586=DIRECTION('',(0.0,1.0,0.0));
#3587=ORIENTED_EDGE('',*,*,#5651,.T.);
#3588=ORIENTED_EDGE('',*,*,#5652,.T.);
#3589=ORIENTED_EDGE('',*,*,#5653,.F.);
#3590=ORIENTED_EDGE('',*,*,#5654,.F.);
#3591=CARTESIAN_POINT('',(-1.325,0.0,0.0));
#3592=DIRECTION('',(1.0,0.0,0.0));
#3593=DIRECTION('',(0.0,1.0,0.0));
#3594=ORIENTED_EDGE('',*,*,#5655,.T.);
#3595=ORIENTED_EDGE('',*,*,#5656,.T.);
#3596=ORIENTED_EDGE('',*,*,#5657,.T.);
#3597=ORIENTED_EDGE('',*,*,#5658,.T.);
#3598=ORIENTED_EDGE('',*,*,#5659,.T.);
#3599=ORIENTED_EDGE('',*,*,#5660,.T.);
#3600=ORIENTED_EDGE('',*,*,#5661,.T.);
#3601=ORIENTED_EDGE('',*,*,#5548,.T.);
#3602=CARTESIAN_POINT('',(-1.325,0.0,0.0));
#3603=DIRECTION('',(1.0,0.0,0.0));
#3604=DIRECTION('',(0.0,1.0,0.0));
#3605=ORIENTED_EDGE('',*,*,#5650,.F.);
#3606=ORIENTED_EDGE('',*,*,#5662,.F.);
#3607=ORIENTED_EDGE('',*,*,#5629,.T.);
#3608=ORIENTED_EDGE('',*,*,#5620,.T.);
#3609=CARTESIAN_POINT('',(-1.675,2.546,-0.003723435466664));
#3610=DIRECTION('',(-1.0,0.0,-0.0));
#3611=DIRECTION('',(0.0,0.0,-1.0));
#3612=ORIENTED_EDGE('',*,*,#5662,.T.);
#3613=ORIENTED_EDGE('',*,*,#5649,.F.);
#3614=ORIENTED_EDGE('',*,*,#5663,.F.);
#3615=ORIENTED_EDGE('',*,*,#5630,.T.);
#3616=CARTESIAN_POINT('',(-1.675,3.0,-2.0));
#3617=DIRECTION('',(-0.0,1.0,0.0));
#3618=DIRECTION('',(1.0,0.0,0.0));
#3619=ORIENTED_EDGE('',*,*,#5663,.T.);
#3620=ORIENTED_EDGE('',*,*,#5648,.F.);
#3621=ORIENTED_EDGE('',*,*,#5664,.F.);
#3622=ORIENTED_EDGE('',*,*,#5631,.T.);
#3623=CARTESIAN_POINT('',(-1.675,2.75,-2.0));
#3624=DIRECTION('',(0.0,0.0,-1.0));
#3625=DIRECTION('',(0.0,-1.0,0.0));
#3626=ORIENTED_EDGE('',*,*,#5664,.T.);
#3627=ORIENTED_EDGE('',*,*,#5647,.F.);
#3628=ORIENTED_EDGE('',*,*,#5645,.F.);
#3629=ORIENTED_EDGE('',*,*,#5632,.T.);
#3630=CARTESIAN_POINT('',(-1.675,2.75,0.01251329168308));
#3631=DIRECTION('',(0.0,-1.0,0.0));
#3632=DIRECTION('',(0.0,0.0,-1.0));
#3633=ORIENTED_EDGE('',*,*,#5665,.T.);
#3634=ORIENTED_EDGE('',*,*,#5598,.T.);
#3635=ORIENTED_EDGE('',*,*,#5666,.F.);
#3636=ORIENTED_EDGE('',*,*,#5637,.F.);
#3637=ORIENTED_EDGE('',*,*,#5667,.T.);
#3638=ORIENTED_EDGE('',*,*,#5654,.T.);
#3639=ORIENTED_EDGE('',*,*,#5668,.F.);
#3640=ORIENTED_EDGE('',*,*,#5669,.F.);
#3641=ORIENTED_EDGE('',*,*,#5670,.T.);
#3642=ORIENTED_EDGE('',*,*,#5671,.T.);
#3643=ORIENTED_EDGE('',*,*,#5672,.F.);
#3644=ORIENTED_EDGE('',*,*,#5673,.F.);
#3645=ORIENTED_EDGE('',*,*,#5674,.T.);
#3646=ORIENTED_EDGE('',*,*,#5675,.T.);
#3647=ORIENTED_EDGE('',*,*,#5676,.F.);
#3648=ORIENTED_EDGE('',*,*,#5677,.F.);
#3649=ORIENTED_EDGE('',*,*,#5678,.T.);
#3650=ORIENTED_EDGE('',*,*,#5679,.T.);
#3651=ORIENTED_EDGE('',*,*,#5680,.F.);
#3652=ORIENTED_EDGE('',*,*,#5681,.F.);
#3653=ORIENTED_EDGE('',*,*,#5682,.T.);
#3654=ORIENTED_EDGE('',*,*,#5683,.T.);
#3655=ORIENTED_EDGE('',*,*,#5684,.F.);
#3656=ORIENTED_EDGE('',*,*,#5685,.F.);
#3657=ORIENTED_EDGE('',*,*,#5686,.T.);
#3658=ORIENTED_EDGE('',*,*,#5687,.T.);
#3659=ORIENTED_EDGE('',*,*,#5688,.F.);
#3660=ORIENTED_EDGE('',*,*,#5580,.F.);
#3661=CARTESIAN_POINT('',(3.525,1.2,1.8));
#3662=DIRECTION('',(0.0,-0.707106781186548,-0.707106781186548));
#3663=DIRECTION('',(0.0,-0.707106781186548,0.707106781186548));
#3664=ORIENTED_EDGE('',*,*,#5689,.T.);
#3665=ORIENTED_EDGE('',*,*,#5690,.T.);
#3666=ORIENTED_EDGE('',*,*,#5691,.F.);
#3667=ORIENTED_EDGE('',*,*,#5692,.F.);
#3668=ORIENTED_EDGE('',*,*,#5684,.T.);
#3669=ORIENTED_EDGE('',*,*,#5693,.T.);
#3670=ORIENTED_EDGE('',*,*,#5694,.F.);
#3671=ORIENTED_EDGE('',*,*,#5695,.F.);
#3672=ORIENTED_EDGE('',*,*,#5680,.T.);
#3673=ORIENTED_EDGE('',*,*,#5696,.T.);
#3674=ORIENTED_EDGE('',*,*,#5697,.F.);
#3675=ORIENTED_EDGE('',*,*,#5698,.F.);
#3676=ORIENTED_EDGE('',*,*,#5676,.T.);
#3677=ORIENTED_EDGE('',*,*,#5699,.T.);
#3678=ORIENTED_EDGE('',*,*,#5700,.F.);
#3679=ORIENTED_EDGE('',*,*,#5701,.F.);
#3680=ORIENTED_EDGE('',*,*,#5672,.T.);
#3681=ORIENTED_EDGE('',*,*,#5702,.T.);
#3682=ORIENTED_EDGE('',*,*,#5703,.F.);
#3683=ORIENTED_EDGE('',*,*,#5704,.F.);
#3684=ORIENTED_EDGE('',*,*,#5668,.T.);
#3685=ORIENTED_EDGE('',*,*,#5653,.T.);
#3686=ORIENTED_EDGE('',*,*,#5705,.F.);
#3687=ORIENTED_EDGE('',*,*,#5634,.F.);
#3688=ORIENTED_EDGE('',*,*,#5666,.T.);
#3689=ORIENTED_EDGE('',*,*,#5597,.T.);
#3690=ORIENTED_EDGE('',*,*,#5706,.F.);
#3691=ORIENTED_EDGE('',*,*,#5577,.F.);
#3692=ORIENTED_EDGE('',*,*,#5688,.T.);
#3693=ORIENTED_EDGE('',*,*,#5707,.T.);
#3694=ORIENTED_EDGE('',*,*,#5708,.F.);
#3695=ORIENTED_EDGE('',*,*,#5709,.T.);
#3696=ORIENTED_EDGE('',*,*,#5710,.F.);
#3697=ORIENTED_EDGE('',*,*,#5250,.F.);
#3698=CARTESIAN_POINT('',(3.525,0.95,2.05));
#3699=DIRECTION('',(0.0,-1.0,0.0));
#3700=DIRECTION('',(0.0,0.0,-1.0));
#3701=ORIENTED_EDGE('',*,*,#5710,.T.);
#3702=ORIENTED_EDGE('',*,*,#5711,.T.);
#3703=ORIENTED_EDGE('',*,*,#5480,.F.);
#3704=ORIENTED_EDGE('',*,*,#5386,.T.);
#3705=ORIENTED_EDGE('',*,*,#5217,.T.);
#3706=ORIENTED_EDGE('',*,*,#5251,.F.);
#3707=CARTESIAN_POINT('',(-4.075,0.0,4.1));
#3708=DIRECTION('',(0.8,0.0,-0.6));
#3709=DIRECTION('',(0.0,-1.0,0.0));
#3710=ORIENTED_EDGE('',*,*,#5712,.F.);
#3711=ORIENTED_EDGE('',*,*,#5525,.F.);
#3712=ORIENTED_EDGE('',*,*,#5501,.T.);
#3713=ORIENTED_EDGE('',*,*,#5460,.T.);
#3714=ORIENTED_EDGE('',*,*,#5711,.F.);
#3715=ORIENTED_EDGE('',*,*,#5709,.F.);
#3716=CARTESIAN_POINT('',(-4.075,1.65,0.0));
#3717=DIRECTION('',(1.0,0.0,0.0));
#3718=DIRECTION('',(0.0,1.0,0.0));
#3719=ORIENTED_EDGE('',*,*,#5708,.T.);
#3720=ORIENTED_EDGE('',*,*,#5713,.T.);
#3721=ORIENTED_EDGE('',*,*,#5526,.F.);
#3722=ORIENTED_EDGE('',*,*,#5712,.T.);
#3723=CARTESIAN_POINT('',(-4.475,0.95,3.0));
#3724=DIRECTION('',(0.0,0.0,-1.0));
#3725=DIRECTION('',(0.0,-1.0,0.0));
#3726=ORIENTED_EDGE('',*,*,#5531,.F.);
#3727=ORIENTED_EDGE('',*,*,#5714,.F.);
#3728=ORIENTED_EDGE('',*,*,#5691,.T.);
#3729=ORIENTED_EDGE('',*,*,#5715,.F.);
#3730=CARTESIAN_POINT('',(-4.475,0.95,3.0));
#3731=DIRECTION('',(0.0,0.0,-1.0));
#3732=DIRECTION('',(0.0,-1.0,0.0));
#3733=ORIENTED_EDGE('',*,*,#5534,.F.);
#3734=ORIENTED_EDGE('',*,*,#5527,.T.);
#3735=ORIENTED_EDGE('',*,*,#5713,.F.);
#3736=ORIENTED_EDGE('',*,*,#5707,.F.);
#3737=ORIENTED_EDGE('',*,*,#5687,.F.);
#3738=ORIENTED_EDGE('',*,*,#5716,.F.);
#3739=ORIENTED_EDGE('',*,*,#5717,.F.);
#3740=ORIENTED_EDGE('',*,*,#5225,.T.);
#3741=ORIENTED_EDGE('',*,*,#5546,.T.);
#3742=CARTESIAN_POINT('',(-3.525,0.0,0.0));
#3743=DIRECTION('',(-1.0,0.0,0.0));
#3744=DIRECTION('',(0.0,0.0,1.0));
#3745=ORIENTED_EDGE('',*,*,#5226,.T.);
#3746=ORIENTED_EDGE('',*,*,#5717,.T.);
#3747=ORIENTED_EDGE('',*,*,#5718,.F.);
#3748=ORIENTED_EDGE('',*,*,#5719,.F.);
#3749=ORIENTED_EDGE('',*,*,#5720,.F.);
#3750=ORIENTED_EDGE('',*,*,#5721,.F.);
#3751=ORIENTED_EDGE('',*,*,#5722,.T.);
#3752=ORIENTED_EDGE('',*,*,#5723,.T.);
#3753=ORIENTED_EDGE('',*,*,#5724,.T.);
#3754=ORIENTED_EDGE('',*,*,#5725,.F.);
#3755=ORIENTED_EDGE('',*,*,#5726,.F.);
#3756=ORIENTED_EDGE('',*,*,#5727,.T.);
#3757=ORIENTED_EDGE('',*,*,#5728,.F.);
#3758=ORIENTED_EDGE('',*,*,#5729,.F.);
#3759=ORIENTED_EDGE('',*,*,#5730,.T.);
#3760=ORIENTED_EDGE('',*,*,#5731,.T.);
#3761=ORIENTED_EDGE('',*,*,#5732,.T.);
#3762=ORIENTED_EDGE('',*,*,#5733,.F.);
#3763=ORIENTED_EDGE('',*,*,#5734,.F.);
#3764=ORIENTED_EDGE('',*,*,#5735,.T.);
#3765=ORIENTED_EDGE('',*,*,#5736,.F.);
#3766=ORIENTED_EDGE('',*,*,#5737,.F.);
#3767=ORIENTED_EDGE('',*,*,#5738,.T.);
#3768=ORIENTED_EDGE('',*,*,#5739,.T.);
#3769=ORIENTED_EDGE('',*,*,#5740,.T.);
#3770=ORIENTED_EDGE('',*,*,#5741,.F.);
#3771=ORIENTED_EDGE('',*,*,#5742,.F.);
#3772=ORIENTED_EDGE('',*,*,#5743,.T.);
#3773=ORIENTED_EDGE('',*,*,#5744,.F.);
#3774=ORIENTED_EDGE('',*,*,#5745,.F.);
#3775=ORIENTED_EDGE('',*,*,#5746,.T.);
#3776=ORIENTED_EDGE('',*,*,#5747,.T.);
#3777=ORIENTED_EDGE('',*,*,#5748,.T.);
#3778=ORIENTED_EDGE('',*,*,#5656,.F.);
#3779=ORIENTED_EDGE('',*,*,#5749,.F.);
#3780=ORIENTED_EDGE('',*,*,#5643,.T.);
#3781=ORIENTED_EDGE('',*,*,#5659,.F.);
#3782=ORIENTED_EDGE('',*,*,#5750,.F.);
#3783=ORIENTED_EDGE('',*,*,#5640,.T.);
#3784=ORIENTED_EDGE('',*,*,#5751,.T.);
#3785=ORIENTED_EDGE('',*,*,#5752,.T.);
#3786=ORIENTED_EDGE('',*,*,#5600,.F.);
#3787=ORIENTED_EDGE('',*,*,#5753,.F.);
#3788=ORIENTED_EDGE('',*,*,#5586,.T.);
#3789=ORIENTED_EDGE('',*,*,#5603,.F.);
#3790=ORIENTED_EDGE('',*,*,#5754,.F.);
#3791=ORIENTED_EDGE('',*,*,#5583,.T.);
#3792=ORIENTED_EDGE('',*,*,#5755,.T.);
#3793=ORIENTED_EDGE('',*,*,#5756,.T.);
#3794=ORIENTED_EDGE('',*,*,#5757,.F.);
#3795=ORIENTED_EDGE('',*,*,#5758,.F.);
#3796=ORIENTED_EDGE('',*,*,#5759,.T.);
#3797=CARTESIAN_POINT('',(3.525,1.95,4.3));
#3798=DIRECTION('',(-0.0,1.0,0.0));
#3799=DIRECTION('',(1.0,0.0,0.0));
#3800=ORIENTED_EDGE('',*,*,#5609,.T.);
#3801=ORIENTED_EDGE('',*,*,#5760,.F.);
#3802=ORIENTED_EDGE('',*,*,#5761,.F.);
#3803=ORIENTED_EDGE('',*,*,#5762,.F.);
#3804=ORIENTED_EDGE('',*,*,#5763,.F.);
#3805=ORIENTED_EDGE('',*,*,#5764,.F.);
#3806=ORIENTED_EDGE('',*,*,#4964,.T.);
#3807=CARTESIAN_POINT('',(2.325,0.0,0.0));
#3808=DIRECTION('',(1.0,0.0,0.0));
#3809=DIRECTION('',(0.0,1.0,0.0));
#3810=ORIENTED_EDGE('',*,*,#5695,.T.);
#3811=ORIENTED_EDGE('',*,*,#5765,.F.);
#3812=ORIENTED_EDGE('',*,*,#5766,.F.);
#3813=ORIENTED_EDGE('',*,*,#5681,.T.);
#3814=CARTESIAN_POINT('',(2.325,0.0,0.0));
#3815=DIRECTION('',(1.0,0.0,0.0));
#3816=DIRECTION('',(0.0,1.0,0.0));
#3817=ORIENTED_EDGE('',*,*,#5767,.F.);
#3818=ORIENTED_EDGE('',*,*,#5768,.F.);
#3819=ORIENTED_EDGE('',*,*,#5722,.F.);
#3820=ORIENTED_EDGE('',*,*,#5769,.F.);
#3821=ORIENTED_EDGE('',*,*,#5770,.F.);
#3822=ORIENTED_EDGE('',*,*,#5759,.F.);
#3823=ORIENTED_EDGE('',*,*,#5771,.F.);
#3824=ORIENTED_EDGE('',*,*,#5566,.F.);
#3825=CARTESIAN_POINT('',(2.325,0.0,0.0));
#3826=DIRECTION('',(1.0,0.0,0.0));
#3827=DIRECTION('',(0.0,1.0,0.0));
#3828=ORIENTED_EDGE('',*,*,#5764,.T.);
#3829=ORIENTED_EDGE('',*,*,#5772,.T.);
#3830=ORIENTED_EDGE('',*,*,#5773,.F.);
#3831=ORIENTED_EDGE('',*,*,#4965,.F.);
#3832=CARTESIAN_POINT('',(2.325,2.55,0.01251329168308));
#3833=DIRECTION('',(-1.0,0.0,-0.0));
#3834=DIRECTION('',(0.0,0.0,-1.0));
#3835=ORIENTED_EDGE('',*,*,#5773,.T.);
#3836=ORIENTED_EDGE('',*,*,#5774,.T.);
#3837=ORIENTED_EDGE('',*,*,#5775,.T.);
#3838=ORIENTED_EDGE('',*,*,#5776,.T.);
#3839=ORIENTED_EDGE('',*,*,#5777,.T.);
#3840=ORIENTED_EDGE('',*,*,#5607,.F.);
#3841=ORIENTED_EDGE('',*,*,#4966,.F.);
#3842=CARTESIAN_POINT('',(2.675,0.0,0.0));
#3843=DIRECTION('',(1.0,0.0,0.0));
#3844=DIRECTION('',(0.0,1.0,0.0));
#3845=ORIENTED_EDGE('',*,*,#5778,.T.);
#3846=ORIENTED_EDGE('',*,*,#5779,.T.);
#3847=ORIENTED_EDGE('',*,*,#5693,.F.);
#3848=ORIENTED_EDGE('',*,*,#5683,.F.);
#3849=CARTESIAN_POINT('',(2.675,0.0,0.0));
#3850=DIRECTION('',(1.0,0.0,0.0));
#3851=DIRECTION('',(0.0,1.0,0.0));
#3852=ORIENTED_EDGE('',*,*,#5780,.T.);
#3853=ORIENTED_EDGE('',*,*,#5757,.T.);
#3854=ORIENTED_EDGE('',*,*,#5781,.T.);
#3855=ORIENTED_EDGE('',*,*,#5782,.T.);
#3856=ORIENTED_EDGE('',*,*,#5720,.T.);
#3857=ORIENTED_EDGE('',*,*,#5783,.T.);
#3858=ORIENTED_EDGE('',*,*,#5784,.T.);
#3859=ORIENTED_EDGE('',*,*,#5564,.T.);
#3860=CARTESIAN_POINT('',(2.675,0.0,0.0));
#3861=DIRECTION('',(1.0,0.0,0.0));
#3862=DIRECTION('',(0.0,1.0,0.0));
#3863=ORIENTED_EDGE('',*,*,#5777,.F.);
#3864=ORIENTED_EDGE('',*,*,#5785,.F.);
#3865=ORIENTED_EDGE('',*,*,#5760,.T.);
#3866=ORIENTED_EDGE('',*,*,#5608,.T.);
#3867=CARTESIAN_POINT('',(2.325,2.546,-0.003723435466664));
#3868=DIRECTION('',(-1.0,0.0,-0.0));
#3869=DIRECTION('',(0.0,0.0,-1.0));
#3870=ORIENTED_EDGE('',*,*,#5785,.T.);
#3871=ORIENTED_EDGE('',*,*,#5776,.F.);
#3872=ORIENTED_EDGE('',*,*,#5786,.F.);
#3873=ORIENTED_EDGE('',*,*,#5761,.T.);
#3874=CARTESIAN_POINT('',(2.325,3.0,-2.0));
#3875=DIRECTION('',(-0.0,1.0,0.0));
#3876=DIRECTION('',(1.0,0.0,0.0));
#3877=ORIENTED_EDGE('',*,*,#5786,.T.);
#3878=ORIENTED_EDGE('',*,*,#5775,.F.);
#3879=ORIENTED_EDGE('',*,*,#5787,.F.);
#3880=ORIENTED_EDGE('',*,*,#5762,.T.);
#3881=CARTESIAN_POINT('',(2.325,2.75,-2.0));
#3882=DIRECTION('',(0.0,0.0,-1.0));
#3883=DIRECTION('',(0.0,-1.0,0.0));
#3884=ORIENTED_EDGE('',*,*,#5787,.T.);
#3885=ORIENTED_EDGE('',*,*,#5774,.F.);
#3886=ORIENTED_EDGE('',*,*,#5772,.F.);
#3887=ORIENTED_EDGE('',*,*,#5763,.T.);
#3888=CARTESIAN_POINT('',(2.325,2.75,0.01251329168308));
#3889=DIRECTION('',(0.0,-1.0,0.0));
#3890=DIRECTION('',(0.0,0.0,-1.0));
#3891=ORIENTED_EDGE('',*,*,#5694,.T.);
#3892=ORIENTED_EDGE('',*,*,#5779,.F.);
#3893=ORIENTED_EDGE('',*,*,#5788,.F.);
#3894=ORIENTED_EDGE('',*,*,#5765,.T.);
#3895=CARTESIAN_POINT('',(2.325,0.6226,3.886));
#3896=DIRECTION('',(-1.0,0.0,-0.0));
#3897=DIRECTION('',(0.0,0.0,-1.0));
#3898=ORIENTED_EDGE('',*,*,#5766,.T.);
#3899=ORIENTED_EDGE('',*,*,#5788,.T.);
#3900=ORIENTED_EDGE('',*,*,#5778,.F.);
#3901=ORIENTED_EDGE('',*,*,#5682,.F.);
#3902=CARTESIAN_POINT('',(2.325,0.9766,0.3957486420047));
#3903=DIRECTION('',(-0.0,1.0,0.0));
#3904=DIRECTION('',(1.0,0.0,0.0));
#3905=ORIENTED_EDGE('',*,*,#5784,.F.);
#3906=ORIENTED_EDGE('',*,*,#5789,.F.);
#3907=ORIENTED_EDGE('',*,*,#5767,.T.);
#3908=ORIENTED_EDGE('',*,*,#5565,.T.);
#3909=CARTESIAN_POINT('',(2.325,1.785085811307,3.49));
#3910=DIRECTION('',(-1.0,0.0,-0.0));
#3911=DIRECTION('',(0.0,0.0,-1.0));
#3912=ORIENTED_EDGE('',*,*,#5789,.T.);
#3913=ORIENTED_EDGE('',*,*,#5783,.F.);
#3914=ORIENTED_EDGE('',*,*,#5723,.F.);
#3915=ORIENTED_EDGE('',*,*,#5768,.T.);
#3916=CARTESIAN_POINT('',(2.325,2.044831411101,4.06));
#3917=DIRECTION('',(0.0,-0.832102059163441,0.554622541135827));
#3918=DIRECTION('',(-1.0,0.0,0.0));
#3919=ORIENTED_EDGE('',*,*,#5782,.F.);
#3920=ORIENTED_EDGE('',*,*,#5790,.F.);
#3921=ORIENTED_EDGE('',*,*,#5769,.T.);
#3922=ORIENTED_EDGE('',*,*,#5721,.T.);
#3923=CARTESIAN_POINT('',(2.325,1.947814528267,3.463688232176));
#3924=DIRECTION('',(0.0,0.832102059163441,-0.554622541135827));
#3925=DIRECTION('',(-1.0,0.0,0.0));
#3926=ORIENTED_EDGE('',*,*,#5790,.T.);
#3927=ORIENTED_EDGE('',*,*,#5781,.F.);
#3928=ORIENTED_EDGE('',*,*,#5756,.F.);
#3929=ORIENTED_EDGE('',*,*,#5770,.T.);
#3930=CARTESIAN_POINT('',(2.325,2.505838154234,1.426032567495));
#3931=DIRECTION('',(0.0,0.964487014158484,0.264130269979896));
#3932=DIRECTION('',(1.0,0.0,-0.0));
#3933=ORIENTED_EDGE('',*,*,#5771,.T.);
#3934=ORIENTED_EDGE('',*,*,#5758,.T.);
#3935=ORIENTED_EDGE('',*,*,#5780,.F.);
#3936=ORIENTED_EDGE('',*,*,#5563,.F.);
#3937=CARTESIAN_POINT('',(2.325,1.688637109891,3.463586973002));
#3938=DIRECTION('',(0.0,-0.964487014158484,-0.264130269979896));
#3939=DIRECTION('',(0.0,0.264130269979896,-0.964487014158484));
#3940=ORIENTED_EDGE('',*,*,#5612,.T.);
#3941=ORIENTED_EDGE('',*,*,#5791,.F.);
#3942=ORIENTED_EDGE('',*,*,#5792,.F.);
#3943=ORIENTED_EDGE('',*,*,#5793,.F.);
#3944=ORIENTED_EDGE('',*,*,#5794,.F.);
#3945=ORIENTED_EDGE('',*,*,#5795,.F.);
#3946=ORIENTED_EDGE('',*,*,#4960,.T.);
#3947=CARTESIAN_POINT('',(1.325,0.0,0.0));
#3948=DIRECTION('',(1.0,0.0,0.0));
#3949=DIRECTION('',(0.0,1.0,0.0));
#3950=ORIENTED_EDGE('',*,*,#5698,.T.);
#3951=ORIENTED_EDGE('',*,*,#5796,.F.);
#3952=ORIENTED_EDGE('',*,*,#5797,.F.);
#3953=ORIENTED_EDGE('',*,*,#5677,.T.);
#3954=CARTESIAN_POINT('',(1.325,0.0,0.0));
#3955=DIRECTION('',(1.0,0.0,0.0));
#3956=DIRECTION('',(0.0,1.0,0.0));
#3957=ORIENTED_EDGE('',*,*,#5798,.F.);
#3958=ORIENTED_EDGE('',*,*,#5799,.F.);
#3959=ORIENTED_EDGE('',*,*,#5730,.F.);
#3960=ORIENTED_EDGE('',*,*,#5800,.F.);
#3961=ORIENTED_EDGE('',*,*,#5801,.F.);
#3962=ORIENTED_EDGE('',*,*,#5727,.F.);
#3963=ORIENTED_EDGE('',*,*,#5802,.F.);
#3964=ORIENTED_EDGE('',*,*,#5562,.F.);
#3965=CARTESIAN_POINT('',(1.325,0.0,0.0));
#3966=DIRECTION('',(1.0,0.0,0.0));
#3967=DIRECTION('',(0.0,1.0,0.0));
#3968=ORIENTED_EDGE('',*,*,#5795,.T.);
#3969=ORIENTED_EDGE('',*,*,#5803,.T.);
#3970=ORIENTED_EDGE('',*,*,#5804,.F.);
#3971=ORIENTED_EDGE('',*,*,#4961,.F.);
#3972=CARTESIAN_POINT('',(1.325,2.55,0.01251329168308));
#3973=DIRECTION('',(-1.0,0.0,-0.0));
#3974=DIRECTION('',(0.0,0.0,-1.0));
#3975=ORIENTED_EDGE('',*,*,#5804,.T.);
#3976=ORIENTED_EDGE('',*,*,#5805,.T.);
#3977=ORIENTED_EDGE('',*,*,#5806,.T.);
#3978=ORIENTED_EDGE('',*,*,#5807,.T.);
#3979=ORIENTED_EDGE('',*,*,#5808,.T.);
#3980=ORIENTED_EDGE('',*,*,#5610,.F.);
#3981=ORIENTED_EDGE('',*,*,#4962,.F.);
#3982=CARTESIAN_POINT('',(1.675,0.0,0.0));
#3983=DIRECTION('',(1.0,0.0,0.0));
#3984=DIRECTION('',(0.0,1.0,0.0));
#3985=ORIENTED_EDGE('',*,*,#5809,.T.);
#3986=ORIENTED_EDGE('',*,*,#5810,.T.);
#3987=ORIENTED_EDGE('',*,*,#5696,.F.);
#3988=ORIENTED_EDGE('',*,*,#5679,.F.);
#3989=CARTESIAN_POINT('',(1.675,0.0,0.0));
#3990=DIRECTION('',(1.0,0.0,0.0));
#3991=DIRECTION('',(0.0,1.0,0.0));
#3992=ORIENTED_EDGE('',*,*,#5811,.T.);
#3993=ORIENTED_EDGE('',*,*,#5725,.T.);
#3994=ORIENTED_EDGE('',*,*,#5812,.T.);
#3995=ORIENTED_EDGE('',*,*,#5813,.T.);
#3996=ORIENTED_EDGE('',*,*,#5728,.T.);
#3997=ORIENTED_EDGE('',*,*,#5814,.T.);
#3998=ORIENTED_EDGE('',*,*,#5815,.T.);
#3999=ORIENTED_EDGE('',*,*,#5560,.T.);
#4000=CARTESIAN_POINT('',(1.675,0.0,0.0));
#4001=DIRECTION('',(1.0,0.0,0.0));
#4002=DIRECTION('',(0.0,1.0,0.0));
#4003=ORIENTED_EDGE('',*,*,#5808,.F.);
#4004=ORIENTED_EDGE('',*,*,#5816,.F.);
#4005=ORIENTED_EDGE('',*,*,#5791,.T.);
#4006=ORIENTED_EDGE('',*,*,#5611,.T.);
#4007=CARTESIAN_POINT('',(1.325,2.546,-0.003723435466664));
#4008=DIRECTION('',(-1.0,0.0,-0.0));
#4009=DIRECTION('',(0.0,0.0,-1.0));
#4010=ORIENTED_EDGE('',*,*,#5816,.T.);
#4011=ORIENTED_EDGE('',*,*,#5807,.F.);
#4012=ORIENTED_EDGE('',*,*,#5817,.F.);
#4013=ORIENTED_EDGE('',*,*,#5792,.T.);
#4014=CARTESIAN_POINT('',(1.325,3.0,-2.0));
#4015=DIRECTION('',(-0.0,1.0,0.0));
#4016=DIRECTION('',(1.0,0.0,0.0));
#4017=ORIENTED_EDGE('',*,*,#5817,.T.);
#4018=ORIENTED_EDGE('',*,*,#5806,.F.);
#4019=ORIENTED_EDGE('',*,*,#5818,.F.);
#4020=ORIENTED_EDGE('',*,*,#5793,.T.);
#4021=CARTESIAN_POINT('',(1.325,2.75,-2.0));
#4022=DIRECTION('',(0.0,0.0,-1.0));
#4023=DIRECTION('',(0.0,-1.0,0.0));
#4024=ORIENTED_EDGE('',*,*,#5818,.T.);
#4025=ORIENTED_EDGE('',*,*,#5805,.F.);
#4026=ORIENTED_EDGE('',*,*,#5803,.F.);
#4027=ORIENTED_EDGE('',*,*,#5794,.T.);
#4028=CARTESIAN_POINT('',(1.325,2.75,0.01251329168308));
#4029=DIRECTION('',(0.0,-1.0,0.0));
#4030=DIRECTION('',(0.0,0.0,-1.0));
#4031=ORIENTED_EDGE('',*,*,#5810,.F.);
#4032=ORIENTED_EDGE('',*,*,#5819,.F.);
#4033=ORIENTED_EDGE('',*,*,#5796,.T.);
#4034=ORIENTED_EDGE('',*,*,#5697,.T.);
#4035=CARTESIAN_POINT('',(1.325,0.6226,3.886));
#4036=DIRECTION('',(-1.0,0.0,-0.0));
#4037=DIRECTION('',(0.0,0.0,-1.0));
#4038=ORIENTED_EDGE('',*,*,#5797,.T.);
#4039=ORIENTED_EDGE('',*,*,#5819,.T.);
#4040=ORIENTED_EDGE('',*,*,#5809,.F.);
#4041=ORIENTED_EDGE('',*,*,#5678,.F.);
#4042=CARTESIAN_POINT('',(1.325,0.9766,0.3957486420047));
#4043=DIRECTION('',(-0.0,1.0,0.0));
#4044=DIRECTION('',(1.0,0.0,0.0));
#4045=ORIENTED_EDGE('',*,*,#5815,.F.);
#4046=ORIENTED_EDGE('',*,*,#5820,.F.);
#4047=ORIENTED_EDGE('',*,*,#5798,.T.);
#4048=ORIENTED_EDGE('',*,*,#5561,.T.);
#4049=CARTESIAN_POINT('',(1.325,1.785085811307,3.49));
#4050=DIRECTION('',(-1.0,0.0,-0.0));
#4051=DIRECTION('',(0.0,0.0,-1.0));
#4052=ORIENTED_EDGE('',*,*,#5820,.T.);
#4053=ORIENTED_EDGE('',*,*,#5814,.F.);
#4054=ORIENTED_EDGE('',*,*,#5731,.F.);
#4055=ORIENTED_EDGE('',*,*,#5799,.T.);
#4056=CARTESIAN_POINT('',(1.325,2.044831411101,4.06));
#4057=DIRECTION('',(0.0,-0.832102059163441,0.554622541135827));
#4058=DIRECTION('',(-1.0,0.0,0.0));
#4059=ORIENTED_EDGE('',*,*,#5813,.F.);
#4060=ORIENTED_EDGE('',*,*,#5821,.F.);
#4061=ORIENTED_EDGE('',*,*,#5800,.T.);
#4062=ORIENTED_EDGE('',*,*,#5729,.T.);
#4063=CARTESIAN_POINT('',(1.325,1.947814528267,3.463688232176));
#4064=DIRECTION('',(0.0,0.832102059163441,-0.554622541135827));
#4065=DIRECTION('',(-1.0,0.0,0.0));
#4066=ORIENTED_EDGE('',*,*,#5801,.T.);
#4067=ORIENTED_EDGE('',*,*,#5821,.T.);
#4068=ORIENTED_EDGE('',*,*,#5812,.F.);
#4069=ORIENTED_EDGE('',*,*,#5724,.F.);
#4070=CARTESIAN_POINT('',(1.325,2.505838154234,1.426032567495));
#4071=DIRECTION('',(0.0,0.964487014158484,0.264130269979896));
#4072=DIRECTION('',(1.0,0.0,-0.0));
#4073=ORIENTED_EDGE('',*,*,#5802,.T.);
#4074=ORIENTED_EDGE('',*,*,#5726,.T.);
#4075=ORIENTED_EDGE('',*,*,#5811,.F.);
#4076=ORIENTED_EDGE('',*,*,#5559,.F.);
#4077=CARTESIAN_POINT('',(1.325,1.688637109891,3.463586973002));
#4078=DIRECTION('',(0.0,-0.964487014158484,-0.264130269979896));
#4079=DIRECTION('',(0.0,0.264130269979896,-0.964487014158484));
#4080=ORIENTED_EDGE('',*,*,#5615,.T.);
#4081=ORIENTED_EDGE('',*,*,#5822,.F.);
#4082=ORIENTED_EDGE('',*,*,#5823,.F.);
#4083=ORIENTED_EDGE('',*,*,#5824,.F.);
#4084=ORIENTED_EDGE('',*,*,#5825,.F.);
#4085=ORIENTED_EDGE('',*,*,#5826,.F.);
#4086=ORIENTED_EDGE('',*,*,#4956,.T.);
#4087=CARTESIAN_POINT('',(0.325,0.0,0.0));
#4088=DIRECTION('',(1.0,0.0,0.0));
#4089=DIRECTION('',(0.0,1.0,0.0));
#4090=ORIENTED_EDGE('',*,*,#5701,.T.);
#4091=ORIENTED_EDGE('',*,*,#5827,.F.);
#4092=ORIENTED_EDGE('',*,*,#5828,.F.);
#4093=ORIENTED_EDGE('',*,*,#5673,.T.);
#4094=CARTESIAN_POINT('',(0.325,0.0,0.0));
#4095=DIRECTION('',(1.0,0.0,0.0));
#4096=DIRECTION('',(0.0,1.0,0.0));
#4097=ORIENTED_EDGE('',*,*,#5829,.F.);
#4098=ORIENTED_EDGE('',*,*,#5830,.F.);
#4099=ORIENTED_EDGE('',*,*,#5738,.F.);
#4100=ORIENTED_EDGE('',*,*,#5831,.F.);
#4101=ORIENTED_EDGE('',*,*,#5832,.F.);
#4102=ORIENTED_EDGE('',*,*,#5735,.F.);
#4103=ORIENTED_EDGE('',*,*,#5833,.F.);
#4104=ORIENTED_EDGE('',*,*,#5558,.F.);
#4105=CARTESIAN_POINT('',(0.325,0.0,0.0));
#4106=DIRECTION('',(1.0,0.0,0.0));
#4107=DIRECTION('',(0.0,1.0,0.0));
#4108=ORIENTED_EDGE('',*,*,#5826,.T.);
#4109=ORIENTED_EDGE('',*,*,#5834,.T.);
#4110=ORIENTED_EDGE('',*,*,#5835,.F.);
#4111=ORIENTED_EDGE('',*,*,#4957,.F.);
#4112=CARTESIAN_POINT('',(0.325,2.55,0.01251329168308));
#4113=DIRECTION('',(-1.0,0.0,-0.0));
#4114=DIRECTION('',(0.0,0.0,-1.0));
#4115=ORIENTED_EDGE('',*,*,#5835,.T.);
#4116=ORIENTED_EDGE('',*,*,#5836,.T.);
#4117=ORIENTED_EDGE('',*,*,#5837,.T.);
#4118=ORIENTED_EDGE('',*,*,#5838,.T.);
#4119=ORIENTED_EDGE('',*,*,#5839,.T.);
#4120=ORIENTED_EDGE('',*,*,#5613,.F.);
#4121=ORIENTED_EDGE('',*,*,#4958,.F.);
#4122=CARTESIAN_POINT('',(0.675,0.0,0.0));
#4123=DIRECTION('',(1.0,0.0,0.0));
#4124=DIRECTION('',(0.0,1.0,0.0));
#4125=ORIENTED_EDGE('',*,*,#5840,.T.);
#4126=ORIENTED_EDGE('',*,*,#5841,.T.);
#4127=ORIENTED_EDGE('',*,*,#5699,.F.);
#4128=ORIENTED_EDGE('',*,*,#5675,.F.);
#4129=CARTESIAN_POINT('',(0.675,0.0,0.0));
#4130=DIRECTION('',(1.0,0.0,0.0));
#4131=DIRECTION('',(0.0,1.0,0.0));
#4132=ORIENTED_EDGE('',*,*,#5842,.T.);
#4133=ORIENTED_EDGE('',*,*,#5733,.T.);
#4134=ORIENTED_EDGE('',*,*,#5843,.T.);
#4135=ORIENTED_EDGE('',*,*,#5844,.T.);
#4136=ORIENTED_EDGE('',*,*,#5736,.T.);
#4137=ORIENTED_EDGE('',*,*,#5845,.T.);
#4138=ORIENTED_EDGE('',*,*,#5846,.T.);
#4139=ORIENTED_EDGE('',*,*,#5556,.T.);
#4140=CARTESIAN_POINT('',(0.675,0.0,0.0));
#4141=DIRECTION('',(1.0,0.0,0.0));
#4142=DIRECTION('',(0.0,1.0,0.0));
#4143=ORIENTED_EDGE('',*,*,#5839,.F.);
#4144=ORIENTED_EDGE('',*,*,#5847,.F.);
#4145=ORIENTED_EDGE('',*,*,#5822,.T.);
#4146=ORIENTED_EDGE('',*,*,#5614,.T.);
#4147=CARTESIAN_POINT('',(0.325,2.546,-0.003723435466664));
#4148=DIRECTION('',(-1.0,0.0,-0.0));
#4149=DIRECTION('',(0.0,0.0,-1.0));
#4150=ORIENTED_EDGE('',*,*,#5847,.T.);
#4151=ORIENTED_EDGE('',*,*,#5838,.F.);
#4152=ORIENTED_EDGE('',*,*,#5848,.F.);
#4153=ORIENTED_EDGE('',*,*,#5823,.T.);
#4154=CARTESIAN_POINT('',(0.325,3.0,-2.0));
#4155=DIRECTION('',(-0.0,1.0,0.0));
#4156=DIRECTION('',(1.0,0.0,0.0));
#4157=ORIENTED_EDGE('',*,*,#5848,.T.);
#4158=ORIENTED_EDGE('',*,*,#5837,.F.);
#4159=ORIENTED_EDGE('',*,*,#5849,.F.);
#4160=ORIENTED_EDGE('',*,*,#5824,.T.);
#4161=CARTESIAN_POINT('',(0.325,2.75,-2.0));
#4162=DIRECTION('',(0.0,0.0,-1.0));
#4163=DIRECTION('',(0.0,-1.0,0.0));
#4164=ORIENTED_EDGE('',*,*,#5849,.T.);
#4165=ORIENTED_EDGE('',*,*,#5836,.F.);
#4166=ORIENTED_EDGE('',*,*,#5834,.F.);
#4167=ORIENTED_EDGE('',*,*,#5825,.T.);
#4168=CARTESIAN_POINT('',(0.325,2.75,0.01251329168308));
#4169=DIRECTION('',(0.0,-1.0,0.0));
#4170=DIRECTION('',(0.0,0.0,-1.0));
#4171=ORIENTED_EDGE('',*,*,#5841,.F.);
#4172=ORIENTED_EDGE('',*,*,#5850,.F.);
#4173=ORIENTED_EDGE('',*,*,#5827,.T.);
#4174=ORIENTED_EDGE('',*,*,#5700,.T.);
#4175=CARTESIAN_POINT('',(0.325,0.6226,3.886));
#4176=DIRECTION('',(-1.0,0.0,-0.0));
#4177=DIRECTION('',(0.0,0.0,-1.0));
#4178=ORIENTED_EDGE('',*,*,#5828,.T.);
#4179=ORIENTED_EDGE('',*,*,#5850,.T.);
#4180=ORIENTED_EDGE('',*,*,#5840,.F.);
#4181=ORIENTED_EDGE('',*,*,#5674,.F.);
#4182=CARTESIAN_POINT('',(0.325,0.9766,0.3957486420047));
#4183=DIRECTION('',(-0.0,1.0,0.0));
#4184=DIRECTION('',(1.0,0.0,0.0));
#4185=ORIENTED_EDGE('',*,*,#5846,.F.);
#4186=ORIENTED_EDGE('',*,*,#5851,.F.);
#4187=ORIENTED_EDGE('',*,*,#5829,.T.);
#4188=ORIENTED_EDGE('',*,*,#5557,.T.);
#4189=CARTESIAN_POINT('',(0.325,1.785085811307,3.49));
#4190=DIRECTION('',(-1.0,0.0,-0.0));
#4191=DIRECTION('',(0.0,0.0,-1.0));
#4192=ORIENTED_EDGE('',*,*,#5851,.T.);
#4193=ORIENTED_EDGE('',*,*,#5845,.F.);
#4194=ORIENTED_EDGE('',*,*,#5739,.F.);
#4195=ORIENTED_EDGE('',*,*,#5830,.T.);
#4196=CARTESIAN_POINT('',(0.325,2.044831411101,4.06));
#4197=DIRECTION('',(0.0,-0.832102059163441,0.554622541135827));
#4198=DIRECTION('',(-1.0,0.0,0.0));
#4199=ORIENTED_EDGE('',*,*,#5844,.F.);
#4200=ORIENTED_EDGE('',*,*,#5852,.F.);
#4201=ORIENTED_EDGE('',*,*,#5831,.T.);
#4202=ORIENTED_EDGE('',*,*,#5737,.T.);
#4203=CARTESIAN_POINT('',(0.325,1.947814528267,3.463688232176));
#4204=DIRECTION('',(0.0,0.832102059163441,-0.554622541135827));
#4205=DIRECTION('',(-1.0,0.0,0.0));
#4206=ORIENTED_EDGE('',*,*,#5832,.T.);
#4207=ORIENTED_EDGE('',*,*,#5852,.T.);
#4208=ORIENTED_EDGE('',*,*,#5843,.F.);
#4209=ORIENTED_EDGE('',*,*,#5732,.F.);
#4210=CARTESIAN_POINT('',(0.325,2.505838154234,1.426032567495));
#4211=DIRECTION('',(0.0,0.964487014158484,0.264130269979896));
#4212=DIRECTION('',(1.0,0.0,-0.0));
#4213=ORIENTED_EDGE('',*,*,#5833,.T.);
#4214=ORIENTED_EDGE('',*,*,#5734,.T.);
#4215=ORIENTED_EDGE('',*,*,#5842,.F.);
#4216=ORIENTED_EDGE('',*,*,#5555,.F.);
#4217=CARTESIAN_POINT('',(0.325,1.688637109891,3.463586973002));
#4218=DIRECTION('',(0.0,-0.964487014158484,-0.264130269979896));
#4219=DIRECTION('',(0.0,0.264130269979896,-0.964487014158484));
#4220=ORIENTED_EDGE('',*,*,#5618,.T.);
#4221=ORIENTED_EDGE('',*,*,#5853,.F.);
#4222=ORIENTED_EDGE('',*,*,#5854,.F.);
#4223=ORIENTED_EDGE('',*,*,#5855,.F.);
#4224=ORIENTED_EDGE('',*,*,#5856,.F.);
#4225=ORIENTED_EDGE('',*,*,#5857,.F.);
#4226=ORIENTED_EDGE('',*,*,#4952,.T.);
#4227=CARTESIAN_POINT('',(-0.675,0.0,0.0));
#4228=DIRECTION('',(1.0,0.0,0.0));
#4229=DIRECTION('',(0.0,1.0,0.0));
#4230=ORIENTED_EDGE('',*,*,#5704,.T.);
#4231=ORIENTED_EDGE('',*,*,#5858,.F.);
#4232=ORIENTED_EDGE('',*,*,#5859,.F.);
#4233=ORIENTED_EDGE('',*,*,#5669,.T.);
#4234=CARTESIAN_POINT('',(-0.675,0.0,0.0));
#4235=DIRECTION('',(1.0,0.0,0.0));
#4236=DIRECTION('',(0.0,1.0,0.0));
#4237=ORIENTED_EDGE('',*,*,#5860,.F.);
#4238=ORIENTED_EDGE('',*,*,#5861,.F.);
#4239=ORIENTED_EDGE('',*,*,#5746,.F.);
#4240=ORIENTED_EDGE('',*,*,#5862,.F.);
#4241=ORIENTED_EDGE('',*,*,#5863,.F.);
#4242=ORIENTED_EDGE('',*,*,#5743,.F.);
#4243=ORIENTED_EDGE('',*,*,#5864,.F.);
#4244=ORIENTED_EDGE('',*,*,#5554,.F.);
#4245=CARTESIAN_POINT('',(-0.675,0.0,0.0));
#4246=DIRECTION('',(1.0,0.0,0.0));
#4247=DIRECTION('',(0.0,1.0,0.0));
#4248=ORIENTED_EDGE('',*,*,#5857,.T.);
#4249=ORIENTED_EDGE('',*,*,#5865,.T.);
#4250=ORIENTED_EDGE('',*,*,#5866,.F.);
#4251=ORIENTED_EDGE('',*,*,#4953,.F.);
#4252=CARTESIAN_POINT('',(-0.675,2.55,0.01251329168308));
#4253=DIRECTION('',(-1.0,0.0,-0.0));
#4254=DIRECTION('',(0.0,0.0,-1.0));
#4255=ORIENTED_EDGE('',*,*,#5866,.T.);
#4256=ORIENTED_EDGE('',*,*,#5867,.T.);
#4257=ORIENTED_EDGE('',*,*,#5868,.T.);
#4258=ORIENTED_EDGE('',*,*,#5869,.T.);
#4259=ORIENTED_EDGE('',*,*,#5870,.T.);
#4260=ORIENTED_EDGE('',*,*,#5616,.F.);
#4261=ORIENTED_EDGE('',*,*,#4954,.F.);
#4262=CARTESIAN_POINT('',(-0.325,0.0,0.0));
#4263=DIRECTION('',(1.0,0.0,0.0));
#4264=DIRECTION('',(0.0,1.0,0.0));
#4265=ORIENTED_EDGE('',*,*,#5871,.T.);
#4266=ORIENTED_EDGE('',*,*,#5872,.T.);
#4267=ORIENTED_EDGE('',*,*,#5702,.F.);
#4268=ORIENTED_EDGE('',*,*,#5671,.F.);
#4269=CARTESIAN_POINT('',(-0.325,0.0,0.0));
#4270=DIRECTION('',(1.0,0.0,0.0));
#4271=DIRECTION('',(0.0,1.0,0.0));
#4272=ORIENTED_EDGE('',*,*,#5873,.T.);
#4273=ORIENTED_EDGE('',*,*,#5741,.T.);
#4274=ORIENTED_EDGE('',*,*,#5874,.T.);
#4275=ORIENTED_EDGE('',*,*,#5875,.T.);
#4276=ORIENTED_EDGE('',*,*,#5744,.T.);
#4277=ORIENTED_EDGE('',*,*,#5876,.T.);
#4278=ORIENTED_EDGE('',*,*,#5877,.T.);
#4279=ORIENTED_EDGE('',*,*,#5552,.T.);
#4280=CARTESIAN_POINT('',(-0.325,0.0,0.0));
#4281=DIRECTION('',(1.0,0.0,0.0));
#4282=DIRECTION('',(0.0,1.0,0.0));
#4283=ORIENTED_EDGE('',*,*,#5870,.F.);
#4284=ORIENTED_EDGE('',*,*,#5878,.F.);
#4285=ORIENTED_EDGE('',*,*,#5853,.T.);
#4286=ORIENTED_EDGE('',*,*,#5617,.T.);
#4287=CARTESIAN_POINT('',(-0.675,2.546,-0.003723435466664));
#4288=DIRECTION('',(-1.0,0.0,-0.0));
#4289=DIRECTION('',(0.0,0.0,-1.0));
#4290=ORIENTED_EDGE('',*,*,#5878,.T.);
#4291=ORIENTED_EDGE('',*,*,#5869,.F.);
#4292=ORIENTED_EDGE('',*,*,#5879,.F.);
#4293=ORIENTED_EDGE('',*,*,#5854,.T.);
#4294=CARTESIAN_POINT('',(-0.675,3.0,-2.0));
#4295=DIRECTION('',(-0.0,1.0,0.0));
#4296=DIRECTION('',(1.0,0.0,0.0));
#4297=ORIENTED_EDGE('',*,*,#5879,.T.);
#4298=ORIENTED_EDGE('',*,*,#5868,.F.);
#4299=ORIENTED_EDGE('',*,*,#5880,.F.);
#4300=ORIENTED_EDGE('',*,*,#5855,.T.);
#4301=CARTESIAN_POINT('',(-0.675,2.75,-2.0));
#4302=DIRECTION('',(0.0,0.0,-1.0));
#4303=DIRECTION('',(0.0,-1.0,0.0));
#4304=ORIENTED_EDGE('',*,*,#5880,.T.);
#4305=ORIENTED_EDGE('',*,*,#5867,.F.);
#4306=ORIENTED_EDGE('',*,*,#5865,.F.);
#4307=ORIENTED_EDGE('',*,*,#5856,.T.);
#4308=CARTESIAN_POINT('',(-0.675,2.75,0.01251329168308));
#4309=DIRECTION('',(0.0,-1.0,0.0));
#4310=DIRECTION('',(0.0,0.0,-1.0));
#4311=ORIENTED_EDGE('',*,*,#5872,.F.);
#4312=ORIENTED_EDGE('',*,*,#5881,.F.);
#4313=ORIENTED_EDGE('',*,*,#5858,.T.);
#4314=ORIENTED_EDGE('',*,*,#5703,.T.);
#4315=CARTESIAN_POINT('',(-0.675,0.6226,3.886));
#4316=DIRECTION('',(-1.0,0.0,-0.0));
#4317=DIRECTION('',(0.0,0.0,-1.0));
#4318=ORIENTED_EDGE('',*,*,#5859,.T.);
#4319=ORIENTED_EDGE('',*,*,#5881,.T.);
#4320=ORIENTED_EDGE('',*,*,#5871,.F.);
#4321=ORIENTED_EDGE('',*,*,#5670,.F.);
#4322=CARTESIAN_POINT('',(-0.675,0.9766,0.3957486420047));
#4323=DIRECTION('',(-0.0,1.0,0.0));
#4324=DIRECTION('',(1.0,0.0,0.0));
#4325=ORIENTED_EDGE('',*,*,#5877,.F.);
#4326=ORIENTED_EDGE('',*,*,#5882,.F.);
#4327=ORIENTED_EDGE('',*,*,#5860,.T.);
#4328=ORIENTED_EDGE('',*,*,#5553,.T.);
#4329=CARTESIAN_POINT('',(-0.675,1.785085811307,3.49));
#4330=DIRECTION('',(-1.0,0.0,-0.0));
#4331=DIRECTION('',(0.0,0.0,-1.0));
#4332=ORIENTED_EDGE('',*,*,#5882,.T.);
#4333=ORIENTED_EDGE('',*,*,#5876,.F.);
#4334=ORIENTED_EDGE('',*,*,#5747,.F.);
#4335=ORIENTED_EDGE('',*,*,#5861,.T.);
#4336=CARTESIAN_POINT('',(-0.675,2.044831411101,4.06));
#4337=DIRECTION('',(0.0,-0.832102059163441,0.554622541135827));
#4338=DIRECTION('',(-1.0,0.0,0.0));
#4339=ORIENTED_EDGE('',*,*,#5875,.F.);
#4340=ORIENTED_EDGE('',*,*,#5883,.F.);
#4341=ORIENTED_EDGE('',*,*,#5862,.T.);
#4342=ORIENTED_EDGE('',*,*,#5745,.T.);
#4343=CARTESIAN_POINT('',(-0.675,1.947814528267,3.463688232176));
#4344=DIRECTION('',(0.0,0.832102059163441,-0.554622541135827));
#4345=DIRECTION('',(-1.0,0.0,0.0));
#4346=ORIENTED_EDGE('',*,*,#5863,.T.);
#4347=ORIENTED_EDGE('',*,*,#5883,.T.);
#4348=ORIENTED_EDGE('',*,*,#5874,.F.);
#4349=ORIENTED_EDGE('',*,*,#5740,.F.);
#4350=CARTESIAN_POINT('',(-0.675,2.505838154234,1.426032567495));
#4351=DIRECTION('',(0.0,0.964487014158484,0.264130269979896));
#4352=DIRECTION('',(1.0,0.0,-0.0));
#4353=ORIENTED_EDGE('',*,*,#5864,.T.);
#4354=ORIENTED_EDGE('',*,*,#5742,.T.);
#4355=ORIENTED_EDGE('',*,*,#5873,.F.);
#4356=ORIENTED_EDGE('',*,*,#5551,.F.);
#4357=CARTESIAN_POINT('',(-0.675,1.688637109891,3.463586973002));
#4358=DIRECTION('',(0.0,-0.964487014158484,-0.264130269979896));
#4359=DIRECTION('',(0.0,0.264130269979896,-0.964487014158484));
#4360=ORIENTED_EDGE('',*,*,#5644,.T.);
#4361=ORIENTED_EDGE('',*,*,#5749,.T.);
#4362=ORIENTED_EDGE('',*,*,#5655,.F.);
#4363=ORIENTED_EDGE('',*,*,#5547,.F.);
#4364=CARTESIAN_POINT('',(-1.675,1.688637109891,3.463586973002));
#4365=DIRECTION('',(0.0,-0.964487014158484,-0.264130269979896));
#4366=DIRECTION('',(0.0,0.264130269979896,-0.964487014158484));
#4367=ORIENTED_EDGE('',*,*,#5642,.T.);
#4368=ORIENTED_EDGE('',*,*,#5884,.T.);
#4369=ORIENTED_EDGE('',*,*,#5657,.F.);
#4370=ORIENTED_EDGE('',*,*,#5748,.F.);
#4371=CARTESIAN_POINT('',(-1.675,2.505838154234,1.426032567495));
#4372=DIRECTION('',(0.0,0.964487014158484,0.264130269979896));
#4373=DIRECTION('',(1.0,0.0,-0.0));
#4374=ORIENTED_EDGE('',*,*,#5658,.F.);
#4375=ORIENTED_EDGE('',*,*,#5884,.F.);
#4376=ORIENTED_EDGE('',*,*,#5641,.T.);
#4377=ORIENTED_EDGE('',*,*,#5750,.T.);
#4378=CARTESIAN_POINT('',(-1.675,1.947814528267,3.463688232176));
#4379=DIRECTION('',(0.0,0.832102059163441,-0.554622541135827));
#4380=DIRECTION('',(-1.0,0.0,0.0));
#4381=ORIENTED_EDGE('',*,*,#5885,.T.);
#4382=ORIENTED_EDGE('',*,*,#5660,.F.);
#4383=ORIENTED_EDGE('',*,*,#5751,.F.);
#4384=ORIENTED_EDGE('',*,*,#5639,.T.);
#4385=CARTESIAN_POINT('',(-1.675,2.044831411101,4.06));
#4386=DIRECTION('',(0.0,-0.832102059163441,0.554622541135827));
#4387=DIRECTION('',(-1.0,0.0,0.0));
#4388=ORIENTED_EDGE('',*,*,#5661,.F.);
#4389=ORIENTED_EDGE('',*,*,#5885,.F.);
#4390=ORIENTED_EDGE('',*,*,#5638,.T.);
#4391=ORIENTED_EDGE('',*,*,#5549,.T.);
#4392=CARTESIAN_POINT('',(-1.675,1.785085811307,3.49));
#4393=DIRECTION('',(-1.0,0.0,-0.0));
#4394=DIRECTION('',(0.0,0.0,-1.0));
#4395=ORIENTED_EDGE('',*,*,#5587,.T.);
#4396=ORIENTED_EDGE('',*,*,#5753,.T.);
#4397=ORIENTED_EDGE('',*,*,#5599,.F.);
#4398=ORIENTED_EDGE('',*,*,#5567,.F.);
#4399=CARTESIAN_POINT('',(-2.675,1.688637109891,3.463586973002));
#4400=DIRECTION('',(0.0,-0.964487014158484,-0.264130269979896));
#4401=DIRECTION('',(0.0,0.264130269979896,-0.964487014158484));
#4402=ORIENTED_EDGE('',*,*,#5585,.T.);
#4403=ORIENTED_EDGE('',*,*,#5886,.T.);
#4404=ORIENTED_EDGE('',*,*,#5601,.F.);
#4405=ORIENTED_EDGE('',*,*,#5752,.F.);
#4406=CARTESIAN_POINT('',(-2.675,2.505838154234,1.426032567495));
#4407=DIRECTION('',(0.0,0.964487014158484,0.264130269979896));
#4408=DIRECTION('',(1.0,0.0,-0.0));
#4409=ORIENTED_EDGE('',*,*,#5602,.F.);
#4410=ORIENTED_EDGE('',*,*,#5886,.F.);
#4411=ORIENTED_EDGE('',*,*,#5584,.T.);
#4412=ORIENTED_EDGE('',*,*,#5754,.T.);
#4413=CARTESIAN_POINT('',(-2.675,1.947814528267,3.463688232176));
#4414=DIRECTION('',(0.0,0.832102059163441,-0.554622541135827));
#4415=DIRECTION('',(-1.0,0.0,0.0));
#4416=ORIENTED_EDGE('',*,*,#5887,.T.);
#4417=ORIENTED_EDGE('',*,*,#5604,.F.);
#4418=ORIENTED_EDGE('',*,*,#5755,.F.);
#4419=ORIENTED_EDGE('',*,*,#5582,.T.);
#4420=CARTESIAN_POINT('',(-2.675,2.044831411101,4.06));
#4421=DIRECTION('',(0.0,-0.832102059163441,0.554622541135827));
#4422=DIRECTION('',(-1.0,0.0,0.0));
#4423=ORIENTED_EDGE('',*,*,#5605,.F.);
#4424=ORIENTED_EDGE('',*,*,#5887,.F.);
#4425=ORIENTED_EDGE('',*,*,#5581,.T.);
#4426=ORIENTED_EDGE('',*,*,#5569,.T.);
#4427=CARTESIAN_POINT('',(-2.675,1.785085811307,3.49));
#4428=DIRECTION('',(-1.0,0.0,-0.0));
#4429=DIRECTION('',(0.0,0.0,-1.0));
#4430=ORIENTED_EDGE('',*,*,#5227,.F.);
#4431=ORIENTED_EDGE('',*,*,#5719,.T.);
#4432=ORIENTED_EDGE('',*,*,#5888,.T.);
#4433=ORIENTED_EDGE('',*,*,#5685,.T.);
#4434=ORIENTED_EDGE('',*,*,#5692,.T.);
#4435=ORIENTED_EDGE('',*,*,#5714,.T.);
#4436=ORIENTED_EDGE('',*,*,#5530,.F.);
#4437=ORIENTED_EDGE('',*,*,#5889,.T.);
#4438=ORIENTED_EDGE('',*,*,#5539,.F.);
#4439=CARTESIAN_POINT('',(3.525,0.0,0.0));
#4440=DIRECTION('',(-1.0,0.0,0.0));
#4441=DIRECTION('',(0.0,0.0,1.0));
#4442=ORIENTED_EDGE('',*,*,#5267,.T.);
#4443=ORIENTED_EDGE('',*,*,#5890,.F.);
#4444=ORIENTED_EDGE('',*,*,#5540,.F.);
#4445=ORIENTED_EDGE('',*,*,#5889,.F.);
#4446=ORIENTED_EDGE('',*,*,#5529,.F.);
#4447=ORIENTED_EDGE('',*,*,#5274,.T.);
#4448=CARTESIAN_POINT('',(4.175,1.7,3.1));
#4449=DIRECTION('',(0.0,0.0,-1.0));
#4450=DIRECTION('',(0.0,-1.0,0.0));
#4451=ORIENTED_EDGE('',*,*,#5890,.T.);
#4452=ORIENTED_EDGE('',*,*,#5266,.T.);
#4453=ORIENTED_EDGE('',*,*,#5891,.F.);
#4454=ORIENTED_EDGE('',*,*,#5541,.F.);
#4455=CARTESIAN_POINT('',(3.425,1.7,3.1));
#4456=DIRECTION('',(1.0,0.0,0.0));
#4457=DIRECTION('',(0.0,1.0,0.0));
#4458=ORIENTED_EDGE('',*,*,#5891,.T.);
#4459=ORIENTED_EDGE('',*,*,#5265,.T.);
#4460=ORIENTED_EDGE('',*,*,#5892,.F.);
#4461=ORIENTED_EDGE('',*,*,#5542,.F.);
#4462=CARTESIAN_POINT('',(3.425,1.7,2.85));
#4463=DIRECTION('',(0.707106781186548,0.0,-0.707106781186548));
#4464=DIRECTION('',(0.0,-1.0,0.0));
#4465=ORIENTED_EDGE('',*,*,#5892,.T.);
#4466=ORIENTED_EDGE('',*,*,#5264,.T.);
#4467=ORIENTED_EDGE('',*,*,#5893,.F.);
#4468=ORIENTED_EDGE('',*,*,#5543,.F.);
#4469=CARTESIAN_POINT('',(3.225,1.7,2.65));
#4470=DIRECTION('',(0.0,0.0,-1.0));
#4471=DIRECTION('',(0.0,-1.0,0.0));
#4472=ORIENTED_EDGE('',*,*,#5893,.T.);
#4473=ORIENTED_EDGE('',*,*,#5263,.T.);
#4474=ORIENTED_EDGE('',*,*,#5894,.F.);
#4475=ORIENTED_EDGE('',*,*,#5544,.F.);
#4476=CARTESIAN_POINT('',(-3.225,1.7,2.65));
#4477=DIRECTION('',(-0.707106781186548,0.0,-0.707106781186548));
#4478=DIRECTION('',(-0.707106781186548,0.0,0.707106781186548));
#4479=ORIENTED_EDGE('',*,*,#5894,.T.);
#4480=ORIENTED_EDGE('',*,*,#5262,.T.);
#4481=ORIENTED_EDGE('',*,*,#5533,.F.);
#4482=ORIENTED_EDGE('',*,*,#5545,.F.);
#4483=CARTESIAN_POINT('',(-3.425,1.7,2.85));
#4484=DIRECTION('',(-1.0,0.0,0.0));
#4485=DIRECTION('',(0.0,0.0,1.0));
#4486=ORIENTED_EDGE('',*,*,#5718,.T.);
#4487=ORIENTED_EDGE('',*,*,#5716,.T.);
#4488=ORIENTED_EDGE('',*,*,#5686,.F.);
#4489=ORIENTED_EDGE('',*,*,#5888,.F.);
#4490=CARTESIAN_POINT('',(3.525,1.95,1.8));
#4491=DIRECTION('',(0.0,0.0,-1.0));
#4492=DIRECTION('',(0.0,-1.0,0.0));
#4493=ORIENTED_EDGE('',*,*,#5497,.T.);
#4494=ORIENTED_EDGE('',*,*,#5532,.T.);
#4495=ORIENTED_EDGE('',*,*,#5715,.T.);
#4496=ORIENTED_EDGE('',*,*,#5690,.F.);
#4497=ORIENTED_EDGE('',*,*,#5895,.T.);
#4498=ORIENTED_EDGE('',*,*,#5896,.F.);
#4499=CARTESIAN_POINT('',(4.075,0.6,0.0));
#4500=DIRECTION('',(-1.0,0.0,0.0));
#4501=DIRECTION('',(0.0,0.0,1.0));
#4502=ORIENTED_EDGE('',*,*,#5339,.F.);
#4503=ORIENTED_EDGE('',*,*,#5327,.F.);
#4504=ORIENTED_EDGE('',*,*,#5498,.T.);
#4505=ORIENTED_EDGE('',*,*,#5896,.T.);
#4506=ORIENTED_EDGE('',*,*,#5349,.T.);
#4507=ORIENTED_EDGE('',*,*,#5271,.T.);
#4508=CARTESIAN_POINT('',(4.475,0.6,0.0));
#4509=DIRECTION('',(0.0,-1.0,0.0));
#4510=DIRECTION('',(0.0,0.0,-1.0));
#4511=ORIENTED_EDGE('',*,*,#5219,.F.);
#4512=ORIENTED_EDGE('',*,*,#5385,.T.);
#4513=ORIENTED_EDGE('',*,*,#5350,.T.);
#4514=ORIENTED_EDGE('',*,*,#5895,.F.);
#4515=ORIENTED_EDGE('',*,*,#5689,.F.);
#4516=ORIENTED_EDGE('',*,*,#5249,.T.);
#4517=CARTESIAN_POINT('',(3.925,0.0,4.3));
#4518=DIRECTION('',(-0.8,0.0,-0.6));
#4519=DIRECTION('',(-0.6,0.0,0.8));
#4520=ORIENTED_EDGE('',*,*,#5596,.F.);
#4521=ORIENTED_EDGE('',*,*,#5897,.F.);
#4522=ORIENTED_EDGE('',*,*,#5578,.T.);
#4523=ORIENTED_EDGE('',*,*,#5706,.T.);
#4524=CARTESIAN_POINT('',(-2.675,0.6226,3.886));
#4525=DIRECTION('',(-1.0,0.0,-0.0));
#4526=DIRECTION('',(0.0,0.0,-1.0));
#4527=ORIENTED_EDGE('',*,*,#5579,.T.);
#4528=ORIENTED_EDGE('',*,*,#5897,.T.);
#4529=ORIENTED_EDGE('',*,*,#5595,.F.);
#4530=ORIENTED_EDGE('',*,*,#5665,.F.);
#4531=CARTESIAN_POINT('',(-2.675,0.9766,0.3957486420047));
#4532=DIRECTION('',(-0.0,1.0,0.0));
#4533=DIRECTION('',(1.0,0.0,0.0));
#4534=ORIENTED_EDGE('',*,*,#5652,.F.);
#4535=ORIENTED_EDGE('',*,*,#5898,.F.);
#4536=ORIENTED_EDGE('',*,*,#5635,.T.);
#4537=ORIENTED_EDGE('',*,*,#5705,.T.);
#4538=CARTESIAN_POINT('',(-1.675,0.6226,3.886));
#4539=DIRECTION('',(-1.0,0.0,-0.0));
#4540=DIRECTION('',(0.0,0.0,-1.0));
#4541=ORIENTED_EDGE('',*,*,#5636,.T.);
#4542=ORIENTED_EDGE('',*,*,#5898,.T.);
#4543=ORIENTED_EDGE('',*,*,#5651,.F.);
#4544=ORIENTED_EDGE('',*,*,#5667,.F.);
#4545=CARTESIAN_POINT('',(-1.675,0.9766,0.3957486420047));
#4546=DIRECTION('',(-0.0,1.0,0.0));
#4547=DIRECTION('',(1.0,0.0,0.0));
#4548=ORIENTED_EDGE('',*,*,#5194,.T.);
#4549=ORIENTED_EDGE('',*,*,#5899,.T.);
#4550=ORIENTED_EDGE('',*,*,#4968,.F.);
#4551=ORIENTED_EDGE('',*,*,#5606,.T.);
#4552=CARTESIAN_POINT('',(4.65,3.0,0.15));
#4553=DIRECTION('',(-1.0,0.0,0.0));
#4554=DIRECTION('',(0.0,0.0,1.0));
#4555=ORIENTED_EDGE('',*,*,#5900,.T.);
#4556=ORIENTED_EDGE('',*,*,#4969,.F.);
#4557=ORIENTED_EDGE('',*,*,#5899,.F.);
#4558=ORIENTED_EDGE('',*,*,#5193,.T.);
#4559=CARTESIAN_POINT('',(4.65,3.0,0.43));
#4560=DIRECTION('',(0.0,0.0,-1.0));
#4561=DIRECTION('',(0.0,-1.0,0.0));
#4562=ORIENTED_EDGE('',*,*,#5093,.T.);
#4563=ORIENTED_EDGE('',*,*,#4970,.F.);
#4564=ORIENTED_EDGE('',*,*,#5900,.F.);
#4565=ORIENTED_EDGE('',*,*,#5192,.T.);
#4566=CARTESIAN_POINT('',(3.7,3.0,0.43));
#4567=DIRECTION('',(-1.0,0.0,0.0));
#4568=DIRECTION('',(0.0,0.0,1.0));
#4569=ORIENTED_EDGE('',*,*,#5901,.T.);
#4570=ORIENTED_EDGE('',*,*,#5229,.F.);
#4571=ORIENTED_EDGE('',*,*,#5538,.F.);
#4572=ORIENTED_EDGE('',*,*,#5902,.T.);
#4573=CARTESIAN_POINT('',(3.6,1.7,5.4));
#4574=DIRECTION('',(1.0,0.0,0.0));
#4575=DIRECTION('',(0.0,1.0,0.0));
#4576=ORIENTED_EDGE('',*,*,#5537,.F.);
#4577=ORIENTED_EDGE('',*,*,#5903,.T.);
#4578=ORIENTED_EDGE('',*,*,#5904,.T.);
#4579=ORIENTED_EDGE('',*,*,#5905,.F.);
#4580=ORIENTED_EDGE('',*,*,#5236,.F.);
#4581=ORIENTED_EDGE('',*,*,#5906,.T.);
#4582=ORIENTED_EDGE('',*,*,#5907,.T.);
#4583=ORIENTED_EDGE('',*,*,#5902,.F.);
#4584=CARTESIAN_POINT('',(6.5,0.1,5.4));
#4585=DIRECTION('',(0.0,0.0,1.0));
#4586=DIRECTION('',(1.0,0.0,0.0));
#4587=ORIENTED_EDGE('',*,*,#5907,.F.);
#4588=ORIENTED_EDGE('',*,*,#5908,.T.);
#4589=ORIENTED_EDGE('',*,*,#5247,.T.);
#4590=ORIENTED_EDGE('',*,*,#5230,.F.);
#4591=ORIENTED_EDGE('',*,*,#5901,.F.);
#4592=CARTESIAN_POINT('',(6.5,2.9,5.4));
#4593=DIRECTION('',(-0.0,1.0,0.0));
#4594=DIRECTION('',(1.0,0.0,0.0));
#4595=ORIENTED_EDGE('',*,*,#5222,.F.);
#4596=ORIENTED_EDGE('',*,*,#5253,.T.);
#4597=ORIENTED_EDGE('',*,*,#5909,.F.);
#4598=ORIENTED_EDGE('',*,*,#5904,.F.);
#4599=ORIENTED_EDGE('',*,*,#5910,.T.);
#4600=CARTESIAN_POINT('',(6.5,2.9,5.4));
#4601=DIRECTION('',(-0.0,1.0,0.0));
#4602=DIRECTION('',(1.0,0.0,0.0));
#4603=ORIENTED_EDGE('',*,*,#5235,.F.);
#4604=ORIENTED_EDGE('',*,*,#5248,.F.);
#4605=ORIENTED_EDGE('',*,*,#5908,.F.);
#4606=ORIENTED_EDGE('',*,*,#5906,.F.);
#4607=CARTESIAN_POINT('',(6.5,0.0,0.0));
#4608=DIRECTION('',(-1.0,0.0,0.0));
#4609=DIRECTION('',(0.0,0.0,1.0));
#4610=ORIENTED_EDGE('',*,*,#5536,.T.);
#4611=ORIENTED_EDGE('',*,*,#5223,.F.);
#4612=ORIENTED_EDGE('',*,*,#5910,.F.);
#4613=ORIENTED_EDGE('',*,*,#5903,.F.);
#4614=CARTESIAN_POINT('',(-3.6,2.9,5.4));
#4615=DIRECTION('',(-1.0,0.0,0.0));
#4616=DIRECTION('',(0.0,0.0,1.0));
#4617=ORIENTED_EDGE('',*,*,#5909,.T.);
#4618=ORIENTED_EDGE('',*,*,#5252,.T.);
#4619=ORIENTED_EDGE('',*,*,#5237,.T.);
#4620=ORIENTED_EDGE('',*,*,#5905,.T.);
#4621=CARTESIAN_POINT('',(-6.5,0.0,0.0));
#4622=DIRECTION('',(-1.0,0.0,0.0));
#4623=DIRECTION('',(0.0,0.0,1.0));
#4624=ORIENTED_EDGE('',*,*,#5911,.T.);
#4625=ORIENTED_EDGE('',*,*,#4986,.F.);
#4626=ORIENTED_EDGE('',*,*,#5470,.F.);
#4627=ORIENTED_EDGE('',*,*,#5200,.T.);
#4628=CARTESIAN_POINT('',(-4.475,3.0,1.57));
#4629=DIRECTION('',(0.0,0.0,1.0));
#4630=DIRECTION('',(1.0,0.0,0.0));
#4631=ORIENTED_EDGE('',*,*,#5185,.T.);
#4632=ORIENTED_EDGE('',*,*,#4987,.F.);
#4633=ORIENTED_EDGE('',*,*,#5911,.F.);
#4634=ORIENTED_EDGE('',*,*,#5199,.T.);
#4635=CARTESIAN_POINT('',(-3.7,3.0,1.57));
#4636=DIRECTION('',(1.0,0.0,0.0));
#4637=DIRECTION('',(0.0,1.0,0.0));
#4638=ORIENTED_EDGE('',*,*,#5444,.F.);
#4639=ORIENTED_EDGE('',*,*,#5431,.F.);
#4640=ORIENTED_EDGE('',*,*,#5427,.T.);
#4641=ORIENTED_EDGE('',*,*,#5912,.T.);
#4642=CARTESIAN_POINT('',(-4.175,1.65,2.05));
#4643=DIRECTION('',(0.0,0.0,1.0));
#4644=DIRECTION('',(1.0,0.0,0.0));
#4645=ORIENTED_EDGE('',*,*,#5409,.T.);
#4646=ORIENTED_EDGE('',*,*,#5436,.F.);
#4647=ORIENTED_EDGE('',*,*,#5912,.F.);
#4648=ORIENTED_EDGE('',*,*,#5426,.T.);
#4649=CARTESIAN_POINT('',(-4.975,0.9,2.05));
#4650=DIRECTION('',(0.0,0.986393923832136,-0.164398987305406));
#4651=DIRECTION('',(-1.0,0.0,0.0));
#4652=ORIENTED_EDGE('',*,*,#5366,.T.);
#4653=ORIENTED_EDGE('',*,*,#4926,.F.);
#4654=ORIENTED_EDGE('',*,*,#5360,.F.);
#4655=ORIENTED_EDGE('',*,*,#5437,.F.);
#4656=CARTESIAN_POINT('',(-4.975,1.7,3.35));
#4657=DIRECTION('',(0.168963815110796,0.0,0.985622254813275));
#4658=DIRECTION('',(0.0,-1.0,0.0));
#4659=ORIENTED_EDGE('',*,*,#5913,.F.);
#4660=ORIENTED_EDGE('',*,*,#5914,.F.);
#4661=ORIENTED_EDGE('',*,*,#5318,.F.);
#4662=CARTESIAN_POINT('',(4.975,1.695,0.0));
#4663=DIRECTION('',(-0.0,1.0,0.0));
#4664=DIRECTION('',(1.0,0.0,0.0));
#4665=ORIENTED_EDGE('',*,*,#5915,.F.);
#4666=ORIENTED_EDGE('',*,*,#5916,.F.);
#4667=ORIENTED_EDGE('',*,*,#5448,.T.);
#4668=CARTESIAN_POINT('',(4.975,1.695,0.0));
#4669=DIRECTION('',(-0.0,1.0,0.0));
#4670=DIRECTION('',(1.0,0.0,0.0));
#4671=ORIENTED_EDGE('',*,*,#5914,.T.);
#4672=ORIENTED_EDGE('',*,*,#5917,.F.);
#4673=ORIENTED_EDGE('',*,*,#5918,.F.);
#4674=ORIENTED_EDGE('',*,*,#5315,.T.);
#4675=CARTESIAN_POINT('',(5.145,1.695,2.78));
#4676=DIRECTION('',(0.804176141466319,0.0,-0.594391061083814));
#4677=DIRECTION('',(0.0,-1.0,0.0));
#4678=ORIENTED_EDGE('',*,*,#5918,.T.);
#4679=ORIENTED_EDGE('',*,*,#5919,.T.);
#4680=ORIENTED_EDGE('',*,*,#5316,.T.);
#4681=CARTESIAN_POINT('',(4.975,1.095,0.0));
#4682=DIRECTION('',(-0.0,1.0,0.0));
#4683=DIRECTION('',(1.0,0.0,0.0));
#4684=ORIENTED_EDGE('',*,*,#5920,.T.);
#4685=ORIENTED_EDGE('',*,*,#5921,.T.);
#4686=ORIENTED_EDGE('',*,*,#5446,.F.);
#4687=CARTESIAN_POINT('',(4.975,1.095,0.0));
#4688=DIRECTION('',(-0.0,1.0,0.0));
#4689=DIRECTION('',(1.0,0.0,0.0));
#4690=ORIENTED_EDGE('',*,*,#5919,.F.);
#4691=ORIENTED_EDGE('',*,*,#5917,.T.);
#4692=ORIENTED_EDGE('',*,*,#5913,.T.);
#4693=ORIENTED_EDGE('',*,*,#5317,.F.);
#4694=CARTESIAN_POINT('',(4.975,1.695,3.3));
#4695=DIRECTION('',(0.950495325175647,0.0,0.310738856307415));
#4696=DIRECTION('',(0.0,-1.0,0.0));
#4697=ORIENTED_EDGE('',*,*,#5921,.F.);
#4698=ORIENTED_EDGE('',*,*,#5922,.T.);
#4699=ORIENTED_EDGE('',*,*,#5915,.T.);
#4700=ORIENTED_EDGE('',*,*,#5447,.F.);
#4701=CARTESIAN_POINT('',(-4.975,1.695,2.55));
#4702=DIRECTION('',(-0.804176141466319,0.0,-0.594391061083814));
#4703=DIRECTION('',(-0.594391061083814,0.0,0.804176141466319));
#4704=ORIENTED_EDGE('',*,*,#5916,.T.);
#4705=ORIENTED_EDGE('',*,*,#5922,.F.);
#4706=ORIENTED_EDGE('',*,*,#5920,.F.);
#4707=ORIENTED_EDGE('',*,*,#5445,.T.);
#4708=CARTESIAN_POINT('',(-5.145,1.695,2.78));
#4709=DIRECTION('',(-0.950495325175647,0.0,0.310738856307415));
#4710=DIRECTION('',(0.0,1.0,0.0));
#4711=ORIENTED_EDGE('',*,*,#5334,.T.);
#4712=ORIENTED_EDGE('',*,*,#4979,.F.);
#4713=ORIENTED_EDGE('',*,*,#5923,.F.);
#4714=ORIENTED_EDGE('',*,*,#5190,.T.);
#4715=CARTESIAN_POINT('',(3.7,3.0,1.57));
#4716=DIRECTION('',(0.0,0.0,1.0));
#4717=DIRECTION('',(1.0,0.0,0.0));
#4718=ORIENTED_EDGE('',*,*,#5923,.T.);
#4719=ORIENTED_EDGE('',*,*,#4978,.F.);
#4720=ORIENTED_EDGE('',*,*,#5101,.F.);
#4721=ORIENTED_EDGE('',*,*,#5191,.T.);
#4722=CARTESIAN_POINT('',(3.7,3.0,1.4));
#4723=DIRECTION('',(-1.0,0.0,0.0));
#4724=DIRECTION('',(0.0,0.0,1.0));
#4725=ORIENTED_EDGE('',*,*,#5314,.F.);
#4726=ORIENTED_EDGE('',*,*,#5924,.F.);
#4727=ORIENTED_EDGE('',*,*,#5298,.T.);
#4728=ORIENTED_EDGE('',*,*,#5296,.T.);
#4729=CARTESIAN_POINT('',(4.975,1.0,2.05));
#4730=DIRECTION('',(0.0,-0.707106781186548,-0.707106781186548));
#4731=DIRECTION('',(0.0,-0.707106781186548,0.707106781186548));
#4732=ORIENTED_EDGE('',*,*,#5301,.F.);
#4733=ORIENTED_EDGE('',*,*,#5299,.T.);
#4734=ORIENTED_EDGE('',*,*,#5924,.T.);
#4735=ORIENTED_EDGE('',*,*,#5313,.F.);
#4736=CARTESIAN_POINT('',(4.175,0.75,2.05));
#4737=DIRECTION('',(0.0,0.0,1.0));
#4738=DIRECTION('',(1.0,0.0,0.0));
#4739=ORIENTED_EDGE('',*,*,#5925,.F.);
#4740=ORIENTED_EDGE('',*,*,#5278,.F.);
#4741=ORIENTED_EDGE('',*,*,#5292,.F.);
#4742=ORIENTED_EDGE('',*,*,#5290,.F.);
#4743=CARTESIAN_POINT('',(4.975,1.65,0.85));
#4744=DIRECTION('',(0.0,0.0,-1.0));
#4745=DIRECTION('',(0.0,-1.0,0.0));
#4746=ORIENTED_EDGE('',*,*,#5289,.F.);
#4747=ORIENTED_EDGE('',*,*,#5286,.F.);
#4748=ORIENTED_EDGE('',*,*,#5279,.T.);
#4749=ORIENTED_EDGE('',*,*,#5925,.T.);
#4750=CARTESIAN_POINT('',(4.725,0.825,0.95));
#4751=DIRECTION('',(0.0,-0.8,-0.6));
#4752=DIRECTION('',(0.0,0.6,-0.8));
#4753=ORIENTED_EDGE('',*,*,#5926,.F.);
#4754=ORIENTED_EDGE('',*,*,#5927,.T.);
#4755=ORIENTED_EDGE('',*,*,#5241,.F.);
#4756=ORIENTED_EDGE('',*,*,#5928,.F.);
#4757=CARTESIAN_POINT('',(2.1,0.1,4.357179676972));
#4758=DIRECTION('',(-0.866025403784429,0.0,0.500000000000017));
#4759=DIRECTION('',(0.0,1.0,0.0));
#4760=ORIENTED_EDGE('',*,*,#5240,.F.);
#4761=ORIENTED_EDGE('',*,*,#5929,.F.);
#4762=ORIENTED_EDGE('',*,*,#5930,.F.);
#4763=ORIENTED_EDGE('',*,*,#5928,.T.);
#4764=CARTESIAN_POINT('',(2.9,0.1,4.357179676972));
#4765=DIRECTION('',(0.0,0.0,-1.0));
#4766=DIRECTION('',(0.0,-1.0,0.0));
#4767=ORIENTED_EDGE('',*,*,#5930,.T.);
#4768=ORIENTED_EDGE('',*,*,#5931,.T.);
#4769=ORIENTED_EDGE('',*,*,#5926,.T.);
#4770=CARTESIAN_POINT('',(6.5,0.3,0.0));
#4771=DIRECTION('',(-0.0,1.0,0.0));
#4772=DIRECTION('',(1.0,0.0,0.0));
#4773=ORIENTED_EDGE('',*,*,#5931,.F.);
#4774=ORIENTED_EDGE('',*,*,#5929,.T.);
#4775=ORIENTED_EDGE('',*,*,#5239,.F.);
#4776=ORIENTED_EDGE('',*,*,#5927,.F.);
#4777=CARTESIAN_POINT('',(2.5,0.1,5.05));
#4778=DIRECTION('',(0.866025403784429,0.0,0.500000000000017));
#4779=DIRECTION('',(0.0,-1.0,0.0));
#4780=ORIENTED_EDGE('',*,*,#5203,.F.);
#4781=ORIENTED_EDGE('',*,*,#5233,.T.);
#4782=ORIENTED_EDGE('',*,*,#5932,.F.);
#4783=ORIENTED_EDGE('',*,*,#5212,.F.);
#4784=ORIENTED_EDGE('',*,*,#5933,.T.);
#4785=CARTESIAN_POINT('',(-3.4,0.0,0.0));
#4786=DIRECTION('',(1.0,0.0,0.0));
#4787=DIRECTION('',(0.0,1.0,0.0));
#4788=ORIENTED_EDGE('',*,*,#5933,.F.);
#4789=ORIENTED_EDGE('',*,*,#5211,.F.);
#4790=ORIENTED_EDGE('',*,*,#5934,.T.);
#4791=ORIENTED_EDGE('',*,*,#5204,.F.);
#4792=CARTESIAN_POINT('',(-3.25,2.58708348754,5.25));
#4793=DIRECTION('',(-0.707106781186548,0.0,0.707106781186548));
#4794=DIRECTION('',(0.0,1.0,0.0));
#4795=ORIENTED_EDGE('',*,*,#5205,.F.);
#4796=ORIENTED_EDGE('',*,*,#5934,.F.);
#4797=ORIENTED_EDGE('',*,*,#5210,.T.);
#4798=ORIENTED_EDGE('',*,*,#5208,.F.);
#4799=CARTESIAN_POINT('',(-3.4,3.0,5.4));
#4800=DIRECTION('',(0.0,0.0,1.0));
#4801=DIRECTION('',(1.0,0.0,0.0));
#4802=ORIENTED_EDGE('',*,*,#5232,.T.);
#4803=ORIENTED_EDGE('',*,*,#5215,.F.);
#4804=ORIENTED_EDGE('',*,*,#5213,.F.);
#4805=ORIENTED_EDGE('',*,*,#5932,.T.);
#4806=CARTESIAN_POINT('',(-3.4,2.0,4.75));
#4807=DIRECTION('',(0.0,-1.0,0.0));
#4808=DIRECTION('',(0.0,0.0,-1.0));
#4809=ORIENTED_EDGE('',*,*,#5074,.F.);
#4810=ORIENTED_EDGE('',*,*,#5935,.F.);
#4811=ORIENTED_EDGE('',*,*,#5014,.T.);
#4812=ORIENTED_EDGE('',*,*,#5184,.T.);
#4813=CARTESIAN_POINT('',(-3.296,2.4,1.39));
#4814=DIRECTION('',(-0.0,1.0,0.0));
#4815=DIRECTION('',(1.0,0.0,0.0));
#4816=ORIENTED_EDGE('',*,*,#5935,.T.);
#4817=ORIENTED_EDGE('',*,*,#5073,.F.);
#4818=ORIENTED_EDGE('',*,*,#5936,.F.);
#4819=ORIENTED_EDGE('',*,*,#5015,.T.);
#4820=CARTESIAN_POINT('',(-3.296,2.6,1.39));
#4821=DIRECTION('',(1.0,0.0,0.0));
#4822=DIRECTION('',(0.0,1.0,0.0));
#4823=ORIENTED_EDGE('',*,*,#5936,.T.);
#4824=ORIENTED_EDGE('',*,*,#5072,.F.);
#4825=ORIENTED_EDGE('',*,*,#5037,.F.);
#4826=ORIENTED_EDGE('',*,*,#5016,.T.);
#4827=CARTESIAN_POINT('',(-3.696,2.6,1.39));
#4828=DIRECTION('',(-0.0,0.0,1.0));
#4829=DIRECTION('',(1.0,0.0,0.0));
#4830=ORIENTED_EDGE('',*,*,#5012,.T.);
#4831=ORIENTED_EDGE('',*,*,#5937,.T.);
#4832=ORIENTED_EDGE('',*,*,#5076,.F.);
#4833=ORIENTED_EDGE('',*,*,#5183,.F.);
#4834=CARTESIAN_POINT('',(-3.25,1.4,1.39));
#4835=DIRECTION('',(0.0,-1.0,0.0));
#4836=DIRECTION('',(0.0,0.0,-1.0));
#4837=ORIENTED_EDGE('',*,*,#5077,.F.);
#4838=ORIENTED_EDGE('',*,*,#5937,.F.);
#4839=ORIENTED_EDGE('',*,*,#5011,.T.);
#4840=ORIENTED_EDGE('',*,*,#5108,.T.);
#4841=CARTESIAN_POINT('',(-3.296,1.4,1.39));
#4842=DIRECTION('',(1.0,0.0,0.0));
#4843=DIRECTION('',(0.0,1.0,0.0));
#4844=ORIENTED_EDGE('',*,*,#4997,.T.);
#4845=ORIENTED_EDGE('',*,*,#5938,.T.);
#4846=ORIENTED_EDGE('',*,*,#5066,.F.);
#4847=ORIENTED_EDGE('',*,*,#5109,.F.);
#4848=CARTESIAN_POINT('',(3.296,0.38,1.39));
#4849=DIRECTION('',(-1.0,0.0,0.0));
#4850=DIRECTION('',(0.0,0.0,1.0));
#4851=ORIENTED_EDGE('',*,*,#5067,.F.);
#4852=ORIENTED_EDGE('',*,*,#5938,.F.);
#4853=ORIENTED_EDGE('',*,*,#4996,.T.);
#4854=ORIENTED_EDGE('',*,*,#5092,.T.);
#4855=CARTESIAN_POINT('',(3.296,1.4,1.39));
#4856=DIRECTION('',(0.0,-1.0,0.0));
#4857=DIRECTION('',(0.0,0.0,-1.0));
#4858=CARTESIAN_POINT('',(2.8,3.0,-0.4));
#4859=VECTOR('',#5939,1.9);
#4860=CARTESIAN_POINT('',(2.8,3.0,-2.3));
#4861=VECTOR('',#5940,0.6);
#4862=CARTESIAN_POINT('',(2.2,3.0,-2.3));
#4863=VECTOR('',#5941,1.9);
#4864=CARTESIAN_POINT('',(2.2,3.0,-0.4));
#4865=VECTOR('',#5942,0.6);
#4866=CARTESIAN_POINT('',(1.8,3.0,-0.4));
#4867=VECTOR('',#5943,1.9);
#4868=CARTESIAN_POINT('',(1.8,3.0,-2.3));
#4869=VECTOR('',#5944,0.6);
#4870=CARTESIAN_POINT('',(1.2,3.0,-2.3));
#4871=VECTOR('',#5945,1.9);
#4872=CARTESIAN_POINT('',(1.2,3.0,-0.4));
#4873=VECTOR('',#5946,0.6);
#4874=CARTESIAN_POINT('',(0.8,3.0,-0.4));
#4875=VECTOR('',#5947,1.9);
#4876=CARTESIAN_POINT('',(0.8,3.0,-2.3));
#4877=VECTOR('',#5948,0.6);
#4878=CARTESIAN_POINT('',(0.2,3.0,-2.3));
#4879=VECTOR('',#5949,1.9);
#4880=CARTESIAN_POINT('',(0.2,3.0,-0.4));
#4881=VECTOR('',#5950,0.6);
#4882=CARTESIAN_POINT('',(-0.2,3.0,-0.4));
#4883=VECTOR('',#5951,1.9);
#4884=CARTESIAN_POINT('',(-0.2,3.0,-2.3));
#4885=VECTOR('',#5952,0.6);
#4886=CARTESIAN_POINT('',(-0.8,3.0,-2.3));
#4887=VECTOR('',#5953,1.9);
#4888=CARTESIAN_POINT('',(-0.8,3.0,-0.4));
#4889=VECTOR('',#5954,0.6);
#4890=CARTESIAN_POINT('',(-1.2,3.0,-0.4));
#4891=VECTOR('',#5955,1.9);
#4892=CARTESIAN_POINT('',(-1.2,3.0,-2.3));
#4893=VECTOR('',#5956,0.6);
#4894=CARTESIAN_POINT('',(-1.8,3.0,-2.3));
#4895=VECTOR('',#5957,1.9);
#4896=CARTESIAN_POINT('',(-1.8,3.0,-0.4));
#4897=VECTOR('',#5958,0.6);
#4898=CARTESIAN_POINT('',(-2.2,3.0,-0.4));
#4899=VECTOR('',#5959,1.9);
#4900=CARTESIAN_POINT('',(-2.2,3.0,-2.3));
#4901=VECTOR('',#5960,0.6);
#4902=CARTESIAN_POINT('',(-2.8,3.0,-2.3));
#4903=VECTOR('',#5961,1.9);
#4904=CARTESIAN_POINT('',(-2.8,3.0,-0.4));
#4905=VECTOR('',#5962,0.6);
#4906=CARTESIAN_POINT('',(6.7,3.0,2.4));
#4907=VECTOR('',#5963,2.8);
#4908=CARTESIAN_POINT('',(6.7,3.0,-0.4));
#4909=VECTOR('',#5964,2.1);
#4910=CARTESIAN_POINT('',(4.6,3.0,-0.4));
#4911=VECTOR('',#5965,2.8);
#4912=CARTESIAN_POINT('',(4.6,3.0,2.4));
#4913=VECTOR('',#5966,2.1);
#4914=CARTESIAN_POINT('',(-6.7,3.0,2.4));
#4915=VECTOR('',#5967,2.1);
#4916=CARTESIAN_POINT('',(-4.6,3.0,2.4));
#4917=VECTOR('',#5968,2.8);
#4918=CARTESIAN_POINT('',(-4.6,3.0,-0.4));
#4919=VECTOR('',#5969,2.1);
#4920=CARTESIAN_POINT('',(-6.7,3.0,-0.4));
#4921=VECTOR('',#5970,2.8);
#4922=EDGE_CURVE('',#5971,#5972,#5973,.T.);
#4923=EDGE_CURVE('',#5971,#5974,#5975,.T.);
#4924=EDGE_CURVE('',#5974,#5976,#5977,.T.);
#4925=EDGE_CURVE('',#5978,#5976,#5979,.T.);
#4926=EDGE_CURVE('',#5978,#5980,#5981,.T.);
#4927=EDGE_CURVE('',#5980,#5982,#5983,.T.);
#4928=EDGE_CURVE('',#5982,#5984,#5985,.T.);
#4929=EDGE_CURVE('',#5986,#5984,#5987,.T.);
#4930=EDGE_CURVE('',#5988,#5986,#5989,.T.);
#4931=EDGE_CURVE('',#5990,#5988,#5991,.T.);
#4932=EDGE_CURVE('',#5990,#5992,#5993,.T.);
#4933=EDGE_CURVE('',#5992,#5994,#5995,.T.);
#4934=EDGE_CURVE('',#5996,#5994,#5997,.T.);
#4935=EDGE_CURVE('',#5996,#5972,#5998,.T.);
#4936=EDGE_CURVE('',#5999,#6000,#6001,.T.);
#4937=EDGE_CURVE('',#6000,#6002,#6003,.T.);
#4938=EDGE_CURVE('',#6004,#6002,#6005,.T.);
#4939=EDGE_CURVE('',#6004,#6006,#6007,.T.);
#4940=EDGE_CURVE('',#6006,#6008,#6009,.T.);
#4941=EDGE_CURVE('',#6008,#6010,#6011,.T.);
#4942=EDGE_CURVE('',#6010,#6012,#6013,.T.);
#4943=EDGE_CURVE('',#6012,#6014,#6015,.T.);
#4944=EDGE_CURVE('',#6016,#6014,#6017,.T.);
#4945=EDGE_CURVE('',#6016,#6018,#6019,.T.);
#4946=EDGE_CURVE('',#6018,#6020,#6021,.T.);
#4947=EDGE_CURVE('',#6020,#6022,#6023,.T.);
#4948=EDGE_CURVE('',#6024,#6022,#6025,.T.);
#4949=EDGE_CURVE('',#6024,#6026,#6027,.T.);
#4950=EDGE_CURVE('',#6026,#6028,#6029,.T.);
#4951=EDGE_CURVE('',#6028,#6030,#6031,.T.);
#4952=EDGE_CURVE('',#6032,#6030,#6033,.T.);
#4953=EDGE_CURVE('',#6032,#6034,#6035,.T.);
#4954=EDGE_CURVE('',#6034,#6036,#6037,.T.);
#4955=EDGE_CURVE('',#6036,#6038,#6039,.T.);
#4956=EDGE_CURVE('',#6040,#6038,#6041,.T.);
#4957=EDGE_CURVE('',#6040,#6042,#6043,.T.);
#4958=EDGE_CURVE('',#6042,#6044,#6045,.T.);
#4959=EDGE_CURVE('',#6044,#6046,#6047,.T.);
#4960=EDGE_CURVE('',#6048,#6046,#6049,.T.);
#4961=EDGE_CURVE('',#6048,#6050,#6051,.T.);
#4962=EDGE_CURVE('',#6050,#6052,#6053,.T.);
#4963=EDGE_CURVE('',#6052,#6054,#6055,.T.);
#4964=EDGE_CURVE('',#6056,#6054,#6057,.T.);
#4965=EDGE_CURVE('',#6056,#6058,#6059,.T.);
#4966=EDGE_CURVE('',#6058,#6060,#6061,.T.);
#4967=EDGE_CURVE('',#6060,#6062,#6063,.T.);
#4968=EDGE_CURVE('',#6062,#6064,#6065,.T.);
#4969=EDGE_CURVE('',#6064,#6066,#6067,.T.);
#4970=EDGE_CURVE('',#6066,#6068,#6069,.T.);
#4971=EDGE_CURVE('',#6068,#6070,#6071,.T.);
#4972=EDGE_CURVE('',#6072,#6070,#6073,.T.);
#4973=EDGE_CURVE('',#6072,#6074,#6075,.T.);
#4974=EDGE_CURVE('',#6076,#6074,#6077,.T.);
#4975=EDGE_CURVE('',#6078,#6076,#6079,.T.);
#4976=EDGE_CURVE('',#6080,#6078,#6081,.T.);
#4977=EDGE_CURVE('',#6080,#6082,#6083,.T.);
#4978=EDGE_CURVE('',#6082,#6084,#6085,.T.);
#4979=EDGE_CURVE('',#6084,#6086,#6087,.T.);
#4980=EDGE_CURVE('',#6088,#6086,#6089,.T.);
#4981=EDGE_CURVE('',#6090,#6088,#6091,.T.);
#4982=EDGE_CURVE('',#6092,#6090,#6093,.T.);
#4983=EDGE_CURVE('',#5972,#6092,#6094,.T.);
#4984=EDGE_CURVE('',#6095,#5996,#6096,.T.);
#4985=EDGE_CURVE('',#6095,#6097,#6098,.T.);
#4986=EDGE_CURVE('',#6097,#6099,#6100,.T.);
#4987=EDGE_CURVE('',#6099,#6101,#6102,.T.);
#4988=EDGE_CURVE('',#6101,#6103,#6104,.T.);
#4989=EDGE_CURVE('',#6105,#6103,#6106,.T.);
#4990=EDGE_CURVE('',#5999,#6105,#6107,.T.);
#4991=EDGE_CURVE('',#6108,#6109,#6110,.T.);
#4992=EDGE_CURVE('',#6111,#6108,#6112,.T.);
#4993=EDGE_CURVE('',#6113,#6111,#6114,.T.);
#4994=EDGE_CURVE('',#6115,#6113,#6116,.T.);
#4995=EDGE_CURVE('',#6117,#6115,#6118,.T.);
#4996=EDGE_CURVE('',#6119,#6117,#6120,.T.);
#4997=EDGE_CURVE('',#6121,#6119,#6122,.T.);
#4998=EDGE_CURVE('',#6121,#6123,#6124,.T.);
#4999=EDGE_CURVE('',#6125,#6123,#6126,.T.);
#5000=EDGE_CURVE('',#6127,#6125,#6128,.T.);
#5001=EDGE_CURVE('',#6127,#6078,#6129,.T.);
#5002=EDGE_CURVE('',#6130,#6076,#6131,.T.);
#5003=EDGE_CURVE('',#6132,#6130,#6133,.T.);
#5004=EDGE_CURVE('',#6109,#6132,#6134,.T.);
#5005=EDGE_CURVE('',#6135,#6136,#6137,.T.);
#5006=EDGE_CURVE('',#5999,#6135,#6138,.T.);
#5007=EDGE_CURVE('',#6105,#6139,#6140,.T.);
#5008=EDGE_CURVE('',#6141,#6139,#6142,.T.);
#5009=EDGE_CURVE('',#6143,#6141,#6144,.T.);
#5010=EDGE_CURVE('',#6145,#6143,#6146,.T.);
#5011=EDGE_CURVE('',#6147,#6145,#6148,.T.);
#5012=EDGE_CURVE('',#6149,#6147,#6150,.T.);
#5013=EDGE_CURVE('',#6149,#6151,#6152,.T.);
#5014=EDGE_CURVE('',#6153,#6151,#6154,.T.);
#5015=EDGE_CURVE('',#6155,#6153,#6156,.T.);
#5016=EDGE_CURVE('',#6157,#6155,#6158,.T.);
#5017=EDGE_CURVE('',#6159,#6157,#6160,.T.);
#5018=EDGE_CURVE('',#6159,#6136,#6161,.T.);
#5019=EDGE_CURVE('',#6132,#6162,#6163,.T.);
#5020=EDGE_CURVE('',#6162,#6164,#6165,.T.);
#5021=EDGE_CURVE('',#6166,#6164,#6167,.T.);
#5022=EDGE_CURVE('',#6109,#6166,#6168,.T.);
#5023=EDGE_CURVE('',#6169,#6170,#6171,.T.);
#5024=EDGE_CURVE('',#6170,#6172,#6173,.T.);
#5025=EDGE_CURVE('',#6172,#6174,#6175,.T.);
#5026=EDGE_CURVE('',#6174,#6176,#6177,.T.);
#5027=EDGE_CURVE('',#6178,#6176,#6179,.T.);
#5028=EDGE_CURVE('',#6108,#6178,#6180,.T.);
#5029=EDGE_CURVE('',#6166,#6181,#6182,.T.);
#5030=EDGE_CURVE('',#6181,#6183,#6184,.T.);
#5031=EDGE_CURVE('',#6183,#6185,#6186,.T.);
#5032=EDGE_CURVE('',#6185,#6169,#6187,.T.);
#5033=EDGE_CURVE('',#6188,#6189,#6190,.T.);
#5034=EDGE_CURVE('',#6189,#6191,#6192,.T.);
#5035=EDGE_CURVE('',#6191,#6193,#6194,.T.);
#5036=EDGE_CURVE('',#6193,#6159,#6195,.T.);
#5037=EDGE_CURVE('',#6157,#6196,#6197,.T.);
#5038=EDGE_CURVE('',#6198,#6196,#6199,.T.);
#5039=EDGE_CURVE('',#6198,#6200,#6201,.T.);
#5040=EDGE_CURVE('',#6200,#6202,#6203,.T.);
#5041=EDGE_CURVE('',#6202,#6204,#6205,.T.);
#5042=EDGE_CURVE('',#6204,#6206,#6207,.T.);
#5043=EDGE_CURVE('',#6206,#6188,#6208,.T.);
#5044=EDGE_CURVE('',#6209,#6185,#6210,.T.);
#5045=EDGE_CURVE('',#6209,#6211,#6212,.T.);
#5046=EDGE_CURVE('',#6169,#6211,#6213,.T.);
#5047=EDGE_CURVE('',#6214,#6211,#6215,.T.);
#5048=EDGE_CURVE('',#6214,#6216,#6217,.T.);
#5049=EDGE_CURVE('',#6216,#6218,#6219,.T.);
#5050=EDGE_CURVE('',#6218,#6220,#6221,.T.);
#5051=EDGE_CURVE('',#6220,#6222,#6223,.T.);
#5052=EDGE_CURVE('',#6170,#6222,#6224,.T.);
#5053=EDGE_CURVE('',#6222,#6225,#6226,.T.);
#5054=EDGE_CURVE('',#6172,#6225,#6227,.T.);
#5055=EDGE_CURVE('',#6225,#6228,#6229,.T.);
#5056=EDGE_CURVE('',#6174,#6228,#6230,.T.);
#5057=EDGE_CURVE('',#6228,#6231,#6232,.T.);
#5058=EDGE_CURVE('',#6233,#6231,#6234,.T.);
#5059=EDGE_CURVE('',#6176,#6233,#6235,.T.);
#5060=EDGE_CURVE('',#6233,#6236,#6237,.T.);
#5061=EDGE_CURVE('',#6236,#6074,#6238,.T.);
#5062=EDGE_CURVE('',#6072,#6239,#6240,.T.);
#5063=EDGE_CURVE('',#6239,#6241,#6242,.T.);
#5064=EDGE_CURVE('',#6241,#6243,#6244,.T.);
#5065=EDGE_CURVE('',#6245,#6243,#6246,.T.);
#5066=EDGE_CURVE('',#6245,#6247,#6248,.T.);
#5067=EDGE_CURVE('',#6247,#6249,#6250,.T.);
#5068=EDGE_CURVE('',#6249,#6251,#6252,.T.);
#5069=EDGE_CURVE('',#6251,#6253,#6254,.T.);
#5070=EDGE_CURVE('',#6253,#6255,#6256,.T.);
#5071=EDGE_CURVE('',#6255,#6178,#6257,.T.);
#5072=EDGE_CURVE('',#6196,#6258,#6259,.T.);
#5073=EDGE_CURVE('',#6258,#6260,#6261,.T.);
#5074=EDGE_CURVE('',#6260,#6262,#6263,.T.);
#5075=EDGE_CURVE('',#6264,#6262,#6265,.T.);
#5076=EDGE_CURVE('',#6264,#6266,#6267,.T.);
#5077=EDGE_CURVE('',#6266,#6268,#6269,.T.);
#5078=EDGE_CURVE('',#6268,#6270,#6271,.T.);
#5079=EDGE_CURVE('',#6270,#6272,#6273,.T.);
#5080=EDGE_CURVE('',#6272,#6274,#6275,.T.);
#5081=EDGE_CURVE('',#6274,#6002,#6276,.T.);
#5082=EDGE_CURVE('',#6000,#6277,#6278,.T.);
#5083=EDGE_CURVE('',#6277,#6279,#6280,.T.);
#5084=EDGE_CURVE('',#6198,#6279,#6281,.T.);
#5085=EDGE_CURVE('',#6111,#6255,#6282,.T.);
#5086=EDGE_CURVE('',#6113,#6253,#6283,.T.);
#5087=EDGE_CURVE('',#6115,#6251,#6284,.T.);
#5088=EDGE_CURVE('',#6285,#6286,#6287,.T.);
#5089=EDGE_CURVE('',#6286,#6288,#6289,.T.);
#5090=EDGE_CURVE('',#6290,#6288,#6291,.T.);
#5091=EDGE_CURVE('',#6285,#6290,#6292,.T.);
#5092=EDGE_CURVE('',#6117,#6249,#6293,.T.);
#5093=EDGE_CURVE('',#6294,#6068,#6295,.T.);
#5094=EDGE_CURVE('',#6294,#6285,#6296,.T.);
#5095=EDGE_CURVE('',#6297,#6290,#6298,.T.);
#5096=EDGE_CURVE('',#6070,#6297,#6299,.T.);
#5097=EDGE_CURVE('',#6127,#6239,#6300,.T.);
#5098=EDGE_CURVE('',#6301,#6297,#6302,.T.);
#5099=EDGE_CURVE('',#6080,#6301,#6303,.T.);
#5100=EDGE_CURVE('',#6286,#6304,#6305,.T.);
#5101=EDGE_CURVE('',#6304,#6082,#6306,.T.);
#5102=EDGE_CURVE('',#6288,#6301,#6307,.T.);
#5103=EDGE_CURVE('',#6308,#6309,#6310,.T.);
#5104=EDGE_CURVE('',#6309,#6311,#6312,.T.);
#5105=EDGE_CURVE('',#6311,#6313,#6314,.T.);
#5106=EDGE_CURVE('',#6313,#6308,#6315,.T.);
#5107=EDGE_CURVE('',#6143,#6270,#6316,.T.);
#5108=EDGE_CURVE('',#6145,#6268,#6317,.T.);
#5109=EDGE_CURVE('',#6121,#6245,#6318,.T.);
#5110=EDGE_CURVE('',#6123,#6243,#6319,.T.);
#5111=EDGE_CURVE('',#6103,#6308,#6320,.T.);
#5112=EDGE_CURVE('',#6004,#6313,#6321,.T.);
#5113=EDGE_CURVE('',#6139,#6274,#6322,.T.);
#5114=EDGE_CURVE('',#6135,#6277,#6323,.T.);
#5115=EDGE_CURVE('',#6141,#6272,#6324,.T.);
#5116=EDGE_CURVE('',#6136,#6279,#6325,.T.);
#5117=EDGE_CURVE('',#6136,#6326,#6327,.T.);
#5118=EDGE_CURVE('',#6326,#6328,#6329,.T.);
#5119=EDGE_CURVE('',#6279,#6328,#6330,.T.);
#5120=EDGE_CURVE('',#6328,#6331,#6332,.T.);
#5121=EDGE_CURVE('',#6200,#6331,#6333,.T.);
#5122=EDGE_CURVE('',#6331,#6334,#6335,.T.);
#5123=EDGE_CURVE('',#6202,#6334,#6336,.T.);
#5124=EDGE_CURVE('',#6334,#6337,#6338,.T.);
#5125=EDGE_CURVE('',#6204,#6337,#6339,.T.);
#5126=EDGE_CURVE('',#6337,#6340,#6341,.T.);
#5127=EDGE_CURVE('',#6340,#6342,#6343,.T.);
#5128=EDGE_CURVE('',#6344,#6342,#6345,.T.);
#5129=EDGE_CURVE('',#6346,#6344,#6347,.T.);
#5130=EDGE_CURVE('',#6348,#6346,#6349,.T.);
#5131=EDGE_CURVE('',#6348,#6206,#6350,.T.);
#5132=EDGE_CURVE('',#6348,#6351,#6352,.T.);
#5133=EDGE_CURVE('',#6188,#6351,#6353,.T.);
#5134=EDGE_CURVE('',#6354,#6351,#6355,.T.);
#5135=EDGE_CURVE('',#6354,#6356,#6357,.T.);
#5136=EDGE_CURVE('',#6358,#6356,#6359,.T.);
#5137=EDGE_CURVE('',#6358,#6360,#6361,.T.);
#5138=EDGE_CURVE('',#6360,#6362,#6363,.T.);
#5139=EDGE_CURVE('',#6189,#6362,#6364,.T.);
#5140=EDGE_CURVE('',#6362,#6365,#6366,.T.);
#5141=EDGE_CURVE('',#6191,#6365,#6367,.T.);
#5142=EDGE_CURVE('',#6365,#6368,#6369,.T.);
#5143=EDGE_CURVE('',#6193,#6368,#6370,.T.);
#5144=EDGE_CURVE('',#6368,#6326,#6371,.T.);
#5145=EDGE_CURVE('',#6372,#6373,#6374,.T.);
#5146=EDGE_CURVE('',#6164,#6372,#6375,.T.);
#5147=EDGE_CURVE('',#6231,#6162,#6376,.T.);
#5148=EDGE_CURVE('',#6377,#6220,#6378,.T.);
#5149=EDGE_CURVE('',#6373,#6377,#6379,.T.);
#5150=EDGE_CURVE('',#6340,#6360,#6380,.T.);
#5151=EDGE_CURVE('',#6183,#6373,#6381,.T.);
#5152=EDGE_CURVE('',#6377,#6382,#6383,.T.);
#5153=EDGE_CURVE('',#6382,#6384,#6385,.T.);
#5154=EDGE_CURVE('',#6386,#6384,#6387,.T.);
#5155=EDGE_CURVE('',#6209,#6386,#6388,.T.);
#5156=EDGE_CURVE('',#6386,#6389,#6390,.T.);
#5157=EDGE_CURVE('',#6389,#6391,#6392,.T.);
#5158=EDGE_CURVE('',#6391,#6214,#6393,.T.);
#5159=EDGE_CURVE('',#6391,#6394,#6395,.T.);
#5160=EDGE_CURVE('',#6394,#6216,#6396,.T.);
#5161=EDGE_CURVE('',#6382,#6218,#6397,.T.);
#5162=EDGE_CURVE('',#6398,#6394,#6399,.T.);
#5163=EDGE_CURVE('',#6384,#6398,#6400,.T.);
#5164=EDGE_CURVE('',#6389,#6398,#6401,.T.);
#5165=EDGE_CURVE('',#6181,#6372,#6402,.T.);
#5166=EDGE_CURVE('',#6132,#6233,#6403,.T.);
#5167=EDGE_CURVE('',#6130,#6236,#6404,.T.);
#5168=EDGE_CURVE('',#6125,#6241,#6405,.T.);
#5169=EDGE_CURVE('',#6342,#6358,#6406,.T.);
#5170=EDGE_CURVE('',#6356,#6407,#6408,.T.);
#5171=EDGE_CURVE('',#6407,#6409,#6410,.T.);
#5172=EDGE_CURVE('',#6409,#6344,#6411,.T.);
#5173=EDGE_CURVE('',#6412,#6409,#6413,.T.);
#5174=EDGE_CURVE('',#6412,#6346,#6414,.T.);
#5175=EDGE_CURVE('',#6415,#6412,#6416,.T.);
#5176=EDGE_CURVE('',#6354,#6415,#6417,.T.);
#5177=EDGE_CURVE('',#6415,#6407,#6418,.T.);
#5178=EDGE_CURVE('',#6419,#6420,#6421,.T.);
#5179=EDGE_CURVE('',#6420,#6006,#6422,.T.);
#5180=EDGE_CURVE('',#6419,#6311,#6423,.T.);
#5181=EDGE_CURVE('',#6424,#6419,#6425,.T.);
#5182=EDGE_CURVE('',#6424,#6309,#6426,.T.);
#5183=EDGE_CURVE('',#6149,#6264,#6427,.T.);
#5184=EDGE_CURVE('',#6151,#6262,#6428,.T.);
#5185=EDGE_CURVE('',#6429,#6101,#6430,.T.);
#5186=EDGE_CURVE('',#6429,#6424,#6431,.T.);
#5187=EDGE_CURVE('',#6432,#6433,#6434,.T.);
#5188=EDGE_CURVE('',#6432,#6435,#6436,.T.);
#5189=EDGE_CURVE('',#6435,#6437,#6438,.T.);
#5190=EDGE_CURVE('',#6439,#6437,#6440,.T.);
#5191=EDGE_CURVE('',#6304,#6439,#6441,.T.);
#5192=EDGE_CURVE('',#6442,#6294,#6443,.T.);
#5193=EDGE_CURVE('',#6444,#6442,#6445,.T.);
#5194=EDGE_CURVE('',#6446,#6444,#6447,.T.);
#5195=EDGE_CURVE('',#6448,#6446,#6449,.T.);
#5196=EDGE_CURVE('',#6448,#6450,#6451,.T.);
#5197=EDGE_CURVE('',#6452,#6450,#6453,.T.);
#5198=EDGE_CURVE('',#6420,#6452,#6454,.T.);
#5199=EDGE_CURVE('',#6455,#6429,#6456,.T.);
#5200=EDGE_CURVE('',#6457,#6455,#6458,.T.);
#5201=EDGE_CURVE('',#6457,#6459,#6460,.T.);
#5202=EDGE_CURVE('',#6459,#6461,#6462,.T.);
#5203=EDGE_CURVE('',#6461,#6463,#6464,.T.);
#5204=EDGE_CURVE('',#6463,#6465,#6466,.T.);
#5205=EDGE_CURVE('',#6465,#6467,#6468,.T.);
#5206=EDGE_CURVE('',#6467,#6433,#6469,.T.);
#5207=EDGE_CURVE('',#6433,#6470,#6471,.T.);
#5208=EDGE_CURVE('',#6467,#6472,#6473,.T.);
#5209=EDGE_CURVE('',#6470,#6472,#6474,.T.);
#5210=EDGE_CURVE('',#6475,#6472,#6476,.T.);
#5211=EDGE_CURVE('',#6475,#6477,#6478,.T.);
#5212=EDGE_CURVE('',#6477,#6479,#6480,.T.);
#5213=EDGE_CURVE('',#6479,#6481,#6482,.T.);
#5214=EDGE_CURVE('',#6470,#6481,#6483,.T.);
#5215=EDGE_CURVE('',#6481,#6484,#6485,.T.);
#5216=EDGE_CURVE('',#6432,#6484,#6486,.T.);
#5217=EDGE_CURVE('',#6487,#6488,#6489,.T.);
#5218=EDGE_CURVE('',#6487,#6490,#6491,.T.);
#5219=EDGE_CURVE('',#6490,#6492,#6493,.T.);
#5220=EDGE_CURVE('',#6488,#6492,#6494,.T.);
#5221=EDGE_CURVE('',#6459,#6495,#6496,.T.);
#5222=EDGE_CURVE('',#6495,#6497,#6498,.T.);
#5223=EDGE_CURVE('',#6497,#6499,#6500,.T.);
#5224=EDGE_CURVE('',#6499,#6501,#6502,.T.);
#5225=EDGE_CURVE('',#6503,#6501,#6504,.T.);
#5226=EDGE_CURVE('',#6505,#6503,#6506,.T.);
#5227=EDGE_CURVE('',#6505,#6507,#6508,.T.);
#5228=EDGE_CURVE('',#6507,#6509,#6510,.T.);
#5229=EDGE_CURVE('',#6509,#6511,#6512,.T.);
#5230=EDGE_CURVE('',#6511,#6513,#6514,.T.);
#5231=EDGE_CURVE('',#6435,#6513,#6515,.T.);
#5232=EDGE_CURVE('',#6516,#6484,#6517,.T.);
#5233=EDGE_CURVE('',#6461,#6516,#6518,.T.);
#5234=EDGE_CURVE('',#6519,#6492,#6520,.T.);
#5235=EDGE_CURVE('',#6519,#6521,#6522,.T.);
#5236=EDGE_CURVE('',#6521,#6523,#6524,.T.);
#5237=EDGE_CURVE('',#6525,#6523,#6526,.T.);
#5238=EDGE_CURVE('',#6488,#6525,#6527,.T.);
#5239=EDGE_CURVE('',#6528,#6529,#6530,.T.);
#5240=EDGE_CURVE('',#6529,#6531,#6532,.T.);
#5241=EDGE_CURVE('',#6531,#6528,#6533,.T.);
#5242=EDGE_CURVE('',#6534,#6535,#6536,.T.);
#5243=EDGE_CURVE('',#6537,#6534,#6538,.T.);
#5244=EDGE_CURVE('',#6537,#6539,#6540,.T.);
#5245=EDGE_CURVE('',#6539,#6541,#6542,.T.);
#5246=EDGE_CURVE('',#6513,#6541,#6543,.T.);
#5247=EDGE_CURVE('',#6544,#6513,#6545,.T.);
#5248=EDGE_CURVE('',#6544,#6519,#6546,.T.);
#5249=EDGE_CURVE('',#6547,#6492,#6548,.T.);
#5250=EDGE_CURVE('',#6547,#6549,#6550,.T.);
#5251=EDGE_CURVE('',#6549,#6488,#6551,.T.);
#5252=EDGE_CURVE('',#6552,#6525,#6553,.T.);
#5253=EDGE_CURVE('',#6495,#6552,#6554,.T.);
#5254=EDGE_CURVE('',#6495,#6555,#6556,.T.);
#5255=EDGE_CURVE('',#6557,#6555,#6558,.T.);
#5256=EDGE_CURVE('',#6557,#6559,#6560,.T.);
#5257=EDGE_CURVE('',#6559,#6561,#6562,.T.);
#5258=EDGE_CURVE('',#6563,#6561,#6564,.T.);
#5259=EDGE_CURVE('',#6535,#6563,#6565,.T.);
#5260=EDGE_CURVE('',#6566,#6563,#6567,.T.);
#5261=EDGE_CURVE('',#6568,#6566,#6569,.T.);
#5262=EDGE_CURVE('',#6570,#6568,#6571,.T.);
#5263=EDGE_CURVE('',#6572,#6570,#6573,.T.);
#5264=EDGE_CURVE('',#6574,#6572,#6575,.T.);
#5265=EDGE_CURVE('',#6576,#6574,#6577,.T.);
#5266=EDGE_CURVE('',#6578,#6576,#6579,.T.);
#5267=EDGE_CURVE('',#6580,#6578,#6581,.T.);
#5268=EDGE_CURVE('',#6580,#6535,#6582,.T.);
#5269=EDGE_CURVE('',#6583,#6584,#6585,.T.);
#5270=EDGE_CURVE('',#6586,#6583,#6587,.T.);
#5271=EDGE_CURVE('',#6588,#6586,#6589,.T.);
#5272=EDGE_CURVE('',#6588,#6590,#6591,.T.);
#5273=EDGE_CURVE('',#6590,#6534,#6592,.T.);
#5274=EDGE_CURVE('',#6593,#6580,#6594,.T.);
#5275=EDGE_CURVE('',#6595,#6593,#6596,.T.);
#5276=EDGE_CURVE('',#6595,#6584,#6597,.T.);
#5277=EDGE_CURVE('',#6598,#6595,#6599,.T.);
#5278=EDGE_CURVE('',#6598,#6600,#6601,.T.);
#5279=EDGE_CURVE('',#6602,#6600,#6603,.T.);
#5280=EDGE_CURVE('',#6584,#6602,#6604,.T.);
#5281=EDGE_CURVE('',#6605,#6606,#6607,.T.);
#5282=EDGE_CURVE('',#6606,#6608,#6609,.T.);
#5283=EDGE_CURVE('',#6608,#6610,#6611,.T.);
#5284=EDGE_CURVE('',#6612,#6610,#6613,.T.);
#5285=EDGE_CURVE('',#6612,#6583,#6614,.T.);
#5286=EDGE_CURVE('',#6602,#6615,#6616,.T.);
#5287=EDGE_CURVE('',#6615,#6605,#6617,.T.);
#5288=EDGE_CURVE('',#6605,#6618,#6619,.T.);
#5289=EDGE_CURVE('',#6615,#6620,#6621,.T.);
#5290=EDGE_CURVE('',#6620,#6622,#6623,.T.);
#5291=EDGE_CURVE('',#6618,#6622,#6624,.T.);
#5292=EDGE_CURVE('',#6622,#6598,#6625,.T.);
#5293=EDGE_CURVE('',#6626,#6598,#6627,.T.);
#5294=EDGE_CURVE('',#6628,#6626,#6629,.T.);
#5295=EDGE_CURVE('',#6628,#6630,#6631,.T.);
#5296=EDGE_CURVE('',#6632,#6630,#6633,.T.);
#5297=EDGE_CURVE('',#6632,#6618,#6634,.T.);
#5298=EDGE_CURVE('',#6635,#6632,#6636,.T.);
#5299=EDGE_CURVE('',#6637,#6635,#6638,.T.);
#5300=EDGE_CURVE('',#6605,#6637,#6639,.T.);
#5301=EDGE_CURVE('',#6637,#6640,#6641,.T.);
#5302=EDGE_CURVE('',#6606,#6640,#6642,.T.);
#5303=EDGE_CURVE('',#6537,#6643,#6644,.T.);
#5304=EDGE_CURVE('',#6643,#6645,#6646,.T.);
#5305=EDGE_CURVE('',#6645,#6539,#6647,.T.);
#5306=EDGE_CURVE('',#6648,#6628,#6649,.T.);
#5307=EDGE_CURVE('',#6650,#6648,#6651,.T.);
#5308=EDGE_CURVE('',#6650,#6652,#6653,.T.);
#5309=EDGE_CURVE('',#6654,#6652,#6655,.T.);
#5310=EDGE_CURVE('',#6654,#6656,#6657,.T.);
#5311=EDGE_CURVE('',#6658,#6656,#6659,.T.);
#5312=EDGE_CURVE('',#6658,#6608,#6660,.T.);
#5313=EDGE_CURVE('',#6640,#6661,#6662,.T.);
#5314=EDGE_CURVE('',#6661,#6630,#6663,.T.);
#5315=EDGE_CURVE('',#6664,#6665,#6666,.T.);
#5316=EDGE_CURVE('',#6667,#6664,#6668,.T.);
#5317=EDGE_CURVE('',#6667,#6669,#6670,.T.);
#5318=EDGE_CURVE('',#6669,#6665,#6671,.T.);
#5319=EDGE_CURVE('',#6656,#6645,#6672,.T.);
#5320=EDGE_CURVE('',#6654,#6673,#6674,.T.);
#5321=EDGE_CURVE('',#6541,#6673,#6675,.T.);
#5322=EDGE_CURVE('',#6676,#6677,#6678,.T.);
#5323=EDGE_CURVE('',#6677,#6679,#6680,.T.);
#5324=EDGE_CURVE('',#6679,#6681,#6682,.T.);
#5325=EDGE_CURVE('',#6683,#6681,#6684,.T.);
#5326=EDGE_CURVE('',#6683,#6685,#6686,.T.);
#5327=EDGE_CURVE('',#6685,#6687,#6688,.T.);
#5328=EDGE_CURVE('',#6687,#6676,#6689,.T.);
#5329=EDGE_CURVE('',#6690,#6691,#6692,.T.);
#5330=EDGE_CURVE('',#6691,#6693,#6694,.T.);
#5331=EDGE_CURVE('',#6693,#6695,#6696,.T.);
#5332=EDGE_CURVE('',#6697,#6695,#6698,.T.);
#5333=EDGE_CURVE('',#6088,#6697,#6699,.T.);
#5334=EDGE_CURVE('',#6437,#6086,#6700,.T.);
#5335=EDGE_CURVE('',#6673,#6701,#6702,.T.);
#5336=EDGE_CURVE('',#6701,#6626,#6703,.T.);
#5337=EDGE_CURVE('',#6598,#6690,#6704,.T.);
#5338=EDGE_CURVE('',#6676,#6590,#6705,.T.);
#5339=EDGE_CURVE('',#6687,#6586,#6706,.T.);
#5340=EDGE_CURVE('',#6707,#6612,#6708,.T.);
#5341=EDGE_CURVE('',#6643,#6707,#6709,.T.);
#5342=EDGE_CURVE('',#6710,#6707,#6711,.T.);
#5343=EDGE_CURVE('',#6712,#6710,#6713,.T.);
#5344=EDGE_CURVE('',#6714,#6712,#6715,.T.);
#5345=EDGE_CURVE('',#6716,#6714,#6717,.T.);
#5346=EDGE_CURVE('',#6718,#6716,#6719,.T.);
#5347=EDGE_CURVE('',#6720,#6718,#6721,.T.);
#5348=EDGE_CURVE('',#6645,#6720,#6722,.T.);
#5349=EDGE_CURVE('',#6723,#6588,#6724,.T.);
#5350=EDGE_CURVE('',#6725,#6723,#6726,.T.);
#5351=EDGE_CURVE('',#6677,#6725,#6727,.T.);
#5352=EDGE_CURVE('',#6720,#6728,#6729,.T.);
#5353=EDGE_CURVE('',#6730,#6728,#6731,.T.);
#5354=EDGE_CURVE('',#6730,#6656,#6732,.T.);
#5355=EDGE_CURVE('',#6733,#6730,#6734,.T.);
#5356=EDGE_CURVE('',#6735,#6733,#6736,.T.);
#5357=EDGE_CURVE('',#6735,#6658,#6737,.T.);
#5358=EDGE_CURVE('',#6738,#6735,#6739,.T.);
#5359=EDGE_CURVE('',#6738,#6658,#6740,.T.);
#5360=EDGE_CURVE('',#6741,#5978,#6742,.T.);
#5361=EDGE_CURVE('',#5976,#6741,#6743,.T.);
#5362=EDGE_CURVE('',#6738,#6744,#6745,.T.);
#5363=EDGE_CURVE('',#6744,#6608,#6746,.T.);
#5364=EDGE_CURVE('',#6744,#6747,#6748,.T.);
#5365=EDGE_CURVE('',#6747,#6608,#6749,.T.);
#5366=EDGE_CURVE('',#6750,#5980,#6751,.T.);
#5367=EDGE_CURVE('',#5982,#6750,#6752,.T.);
#5368=EDGE_CURVE('',#6753,#6747,#6754,.T.);
#5369=EDGE_CURVE('',#6755,#6753,#6756,.T.);
#5370=EDGE_CURVE('',#6610,#6755,#6757,.T.);
#5371=EDGE_CURVE('',#6758,#6755,#6759,.T.);
#5372=EDGE_CURVE('',#6760,#6758,#6761,.T.);
#5373=EDGE_CURVE('',#6760,#6710,#6762,.T.);
#5374=EDGE_CURVE('',#6763,#6764,#6765,.T.);
#5375=EDGE_CURVE('',#6763,#6766,#6767,.T.);
#5376=EDGE_CURVE('',#6766,#6768,#6769,.T.);
#5377=EDGE_CURVE('',#6718,#6768,#6770,.T.);
#5378=EDGE_CURVE('',#6771,#6716,#6772,.T.);
#5379=EDGE_CURVE('',#6773,#6771,#6774,.T.);
#5380=EDGE_CURVE('',#6773,#6764,#6775,.T.);
#5381=EDGE_CURVE('',#5990,#6776,#6777,.T.);
#5382=EDGE_CURVE('',#5988,#6778,#6779,.T.);
#5383=EDGE_CURVE('',#6712,#6778,#6780,.T.);
#5384=EDGE_CURVE('',#6679,#6760,#6781,.T.);
#5385=EDGE_CURVE('',#6490,#6725,#6782,.T.);
#5386=EDGE_CURVE('',#6783,#6487,#6784,.T.);
#5387=EDGE_CURVE('',#6785,#6783,#6786,.T.);
#5388=EDGE_CURVE('',#6787,#6785,#6788,.T.);
#5389=EDGE_CURVE('',#6789,#6787,#6790,.T.);
#5390=EDGE_CURVE('',#6776,#6789,#6791,.T.);
#5391=EDGE_CURVE('',#6792,#6793,#6794,.T.);
#5392=EDGE_CURVE('',#6792,#6776,#6795,.T.);
#5393=EDGE_CURVE('',#6789,#6796,#6797,.T.);
#5394=EDGE_CURVE('',#6796,#6798,#6799,.T.);
#5395=EDGE_CURVE('',#6798,#6800,#6801,.T.);
#5396=EDGE_CURVE('',#6793,#6800,#6802,.T.);
#5397=EDGE_CURVE('',#6803,#6804,#6805,.T.);
#5398=EDGE_CURVE('',#6806,#6804,#6807,.T.);
#5399=EDGE_CURVE('',#6806,#6808,#6809,.T.);
#5400=EDGE_CURVE('',#6808,#6810,#6811,.T.);
#5401=EDGE_CURVE('',#6812,#6810,#6813,.T.);
#5402=EDGE_CURVE('',#6814,#6812,#6815,.T.);
#5403=EDGE_CURVE('',#6814,#6816,#6817,.T.);
#5404=EDGE_CURVE('',#6803,#6816,#6818,.T.);
#5405=EDGE_CURVE('',#6819,#6820,#6821,.T.);
#5406=EDGE_CURVE('',#6793,#6820,#6822,.T.);
#5407=EDGE_CURVE('',#6800,#6750,#6823,.T.);
#5408=EDGE_CURVE('',#6750,#6824,#6825,.T.);
#5409=EDGE_CURVE('',#6826,#6824,#6827,.T.);
#5410=EDGE_CURVE('',#6826,#6828,#6829,.T.);
#5411=EDGE_CURVE('',#6830,#6828,#6831,.T.);
#5412=EDGE_CURVE('',#6830,#6819,#6832,.T.);
#5413=EDGE_CURVE('',#6833,#6834,#6835,.T.);
#5414=EDGE_CURVE('',#6819,#6833,#6836,.T.);
#5415=EDGE_CURVE('',#6837,#6830,#6838,.T.);
#5416=EDGE_CURVE('',#6837,#6834,#6839,.T.);
#5417=EDGE_CURVE('',#6837,#6840,#6841,.T.);
#5418=EDGE_CURVE('',#6842,#6840,#6843,.T.);
#5419=EDGE_CURVE('',#6834,#6842,#6844,.T.);
#5420=EDGE_CURVE('',#6845,#6846,#6847,.T.);
#5421=EDGE_CURVE('',#6848,#6846,#6849,.T.);
#5422=EDGE_CURVE('',#6848,#6850,#6851,.T.);
#5423=EDGE_CURVE('',#6850,#6834,#6852,.T.);
#5424=EDGE_CURVE('',#6842,#6853,#6854,.T.);
#5425=EDGE_CURVE('',#6853,#6845,#6855,.T.);
#5426=EDGE_CURVE('',#6856,#6826,#6857,.T.);
#5427=EDGE_CURVE('',#6858,#6856,#6859,.T.);
#5428=EDGE_CURVE('',#6845,#6858,#6860,.T.);
#5429=EDGE_CURVE('',#6853,#6826,#6861,.T.);
#5430=EDGE_CURVE('',#6840,#6828,#6862,.T.);
#5431=EDGE_CURVE('',#6858,#6863,#6864,.T.);
#5432=EDGE_CURVE('',#6846,#6863,#6865,.T.);
#5433=EDGE_CURVE('',#6557,#6866,#6867,.T.);
#5434=EDGE_CURVE('',#6866,#6868,#6869,.T.);
#5435=EDGE_CURVE('',#6868,#6559,#6870,.T.);
#5436=EDGE_CURVE('',#6871,#6824,#6872,.T.);
#5437=EDGE_CURVE('',#6750,#6741,#6873,.T.);
#5438=EDGE_CURVE('',#6741,#6874,#6875,.T.);
#5439=EDGE_CURVE('',#6874,#6876,#6877,.T.);
#5440=EDGE_CURVE('',#6876,#6878,#6879,.T.);
#5441=EDGE_CURVE('',#6878,#6880,#6881,.T.);
#5442=EDGE_CURVE('',#6880,#6882,#6883,.T.);
#5443=EDGE_CURVE('',#6882,#6848,#6884,.T.);
#5444=EDGE_CURVE('',#6863,#6871,#6885,.T.);
#5445=EDGE_CURVE('',#6886,#6887,#6888,.T.);
#5446=EDGE_CURVE('',#6886,#6889,#6890,.T.);
#5447=EDGE_CURVE('',#6889,#6891,#6892,.T.);
#5448=EDGE_CURVE('',#6887,#6891,#6893,.T.);
#5449=EDGE_CURVE('',#6792,#6868,#6894,.T.);
#5450=EDGE_CURVE('',#6820,#6895,#6896,.T.);
#5451=EDGE_CURVE('',#6897,#6895,#6898,.T.);
#5452=EDGE_CURVE('',#6897,#6899,#6900,.T.);
#5453=EDGE_CURVE('',#6901,#6899,#6902,.T.);
#5454=EDGE_CURVE('',#6901,#6561,#6903,.T.);
#5455=EDGE_CURVE('',#6833,#6904,#6905,.T.);
#5456=EDGE_CURVE('',#6904,#6566,#6906,.T.);
#5457=EDGE_CURVE('',#6907,#6901,#6908,.T.);
#5458=EDGE_CURVE('',#6907,#6895,#6909,.T.);
#5459=EDGE_CURVE('',#6910,#6907,#6911,.T.);
#5460=EDGE_CURVE('',#6912,#6910,#6913,.T.);
#5461=EDGE_CURVE('',#6912,#6914,#6915,.T.);
#5462=EDGE_CURVE('',#6897,#6914,#6916,.T.);
#5463=EDGE_CURVE('',#6914,#6917,#6918,.T.);
#5464=EDGE_CURVE('',#6917,#6919,#6920,.T.);
#5465=EDGE_CURVE('',#6787,#6919,#6921,.T.);
#5466=EDGE_CURVE('',#6899,#6785,#6922,.T.);
#5467=EDGE_CURVE('',#6923,#6850,#6924,.T.);
#5468=EDGE_CURVE('',#6925,#6923,#6926,.T.);
#5469=EDGE_CURVE('',#6555,#6925,#6927,.T.);
#5470=EDGE_CURVE('',#6457,#6097,#6928,.T.);
#5471=EDGE_CURVE('',#6095,#6929,#6930,.T.);
#5472=EDGE_CURVE('',#6931,#6929,#6932,.T.);
#5473=EDGE_CURVE('',#6933,#6931,#6934,.T.);
#5474=EDGE_CURVE('',#6935,#6933,#6936,.T.);
#5475=EDGE_CURVE('',#6935,#6937,#6938,.T.);
#5476=EDGE_CURVE('',#6937,#6834,#6939,.T.);
#5477=EDGE_CURVE('',#6940,#6866,#6941,.T.);
#5478=EDGE_CURVE('',#6808,#6940,#6942,.T.);
#5479=EDGE_CURVE('',#5992,#6806,#6943,.T.);
#5480=EDGE_CURVE('',#6783,#6910,#6944,.T.);
#5481=EDGE_CURVE('',#6804,#6945,#6946,.T.);
#5482=EDGE_CURVE('',#6945,#5994,#6947,.T.);
#5483=EDGE_CURVE('',#6948,#6949,#6950,.T.);
#5484=EDGE_CURVE('',#6949,#6771,#6951,.T.);
#5485=EDGE_CURVE('',#6714,#6948,#6952,.T.);
#5486=EDGE_CURVE('',#6949,#6697,#6953,.T.);
#5487=EDGE_CURVE('',#6695,#6949,#6954,.T.);
#5488=EDGE_CURVE('',#6929,#6945,#6955,.T.);
#5489=EDGE_CURVE('',#6945,#6931,#6956,.T.);
#5490=EDGE_CURVE('',#6796,#6919,#6957,.T.);
#5491=EDGE_CURVE('',#6803,#6933,#6958,.T.);
#5492=EDGE_CURVE('',#5986,#6917,#6959,.T.);
#5493=EDGE_CURVE('',#5984,#6798,#6960,.T.);
#5494=EDGE_CURVE('',#6961,#6092,#6962,.T.);
#5495=EDGE_CURVE('',#6961,#6691,#6963,.T.);
#5496=EDGE_CURVE('',#6964,#6690,#6965,.T.);
#5497=EDGE_CURVE('',#6966,#6964,#6967,.T.);
#5498=EDGE_CURVE('',#6685,#6966,#6968,.T.);
#5499=EDGE_CURVE('',#6969,#6683,#6970,.T.);
#5500=EDGE_CURVE('',#6778,#6969,#6971,.T.);
#5501=EDGE_CURVE('',#6972,#6912,#6973,.T.);
#5502=EDGE_CURVE('',#6937,#6972,#6974,.T.);
#5503=EDGE_CURVE('',#5971,#6935,#6975,.T.);
#5504=EDGE_CURVE('',#6814,#6878,#6976,.T.);
#5505=EDGE_CURVE('',#6812,#6977,#6978,.T.);
#5506=EDGE_CURVE('',#6977,#5974,#6979,.T.);
#5507=EDGE_CURVE('',#6816,#6880,#6980,.T.);
#5508=EDGE_CURVE('',#6876,#6925,#6981,.T.);
#5509=EDGE_CURVE('',#6882,#6923,#6982,.T.);
#5510=EDGE_CURVE('',#6874,#6866,#6983,.T.);
#5511=EDGE_CURVE('',#6874,#6977,#6984,.T.);
#5512=EDGE_CURVE('',#6985,#6977,#6986,.T.);
#5513=EDGE_CURVE('',#6940,#6985,#6987,.T.);
#5514=EDGE_CURVE('',#6810,#6985,#6988,.T.);
#5515=EDGE_CURVE('',#6728,#6768,#6989,.T.);
#5516=EDGE_CURVE('',#6766,#6730,#6990,.T.);
#5517=EDGE_CURVE('',#6650,#6764,#6991,.T.);
#5518=EDGE_CURVE('',#6693,#6773,#6992,.T.);
#5519=EDGE_CURVE('',#6961,#6733,#6993,.T.);
#5520=EDGE_CURVE('',#6652,#6763,#6994,.T.);
#5521=EDGE_CURVE('',#6648,#6701,#6995,.T.);
#5522=EDGE_CURVE('',#6090,#6948,#6996,.T.);
#5523=EDGE_CURVE('',#6969,#6753,#6997,.T.);
#5524=EDGE_CURVE('',#6681,#6758,#6998,.T.);
#5525=EDGE_CURVE('',#6972,#6999,#7000,.T.);
#5526=EDGE_CURVE('',#6999,#7001,#7002,.T.);
#5527=EDGE_CURVE('',#7003,#7001,#7004,.T.);
#5528=EDGE_CURVE('',#7003,#6904,#7005,.T.);
#5529=EDGE_CURVE('',#6593,#7006,#7007,.T.);
#5530=EDGE_CURVE('',#7006,#7008,#7009,.T.);
#5531=EDGE_CURVE('',#7008,#7010,#7011,.T.);
#5532=EDGE_CURVE('',#6964,#7010,#7012,.T.);
#5533=EDGE_CURVE('',#7013,#6568,#7014,.T.);
#5534=EDGE_CURVE('',#7003,#7015,#7016,.T.);
#5535=EDGE_CURVE('',#7013,#7015,#7017,.T.);
#5536=EDGE_CURVE('',#7018,#6499,#7019,.T.);
#5537=EDGE_CURVE('',#7018,#7020,#7021,.T.);
#5538=EDGE_CURVE('',#7020,#6509,#7022,.T.);
#5539=EDGE_CURVE('',#6507,#7023,#7024,.T.);
#5540=EDGE_CURVE('',#7023,#7025,#7026,.T.);
#5541=EDGE_CURVE('',#7025,#7027,#7028,.T.);
#5542=EDGE_CURVE('',#7027,#7029,#7030,.T.);
#5543=EDGE_CURVE('',#7029,#7031,#7032,.T.);
#5544=EDGE_CURVE('',#7031,#7033,#7034,.T.);
#5545=EDGE_CURVE('',#7033,#7013,#7035,.T.);
#5546=EDGE_CURVE('',#6501,#7015,#7036,.T.);
#5547=EDGE_CURVE('',#7037,#7038,#7039,.T.);
#5548=EDGE_CURVE('',#7040,#7038,#7041,.T.);
#5549=EDGE_CURVE('',#7042,#7040,#7043,.T.);
#5550=EDGE_CURVE('',#7042,#7037,#7044,.T.);
#5551=EDGE_CURVE('',#7045,#7046,#7047,.T.);
#5552=EDGE_CURVE('',#7048,#7046,#7049,.T.);
#5553=EDGE_CURVE('',#7050,#7048,#7051,.T.);
#5554=EDGE_CURVE('',#7050,#7045,#7052,.T.);
#5555=EDGE_CURVE('',#7053,#7054,#7055,.T.);
#5556=EDGE_CURVE('',#7056,#7054,#7057,.T.);
#5557=EDGE_CURVE('',#7058,#7056,#7059,.T.);
#5558=EDGE_CURVE('',#7058,#7053,#7060,.T.);
#5559=EDGE_CURVE('',#7061,#7062,#7063,.T.);
#5560=EDGE_CURVE('',#7064,#7062,#7065,.T.);
#5561=EDGE_CURVE('',#7066,#7064,#7067,.T.);
#5562=EDGE_CURVE('',#7066,#7061,#7068,.T.);
#5563=EDGE_CURVE('',#7069,#7070,#7071,.T.);
#5564=EDGE_CURVE('',#7072,#7070,#7073,.T.);
#5565=EDGE_CURVE('',#7074,#7072,#7075,.T.);
#5566=EDGE_CURVE('',#7074,#7069,#7076,.T.);
#5567=EDGE_CURVE('',#7077,#7078,#7079,.T.);
#5568=EDGE_CURVE('',#7080,#7078,#7081,.T.);
#5569=EDGE_CURVE('',#7082,#7080,#7083,.T.);
#5570=EDGE_CURVE('',#7082,#7077,#7084,.T.);
#5571=EDGE_CURVE('',#6014,#7085,#7086,.T.);
#5572=EDGE_CURVE('',#7087,#7085,#7088,.T.);
#5573=EDGE_CURVE('',#7089,#7087,#7090,.T.);
#5574=EDGE_CURVE('',#7091,#7089,#7092,.T.);
#5575=EDGE_CURVE('',#7093,#7091,#7094,.T.);
#5576=EDGE_CURVE('',#6016,#7093,#7095,.T.);
#5577=EDGE_CURVE('',#7096,#7097,#7098,.T.);
#5578=EDGE_CURVE('',#7099,#7097,#7100,.T.);
#5579=EDGE_CURVE('',#7101,#7099,#7102,.T.);
#5580=EDGE_CURVE('',#7101,#7096,#7103,.T.);
#5581=EDGE_CURVE('',#7104,#7082,#7105,.T.);
#5582=EDGE_CURVE('',#7106,#7104,#7107,.T.);
#5583=EDGE_CURVE('',#7108,#7106,#7109,.T.);
#5584=EDGE_CURVE('',#7110,#7108,#7111,.T.);
#5585=EDGE_CURVE('',#7112,#7110,#7113,.T.);
#5586=EDGE_CURVE('',#7114,#7112,#7115,.T.);
#5587=EDGE_CURVE('',#7077,#7114,#7116,.T.);
#5588=EDGE_CURVE('',#7093,#7117,#7118,.T.);
#5589=EDGE_CURVE('',#6018,#7117,#7119,.T.);
#5590=EDGE_CURVE('',#7117,#7120,#7121,.T.);
#5591=EDGE_CURVE('',#7120,#7122,#7123,.T.);
#5592=EDGE_CURVE('',#7122,#7124,#7125,.T.);
#5593=EDGE_CURVE('',#7124,#7126,#7127,.T.);
#5594=EDGE_CURVE('',#6020,#7126,#7128,.T.);
#5595=EDGE_CURVE('',#7129,#7130,#7131,.T.);
#5596=EDGE_CURVE('',#7130,#7132,#7133,.T.);
#5597=EDGE_CURVE('',#7134,#7132,#7135,.T.);
#5598=EDGE_CURVE('',#7129,#7134,#7136,.T.);
#5599=EDGE_CURVE('',#7078,#7137,#7138,.T.);
#5600=EDGE_CURVE('',#7137,#7139,#7140,.T.);
#5601=EDGE_CURVE('',#7139,#7141,#7142,.T.);
#5602=EDGE_CURVE('',#7141,#7143,#7144,.T.);
#5603=EDGE_CURVE('',#7143,#7145,#7146,.T.);
#5604=EDGE_CURVE('',#7145,#7147,#7148,.T.);
#5605=EDGE_CURVE('',#7147,#7080,#7149,.T.);
#5606=EDGE_CURVE('',#6062,#6446,#7150,.T.);
#5607=EDGE_CURVE('',#6060,#7151,#7152,.T.);
#5608=EDGE_CURVE('',#7153,#7151,#7154,.T.);
#5609=EDGE_CURVE('',#6054,#7153,#7155,.T.);
#5610=EDGE_CURVE('',#6052,#7156,#7157,.T.);
#5611=EDGE_CURVE('',#7158,#7156,#7159,.T.);
#5612=EDGE_CURVE('',#6046,#7158,#7160,.T.);
#5613=EDGE_CURVE('',#6044,#7161,#7162,.T.);
#5614=EDGE_CURVE('',#7163,#7161,#7164,.T.);
#5615=EDGE_CURVE('',#6038,#7163,#7165,.T.);
#5616=EDGE_CURVE('',#6036,#7166,#7167,.T.);
#5617=EDGE_CURVE('',#7168,#7166,#7169,.T.);
#5618=EDGE_CURVE('',#6030,#7168,#7170,.T.);
#5619=EDGE_CURVE('',#6028,#7171,#7172,.T.);
#5620=EDGE_CURVE('',#7173,#7171,#7174,.T.);
#5621=EDGE_CURVE('',#6022,#7173,#7175,.T.);
#5622=EDGE_CURVE('',#7085,#7126,#7176,.T.);
#5623=EDGE_CURVE('',#6012,#6448,#7177,.T.);
#5624=EDGE_CURVE('',#6450,#6010,#7178,.T.);
#5625=EDGE_CURVE('',#6452,#6008,#7179,.T.);
#5626=EDGE_CURVE('',#7087,#7124,#7180,.T.);
#5627=EDGE_CURVE('',#7089,#7122,#7181,.T.);
#5628=EDGE_CURVE('',#7091,#7120,#7182,.T.);
#5629=EDGE_CURVE('',#7183,#7173,#7184,.T.);
#5630=EDGE_CURVE('',#7185,#7183,#7186,.T.);
#5631=EDGE_CURVE('',#7187,#7185,#7188,.T.);
#5632=EDGE_CURVE('',#7189,#7187,#7190,.T.);
#5633=EDGE_CURVE('',#6024,#7189,#7191,.T.);
#5634=EDGE_CURVE('',#7192,#7193,#7194,.T.);
#5635=EDGE_CURVE('',#7195,#7193,#7196,.T.);
#5636=EDGE_CURVE('',#7197,#7195,#7198,.T.);
#5637=EDGE_CURVE('',#7197,#7192,#7199,.T.);
#5638=EDGE_CURVE('',#7200,#7042,#7201,.T.);
#5639=EDGE_CURVE('',#7202,#7200,#7203,.T.);
#5640=EDGE_CURVE('',#7204,#7202,#7205,.T.);
#5641=EDGE_CURVE('',#7206,#7204,#7207,.T.);
#5642=EDGE_CURVE('',#7208,#7206,#7209,.T.);
#5643=EDGE_CURVE('',#7210,#7208,#7211,.T.);
#5644=EDGE_CURVE('',#7037,#7210,#7212,.T.);
#5645=EDGE_CURVE('',#7189,#7213,#7214,.T.);
#5646=EDGE_CURVE('',#6026,#7213,#7215,.T.);
#5647=EDGE_CURVE('',#7213,#7216,#7217,.T.);
#5648=EDGE_CURVE('',#7216,#7218,#7219,.T.);
#5649=EDGE_CURVE('',#7218,#7220,#7221,.T.);
#5650=EDGE_CURVE('',#7220,#7171,#7222,.T.);
#5651=EDGE_CURVE('',#7223,#7224,#7225,.T.);
#5652=EDGE_CURVE('',#7224,#7226,#7227,.T.);
#5653=EDGE_CURVE('',#7228,#7226,#7229,.T.);
#5654=EDGE_CURVE('',#7223,#7228,#7230,.T.);
#5655=EDGE_CURVE('',#7038,#7231,#7232,.T.);
#5656=EDGE_CURVE('',#7231,#7233,#7234,.T.);
#5657=EDGE_CURVE('',#7233,#7235,#7236,.T.);
#5658=EDGE_CURVE('',#7235,#7237,#7238,.T.);
#5659=EDGE_CURVE('',#7237,#7239,#7240,.T.);
#5660=EDGE_CURVE('',#7239,#7241,#7242,.T.);
#5661=EDGE_CURVE('',#7241,#7040,#7243,.T.);
#5662=EDGE_CURVE('',#7183,#7220,#7244,.T.);
#5663=EDGE_CURVE('',#7185,#7218,#7245,.T.);
#5664=EDGE_CURVE('',#7187,#7216,#7246,.T.);
#5665=EDGE_CURVE('',#7101,#7129,#7247,.T.);
#5666=EDGE_CURVE('',#7192,#7134,#7248,.T.);
#5667=EDGE_CURVE('',#7197,#7223,#7249,.T.);
#5668=EDGE_CURVE('',#7250,#7228,#7251,.T.);
#5669=EDGE_CURVE('',#7252,#7250,#7253,.T.);
#5670=EDGE_CURVE('',#7252,#7254,#7255,.T.);
#5671=EDGE_CURVE('',#7254,#7256,#7257,.T.);
#5672=EDGE_CURVE('',#7258,#7256,#7259,.T.);
#5673=EDGE_CURVE('',#7260,#7258,#7261,.T.);
#5674=EDGE_CURVE('',#7260,#7262,#7263,.T.);
#5675=EDGE_CURVE('',#7262,#7264,#7265,.T.);
#5676=EDGE_CURVE('',#7266,#7264,#7267,.T.);
#5677=EDGE_CURVE('',#7268,#7266,#7269,.T.);
#5678=EDGE_CURVE('',#7268,#7270,#7271,.T.);
#5679=EDGE_CURVE('',#7270,#7272,#7273,.T.);
#5680=EDGE_CURVE('',#7274,#7272,#7275,.T.);
#5681=EDGE_CURVE('',#7276,#7274,#7277,.T.);
#5682=EDGE_CURVE('',#7276,#7278,#7279,.T.);
#5683=EDGE_CURVE('',#7278,#7280,#7281,.T.);
#5684=EDGE_CURVE('',#7282,#7280,#7283,.T.);
#5685=EDGE_CURVE('',#7284,#7282,#7285,.T.);
#5686=EDGE_CURVE('',#7284,#7286,#7287,.T.);
#5687=EDGE_CURVE('',#7286,#7288,#7289,.T.);
#5688=EDGE_CURVE('',#7096,#7288,#7290,.T.);
#5689=EDGE_CURVE('',#6547,#7291,#7292,.T.);
#5690=EDGE_CURVE('',#7291,#7293,#7294,.T.);
#5691=EDGE_CURVE('',#7295,#7293,#7296,.T.);
#5692=EDGE_CURVE('',#7282,#7295,#7297,.T.);
#5693=EDGE_CURVE('',#7280,#7298,#7299,.T.);
#5694=EDGE_CURVE('',#7300,#7298,#7301,.T.);
#5695=EDGE_CURVE('',#7274,#7300,#7302,.T.);
#5696=EDGE_CURVE('',#7272,#7303,#7304,.T.);
#5697=EDGE_CURVE('',#7305,#7303,#7306,.T.);
#5698=EDGE_CURVE('',#7266,#7305,#7307,.T.);
#5699=EDGE_CURVE('',#7264,#7308,#7309,.T.);
#5700=EDGE_CURVE('',#7310,#7308,#7311,.T.);
#5701=EDGE_CURVE('',#7258,#7310,#7312,.T.);
#5702=EDGE_CURVE('',#7256,#7313,#7314,.T.);
#5703=EDGE_CURVE('',#7315,#7313,#7316,.T.);
#5704=EDGE_CURVE('',#7250,#7315,#7317,.T.);
#5705=EDGE_CURVE('',#7193,#7226,#7318,.T.);
#5706=EDGE_CURVE('',#7097,#7132,#7319,.T.);
#5707=EDGE_CURVE('',#7288,#7320,#7321,.T.);
#5708=EDGE_CURVE('',#7322,#7320,#7323,.T.);
#5709=EDGE_CURVE('',#7322,#7324,#7325,.T.);
#5710=EDGE_CURVE('',#6549,#7324,#7326,.T.);
#5711=EDGE_CURVE('',#7324,#6910,#7327,.T.);
#5712=EDGE_CURVE('',#6999,#7322,#7328,.T.);
#5713=EDGE_CURVE('',#7320,#7001,#7329,.T.);
#5714=EDGE_CURVE('',#7295,#7008,#7330,.T.);
#5715=EDGE_CURVE('',#7010,#7293,#7331,.T.);
#5716=EDGE_CURVE('',#7332,#7286,#7333,.T.);
#5717=EDGE_CURVE('',#6503,#7332,#7334,.T.);
#5718=EDGE_CURVE('',#7335,#7332,#7336,.T.);
#5719=EDGE_CURVE('',#6505,#7335,#7337,.T.);
#5720=EDGE_CURVE('',#7338,#7339,#7340,.T.);
#5721=EDGE_CURVE('',#7341,#7338,#7342,.T.);
#5722=EDGE_CURVE('',#7341,#7343,#7344,.T.);
#5723=EDGE_CURVE('',#7343,#7339,#7345,.T.);
#5724=EDGE_CURVE('',#7346,#7347,#7348,.T.);
#5725=EDGE_CURVE('',#7349,#7347,#7350,.T.);
#5726=EDGE_CURVE('',#7351,#7349,#7352,.T.);
#5727=EDGE_CURVE('',#7351,#7346,#7353,.T.);
#5728=EDGE_CURVE('',#7354,#7355,#7356,.T.);
#5729=EDGE_CURVE('',#7357,#7354,#7358,.T.);
#5730=EDGE_CURVE('',#7357,#7359,#7360,.T.);
#5731=EDGE_CURVE('',#7359,#7355,#7361,.T.);
#5732=EDGE_CURVE('',#7362,#7363,#7364,.T.);
#5733=EDGE_CURVE('',#7365,#7363,#7366,.T.);
#5734=EDGE_CURVE('',#7367,#7365,#7368,.T.);
#5735=EDGE_CURVE('',#7367,#7362,#7369,.T.);
#5736=EDGE_CURVE('',#7370,#7371,#7372,.T.);
#5737=EDGE_CURVE('',#7373,#7370,#7374,.T.);
#5738=EDGE_CURVE('',#7373,#7375,#7376,.T.);
#5739=EDGE_CURVE('',#7375,#7371,#7377,.T.);
#5740=EDGE_CURVE('',#7378,#7379,#7380,.T.);
#5741=EDGE_CURVE('',#7381,#7379,#7382,.T.);
#5742=EDGE_CURVE('',#7383,#7381,#7384,.T.);
#5743=EDGE_CURVE('',#7383,#7378,#7385,.T.);
#5744=EDGE_CURVE('',#7386,#7387,#7388,.T.);
#5745=EDGE_CURVE('',#7389,#7386,#7390,.T.);
#5746=EDGE_CURVE('',#7389,#7391,#7392,.T.);
#5747=EDGE_CURVE('',#7391,#7387,#7393,.T.);
#5748=EDGE_CURVE('',#7208,#7233,#7394,.T.);
#5749=EDGE_CURVE('',#7210,#7231,#7395,.T.);
#5750=EDGE_CURVE('',#7204,#7237,#7396,.T.);
#5751=EDGE_CURVE('',#7202,#7239,#7397,.T.);
#5752=EDGE_CURVE('',#7112,#7139,#7398,.T.);
#5753=EDGE_CURVE('',#7114,#7137,#7399,.T.);
#5754=EDGE_CURVE('',#7108,#7143,#7400,.T.);
#5755=EDGE_CURVE('',#7106,#7145,#7401,.T.);
#5756=EDGE_CURVE('',#7402,#7403,#7404,.T.);
#5757=EDGE_CURVE('',#7405,#7403,#7406,.T.);
#5758=EDGE_CURVE('',#7407,#7405,#7408,.T.);
#5759=EDGE_CURVE('',#7407,#7402,#7409,.T.);
#5760=EDGE_CURVE('',#7410,#7153,#7411,.T.);
#5761=EDGE_CURVE('',#7412,#7410,#7413,.T.);
#5762=EDGE_CURVE('',#7414,#7412,#7415,.T.);
#5763=EDGE_CURVE('',#7416,#7414,#7417,.T.);
#5764=EDGE_CURVE('',#6056,#7416,#7418,.T.);
#5765=EDGE_CURVE('',#7419,#7300,#7420,.T.);
#5766=EDGE_CURVE('',#7276,#7419,#7421,.T.);
#5767=EDGE_CURVE('',#7422,#7074,#7423,.T.);
#5768=EDGE_CURVE('',#7343,#7422,#7424,.T.);
#5769=EDGE_CURVE('',#7425,#7341,#7426,.T.);
#5770=EDGE_CURVE('',#7402,#7425,#7427,.T.);
#5771=EDGE_CURVE('',#7069,#7407,#7428,.T.);
#5772=EDGE_CURVE('',#7416,#7429,#7430,.T.);
#5773=EDGE_CURVE('',#6058,#7429,#7431,.T.);
#5774=EDGE_CURVE('',#7429,#7432,#7433,.T.);
#5775=EDGE_CURVE('',#7432,#7434,#7435,.T.);
#5776=EDGE_CURVE('',#7434,#7436,#7437,.T.);
#5777=EDGE_CURVE('',#7436,#7151,#7438,.T.);
#5778=EDGE_CURVE('',#7278,#7439,#7440,.T.);
#5779=EDGE_CURVE('',#7439,#7298,#7441,.T.);
#5780=EDGE_CURVE('',#7070,#7405,#7442,.T.);
#5781=EDGE_CURVE('',#7403,#7443,#7444,.T.);
#5782=EDGE_CURVE('',#7443,#7338,#7445,.T.);
#5783=EDGE_CURVE('',#7339,#7446,#7447,.T.);
#5784=EDGE_CURVE('',#7446,#7072,#7448,.T.);
#5785=EDGE_CURVE('',#7410,#7436,#7449,.T.);
#5786=EDGE_CURVE('',#7412,#7434,#7450,.T.);
#5787=EDGE_CURVE('',#7414,#7432,#7451,.T.);
#5788=EDGE_CURVE('',#7419,#7439,#7452,.T.);
#5789=EDGE_CURVE('',#7422,#7446,#7453,.T.);
#5790=EDGE_CURVE('',#7425,#7443,#7454,.T.);
#5791=EDGE_CURVE('',#7455,#7158,#7456,.T.);
#5792=EDGE_CURVE('',#7457,#7455,#7458,.T.);
#5793=EDGE_CURVE('',#7459,#7457,#7460,.T.);
#5794=EDGE_CURVE('',#7461,#7459,#7462,.T.);
#5795=EDGE_CURVE('',#6048,#7461,#7463,.T.);
#5796=EDGE_CURVE('',#7464,#7305,#7465,.T.);
#5797=EDGE_CURVE('',#7268,#7464,#7466,.T.);
#5798=EDGE_CURVE('',#7467,#7066,#7468,.T.);
#5799=EDGE_CURVE('',#7359,#7467,#7469,.T.);
#5800=EDGE_CURVE('',#7470,#7357,#7471,.T.);
#5801=EDGE_CURVE('',#7346,#7470,#7472,.T.);
#5802=EDGE_CURVE('',#7061,#7351,#7473,.T.);
#5803=EDGE_CURVE('',#7461,#7474,#7475,.T.);
#5804=EDGE_CURVE('',#6050,#7474,#7476,.T.);
#5805=EDGE_CURVE('',#7474,#7477,#7478,.T.);
#5806=EDGE_CURVE('',#7477,#7479,#7480,.T.);
#5807=EDGE_CURVE('',#7479,#7481,#7482,.T.);
#5808=EDGE_CURVE('',#7481,#7156,#7483,.T.);
#5809=EDGE_CURVE('',#7270,#7484,#7485,.T.);
#5810=EDGE_CURVE('',#7484,#7303,#7486,.T.);
#5811=EDGE_CURVE('',#7062,#7349,#7487,.T.);
#5812=EDGE_CURVE('',#7347,#7488,#7489,.T.);
#5813=EDGE_CURVE('',#7488,#7354,#7490,.T.);
#5814=EDGE_CURVE('',#7355,#7491,#7492,.T.);
#5815=EDGE_CURVE('',#7491,#7064,#7493,.T.);
#5816=EDGE_CURVE('',#7455,#7481,#7494,.T.);
#5817=EDGE_CURVE('',#7457,#7479,#7495,.T.);
#5818=EDGE_CURVE('',#7459,#7477,#7496,.T.);
#5819=EDGE_CURVE('',#7464,#7484,#7497,.T.);
#5820=EDGE_CURVE('',#7467,#7491,#7498,.T.);
#5821=EDGE_CURVE('',#7470,#7488,#7499,.T.);
#5822=EDGE_CURVE('',#7500,#7163,#7501,.T.);
#5823=EDGE_CURVE('',#7502,#7500,#7503,.T.);
#5824=EDGE_CURVE('',#7504,#7502,#7505,.T.);
#5825=EDGE_CURVE('',#7506,#7504,#7507,.T.);
#5826=EDGE_CURVE('',#6040,#7506,#7508,.T.);
#5827=EDGE_CURVE('',#7509,#7310,#7510,.T.);
#5828=EDGE_CURVE('',#7260,#7509,#7511,.T.);
#5829=EDGE_CURVE('',#7512,#7058,#7513,.T.);
#5830=EDGE_CURVE('',#7375,#7512,#7514,.T.);
#5831=EDGE_CURVE('',#7515,#7373,#7516,.T.);
#5832=EDGE_CURVE('',#7362,#7515,#7517,.T.);
#5833=EDGE_CURVE('',#7053,#7367,#7518,.T.);
#5834=EDGE_CURVE('',#7506,#7519,#7520,.T.);
#5835=EDGE_CURVE('',#6042,#7519,#7521,.T.);
#5836=EDGE_CURVE('',#7519,#7522,#7523,.T.);
#5837=EDGE_CURVE('',#7522,#7524,#7525,.T.);
#5838=EDGE_CURVE('',#7524,#7526,#7527,.T.);
#5839=EDGE_CURVE('',#7526,#7161,#7528,.T.);
#5840=EDGE_CURVE('',#7262,#7529,#7530,.T.);
#5841=EDGE_CURVE('',#7529,#7308,#7531,.T.);
#5842=EDGE_CURVE('',#7054,#7365,#7532,.T.);
#5843=EDGE_CURVE('',#7363,#7533,#7534,.T.);
#5844=EDGE_CURVE('',#7533,#7370,#7535,.T.);
#5845=EDGE_CURVE('',#7371,#7536,#7537,.T.);
#5846=EDGE_CURVE('',#7536,#7056,#7538,.T.);
#5847=EDGE_CURVE('',#7500,#7526,#7539,.T.);
#5848=EDGE_CURVE('',#7502,#7524,#7540,.T.);
#5849=EDGE_CURVE('',#7504,#7522,#7541,.T.);
#5850=EDGE_CURVE('',#7509,#7529,#7542,.T.);
#5851=EDGE_CURVE('',#7512,#7536,#7543,.T.);
#5852=EDGE_CURVE('',#7515,#7533,#7544,.T.);
#5853=EDGE_CURVE('',#7545,#7168,#7546,.T.);
#5854=EDGE_CURVE('',#7547,#7545,#7548,.T.);
#5855=EDGE_CURVE('',#7549,#7547,#7550,.T.);
#5856=EDGE_CURVE('',#7551,#7549,#7552,.T.);
#5857=EDGE_CURVE('',#6032,#7551,#7553,.T.);
#5858=EDGE_CURVE('',#7554,#7315,#7555,.T.);
#5859=EDGE_CURVE('',#7252,#7554,#7556,.T.);
#5860=EDGE_CURVE('',#7557,#7050,#7558,.T.);
#5861=EDGE_CURVE('',#7391,#7557,#7559,.T.);
#5862=EDGE_CURVE('',#7560,#7389,#7561,.T.);
#5863=EDGE_CURVE('',#7378,#7560,#7562,.T.);
#5864=EDGE_CURVE('',#7045,#7383,#7563,.T.);
#5865=EDGE_CURVE('',#7551,#7564,#7565,.T.);
#5866=EDGE_CURVE('',#6034,#7564,#7566,.T.);
#5867=EDGE_CURVE('',#7564,#7567,#7568,.T.);
#5868=EDGE_CURVE('',#7567,#7569,#7570,.T.);
#5869=EDGE_CURVE('',#7569,#7571,#7572,.T.);
#5870=EDGE_CURVE('',#7571,#7166,#7573,.T.);
#5871=EDGE_CURVE('',#7254,#7574,#7575,.T.);
#5872=EDGE_CURVE('',#7574,#7313,#7576,.T.);
#5873=EDGE_CURVE('',#7046,#7381,#7577,.T.);
#5874=EDGE_CURVE('',#7379,#7578,#7579,.T.);
#5875=EDGE_CURVE('',#7578,#7386,#7580,.T.);
#5876=EDGE_CURVE('',#7387,#7581,#7582,.T.);
#5877=EDGE_CURVE('',#7581,#7048,#7583,.T.);
#5878=EDGE_CURVE('',#7545,#7571,#7584,.T.);
#5879=EDGE_CURVE('',#7547,#7569,#7585,.T.);
#5880=EDGE_CURVE('',#7549,#7567,#7586,.T.);
#5881=EDGE_CURVE('',#7554,#7574,#7587,.T.);
#5882=EDGE_CURVE('',#7557,#7581,#7588,.T.);
#5883=EDGE_CURVE('',#7560,#7578,#7589,.T.);
#5884=EDGE_CURVE('',#7206,#7235,#7590,.T.);
#5885=EDGE_CURVE('',#7200,#7241,#7591,.T.);
#5886=EDGE_CURVE('',#7110,#7141,#7592,.T.);
#5887=EDGE_CURVE('',#7104,#7147,#7593,.T.);
#5888=EDGE_CURVE('',#7335,#7284,#7594,.T.);
#5889=EDGE_CURVE('',#7006,#7023,#7595,.T.);
#5890=EDGE_CURVE('',#7025,#6578,#7596,.T.);
#5891=EDGE_CURVE('',#7027,#6576,#7597,.T.);
#5892=EDGE_CURVE('',#7029,#6574,#7598,.T.);
#5893=EDGE_CURVE('',#7031,#6572,#7599,.T.);
#5894=EDGE_CURVE('',#7033,#6570,#7600,.T.);
#5895=EDGE_CURVE('',#7291,#6723,#7601,.T.);
#5896=EDGE_CURVE('',#6966,#6723,#7602,.T.);
#5897=EDGE_CURVE('',#7099,#7130,#7603,.T.);
#5898=EDGE_CURVE('',#7195,#7224,#7604,.T.);
#5899=EDGE_CURVE('',#6444,#6064,#7605,.T.);
#5900=EDGE_CURVE('',#6442,#6066,#7606,.T.);
#5901=EDGE_CURVE('',#7607,#6511,#7608,.T.);
#5902=EDGE_CURVE('',#7020,#7607,#7609,.T.);
#5903=EDGE_CURVE('',#7018,#7610,#7611,.T.);
#5904=EDGE_CURVE('',#7610,#7612,#7613,.T.);
#5905=EDGE_CURVE('',#6523,#7612,#7614,.T.);
#5906=EDGE_CURVE('',#6521,#7615,#7616,.T.);
#5907=EDGE_CURVE('',#7615,#7607,#7617,.T.);
#5908=EDGE_CURVE('',#7615,#6544,#7618,.T.);
#5909=EDGE_CURVE('',#7612,#6552,#7619,.T.);
#5910=EDGE_CURVE('',#7610,#6497,#7620,.T.);
#5911=EDGE_CURVE('',#6455,#6099,#7621,.T.);
#5912=EDGE_CURVE('',#6856,#6871,#7622,.T.);
#5913=EDGE_CURVE('',#7623,#6669,#7624,.T.);
#5914=EDGE_CURVE('',#6665,#7623,#7625,.T.);
#5915=EDGE_CURVE('',#7626,#6891,#7627,.T.);
#5916=EDGE_CURVE('',#6887,#7626,#7628,.T.);
#5917=EDGE_CURVE('',#7629,#7623,#7630,.T.);
#5918=EDGE_CURVE('',#6664,#7629,#7631,.T.);
#5919=EDGE_CURVE('',#7629,#6667,#7632,.T.);
#5920=EDGE_CURVE('',#6886,#7633,#7634,.T.);
#5921=EDGE_CURVE('',#7633,#6889,#7635,.T.);
#5922=EDGE_CURVE('',#7633,#7626,#7636,.T.);
#5923=EDGE_CURVE('',#6439,#6084,#7637,.T.);
#5924=EDGE_CURVE('',#6635,#6661,#7638,.T.);
#5925=EDGE_CURVE('',#6600,#6620,#7639,.T.);
#5926=EDGE_CURVE('',#7640,#7641,#7642,.T.);
#5927=EDGE_CURVE('',#7640,#6528,#7643,.T.);
#5928=EDGE_CURVE('',#7641,#6531,#7644,.T.);
#5929=EDGE_CURVE('',#7645,#6529,#7646,.T.);
#5930=EDGE_CURVE('',#7641,#7645,#7647,.T.);
#5931=EDGE_CURVE('',#7645,#7640,#7648,.T.);
#5932=EDGE_CURVE('',#6479,#6516,#7649,.T.);
#5933=EDGE_CURVE('',#6477,#6463,#7650,.T.);
#5934=EDGE_CURVE('',#6475,#6465,#7651,.T.);
#5935=EDGE_CURVE('',#6153,#6260,#7652,.T.);
#5936=EDGE_CURVE('',#6155,#6258,#7653,.T.);
#5937=EDGE_CURVE('',#6147,#6266,#7654,.T.);
#5938=EDGE_CURVE('',#6119,#6247,#7655,.T.);
#5939=DIRECTION('',(0.0,0.0,-1.0));
#5940=DIRECTION('',(-1.0,0.0,0.0));
#5941=DIRECTION('',(0.0,0.0,1.0));
#5942=DIRECTION('',(1.0,0.0,0.0));
#5943=DIRECTION('',(0.0,0.0,-1.0));
#5944=DIRECTION('',(-1.0,0.0,0.0));
#5945=DIRECTION('',(0.0,0.0,1.0));
#5946=DIRECTION('',(1.0,0.0,0.0));
#5947=DIRECTION('',(0.0,0.0,-1.0));
#5948=DIRECTION('',(-1.0,0.0,0.0));
#5949=DIRECTION('',(0.0,0.0,1.0));
#5950=DIRECTION('',(1.0,0.0,0.0));
#5951=DIRECTION('',(0.0,0.0,-1.0));
#5952=DIRECTION('',(-1.0,0.0,0.0));
#5953=DIRECTION('',(0.0,0.0,1.0));
#5954=DIRECTION('',(1.0,0.0,0.0));
#5955=DIRECTION('',(0.0,0.0,-1.0));
#5956=DIRECTION('',(-1.0,0.0,0.0));
#5957=DIRECTION('',(0.0,0.0,1.0));
#5958=DIRECTION('',(1.0,0.0,0.0));
#5959=DIRECTION('',(0.0,0.0,-1.0));
#5960=DIRECTION('',(-1.0,0.0,0.0));
#5961=DIRECTION('',(0.0,0.0,1.0));
#5962=DIRECTION('',(1.0,0.0,0.0));
#5963=DIRECTION('',(0.0,0.0,-1.0));
#5964=DIRECTION('',(-1.0,0.0,0.0));
#5965=DIRECTION('',(0.0,0.0,1.0));
#5966=DIRECTION('',(1.0,0.0,0.0));
#5967=DIRECTION('',(1.0,0.0,0.0));
#5968=DIRECTION('',(0.0,0.0,-1.0));
#5969=DIRECTION('',(-1.0,0.0,0.0));
#5970=DIRECTION('',(0.0,0.0,1.0));
#5971=VERTEX_POINT('',#7656);
#5972=VERTEX_POINT('',#7657);
#5973=LINE('',#7658,#7659);
#5974=VERTEX_POINT('',#7660);
#5975=LINE('',#7661,#7662);
#5976=VERTEX_POINT('',#7663);
#5977=CIRCLE('',#7664,0.2);
#5978=VERTEX_POINT('',#7665);
#5979=LINE('',#7666,#7667);
#5980=VERTEX_POINT('',#7668);
#5981=LINE('',#7669,#7670);
#5982=VERTEX_POINT('',#7671);
#5983=LINE('',#7672,#7673);
#5984=VERTEX_POINT('',#7674);
#5985=CIRCLE('',#7675,0.2);
#5986=VERTEX_POINT('',#7676);
#5987=LINE('',#7677,#7678);
#5988=VERTEX_POINT('',#7679);
#5989=LINE('',#7680,#7681);
#5990=VERTEX_POINT('',#7682);
#5991=LINE('',#7683,#7684);
#5992=VERTEX_POINT('',#7685);
#5993=LINE('',#7686,#7687);
#5994=VERTEX_POINT('',#7688);
#5995=LINE('',#7689,#7690);
#5996=VERTEX_POINT('',#7691);
#5997=LINE('',#7692,#7693);
#5998=LINE('',#7694,#7695);
#5999=VERTEX_POINT('',#7696);
#6000=VERTEX_POINT('',#7697);
#6001=LINE('',#7698,#7699);
#6002=VERTEX_POINT('',#7700);
#6003=LINE('',#7701,#7702);
#6004=VERTEX_POINT('',#7703);
#6005=LINE('',#7704,#7705);
#6006=VERTEX_POINT('',#7706);
#6007=LINE('',#7707,#7708);
#6008=VERTEX_POINT('',#7709);
#6009=LINE('',#7710,#7711);
#6010=VERTEX_POINT('',#7712);
#6011=LINE('',#7713,#7714);
#6012=VERTEX_POINT('',#7715);
#6013=LINE('',#7716,#7717);
#6014=VERTEX_POINT('',#7718);
#6015=LINE('',#7719,#7720);
#6016=VERTEX_POINT('',#7721);
#6017=LINE('',#7722,#7723);
#6018=VERTEX_POINT('',#7724);
#6019=LINE('',#7725,#7726);
#6020=VERTEX_POINT('',#7727);
#6021=LINE('',#7728,#7729);
#6022=VERTEX_POINT('',#7730);
#6023=LINE('',#7731,#7732);
#6024=VERTEX_POINT('',#7733);
#6025=LINE('',#7734,#7735);
#6026=VERTEX_POINT('',#7736);
#6027=LINE('',#7737,#7738);
#6028=VERTEX_POINT('',#7739);
#6029=LINE('',#7740,#7741);
#6030=VERTEX_POINT('',#7742);
#6031=LINE('',#7743,#7744);
#6032=VERTEX_POINT('',#7745);
#6033=LINE('',#7746,#7747);
#6034=VERTEX_POINT('',#7748);
#6035=LINE('',#7749,#7750);
#6036=VERTEX_POINT('',#7751);
#6037=LINE('',#7752,#7753);
#6038=VERTEX_POINT('',#7754);
#6039=LINE('',#7755,#7756);
#6040=VERTEX_POINT('',#7757);
#6041=LINE('',#7758,#7759);
#6042=VERTEX_POINT('',#7760);
#6043=LINE('',#7761,#7762);
#6044=VERTEX_POINT('',#7763);
#6045=LINE('',#7764,#7765);
#6046=VERTEX_POINT('',#7766);
#6047=LINE('',#7767,#7768);
#6048=VERTEX_POINT('',#7769);
#6049=LINE('',#7770,#7771);
#6050=VERTEX_POINT('',#7772);
#6051=LINE('',#7773,#7774);
#6052=VERTEX_POINT('',#7775);
#6053=LINE('',#7776,#7777);
#6054=VERTEX_POINT('',#7778);
#6055=LINE('',#7779,#7780);
#6056=VERTEX_POINT('',#7781);
#6057=LINE('',#7782,#7783);
#6058=VERTEX_POINT('',#7784);
#6059=LINE('',#7785,#7786);
#6060=VERTEX_POINT('',#7787);
#6061=LINE('',#7788,#7789);
#6062=VERTEX_POINT('',#7790);
#6063=LINE('',#7791,#7792);
#6064=VERTEX_POINT('',#7793);
#6065=LINE('',#7794,#7795);
#6066=VERTEX_POINT('',#7796);
#6067=LINE('',#7797,#7798);
#6068=VERTEX_POINT('',#7799);
#6069=LINE('',#7800,#7801);
#6070=VERTEX_POINT('',#7802);
#6071=LINE('',#7803,#7804);
#6072=VERTEX_POINT('',#7805);
#6073=LINE('',#7806,#7807);
#6074=VERTEX_POINT('',#7808);
#6075=LINE('',#7809,#7810);
#6076=VERTEX_POINT('',#7811);
#6077=LINE('',#7812,#7813);
#6078=VERTEX_POINT('',#7814);
#6079=LINE('',#7815,#7816);
#6080=VERTEX_POINT('',#7817);
#6081=LINE('',#7818,#7819);
#6082=VERTEX_POINT('',#7820);
#6083=LINE('',#7821,#7822);
#6084=VERTEX_POINT('',#7823);
#6085=LINE('',#7824,#7825);
#6086=VERTEX_POINT('',#7826);
#6087=LINE('',#7827,#7828);
#6088=VERTEX_POINT('',#7829);
#6089=LINE('',#7830,#7831);
#6090=VERTEX_POINT('',#7832);
#6091=LINE('',#7833,#7834);
#6092=VERTEX_POINT('',#7835);
#6093=LINE('',#7836,#7837);
#6094=LINE('',#7838,#7839);
#6095=VERTEX_POINT('',#7840);
#6096=LINE('',#7841,#7842);
#6097=VERTEX_POINT('',#7843);
#6098=LINE('',#7844,#7845);
#6099=VERTEX_POINT('',#7846);
#6100=LINE('',#7847,#7848);
#6101=VERTEX_POINT('',#7849);
#6102=LINE('',#7850,#7851);
#6103=VERTEX_POINT('',#7852);
#6104=LINE('',#7853,#7854);
#6105=VERTEX_POINT('',#7855);
#6106=LINE('',#7856,#7857);
#6107=LINE('',#7858,#7859);
#6108=VERTEX_POINT('',#7860);
#6109=VERTEX_POINT('',#7861);
#6110=LINE('',#7862,#7863);
#6111=VERTEX_POINT('',#7864);
#6112=CIRCLE('',#7865,0.4);
#6113=VERTEX_POINT('',#7866);
#6114=LINE('',#7867,#7868);
#6115=VERTEX_POINT('',#7869);
#6116=LINE('',#7870,#7871);
#6117=VERTEX_POINT('',#7872);
#6118=LINE('',#7873,#7874);
#6119=VERTEX_POINT('',#7875);
#6120=LINE('',#7876,#7877);
#6121=VERTEX_POINT('',#7878);
#6122=LINE('',#7879,#7880);
#6123=VERTEX_POINT('',#7881);
#6124=LINE('',#7882,#7883);
#6125=VERTEX_POINT('',#7884);
#6126=LINE('',#7885,#7886);
#6127=VERTEX_POINT('',#7887);
#6128=CIRCLE('',#7888,0.15);
#6129=LINE('',#7889,#7890);
#6130=VERTEX_POINT('',#7891);
#6131=CIRCLE('',#7892,0.15);
#6132=VERTEX_POINT('',#7893);
#6133=LINE('',#7894,#7895);
#6134=LINE('',#7896,#7897);
#6135=VERTEX_POINT('',#7898);
#6136=VERTEX_POINT('',#7899);
#6137=LINE('',#7900,#7901);
#6138=CIRCLE('',#7902,0.15);
#6139=VERTEX_POINT('',#7903);
#6140=LINE('',#7904,#7905);
#6141=VERTEX_POINT('',#7906);
#6142=CIRCLE('',#7907,0.15);
#6143=VERTEX_POINT('',#7908);
#6144=LINE('',#7909,#7910);
#6145=VERTEX_POINT('',#7911);
#6146=LINE('',#7912,#7913);
#6147=VERTEX_POINT('',#7914);
#6148=LINE('',#7915,#7916);
#6149=VERTEX_POINT('',#7917);
#6150=LINE('',#7918,#7919);
#6151=VERTEX_POINT('',#7920);
#6152=LINE('',#7921,#7922);
#6153=VERTEX_POINT('',#7923);
#6154=LINE('',#7924,#7925);
#6155=VERTEX_POINT('',#7926);
#6156=LINE('',#7927,#7928);
#6157=VERTEX_POINT('',#7929);
#6158=CIRCLE('',#7930,0.4);
#6159=VERTEX_POINT('',#7931);
#6160=LINE('',#7932,#7933);
#6161=LINE('',#7934,#7935);
#6162=VERTEX_POINT('',#7936);
#6163=LINE('',#7937,#7938);
#6164=VERTEX_POINT('',#7939);
#6165=LINE('',#7940,#7941);
#6166=VERTEX_POINT('',#7942);
#6167=LINE('',#7943,#7944);
#6168=LINE('',#7945,#7946);
#6169=VERTEX_POINT('',#7947);
#6170=VERTEX_POINT('',#7948);
#6171=LINE('',#7949,#7950);
#6172=VERTEX_POINT('',#7951);
#6173=LINE('',#7952,#7953);
#6174=VERTEX_POINT('',#7954);
#6175=LINE('',#7955,#7956);
#6176=VERTEX_POINT('',#7957);
#6177=LINE('',#7958,#7959);
#6178=VERTEX_POINT('',#7960);
#6179=LINE('',#7961,#7962);
#6180=LINE('',#7963,#7964);
#6181=VERTEX_POINT('',#7965);
#6182=LINE('',#7966,#7967);
#6183=VERTEX_POINT('',#7968);
#6184=LINE('',#7969,#7970);
#6185=VERTEX_POINT('',#7971);
#6186=LINE('',#7972,#7973);
#6187=LINE('',#7974,#7975);
#6188=VERTEX_POINT('',#7976);
#6189=VERTEX_POINT('',#7977);
#6190=LINE('',#7978,#7979);
#6191=VERTEX_POINT('',#7980);
#6192=LINE('',#7981,#7982);
#6193=VERTEX_POINT('',#7983);
#6194=LINE('',#7984,#7985);
#6195=LINE('',#7986,#7987);
#6196=VERTEX_POINT('',#7988);
#6197=LINE('',#7989,#7990);
#6198=VERTEX_POINT('',#7991);
#6199=LINE('',#7992,#7993);
#6200=VERTEX_POINT('',#7994);
#6201=LINE('',#7995,#7996);
#6202=VERTEX_POINT('',#7997);
#6203=LINE('',#7998,#7999);
#6204=VERTEX_POINT('',#8000);
#6205=LINE('',#8001,#8002);
#6206=VERTEX_POINT('',#8003);
#6207=LINE('',#8004,#8005);
#6208=LINE('',#8006,#8007);
#6209=VERTEX_POINT('',#8008);
#6210=CIRCLE('',#8009,0.4);
#6211=VERTEX_POINT('',#8010);
#6212=LINE('',#8011,#8012);
#6213=CIRCLE('',#8013,0.4);
#6214=VERTEX_POINT('',#8014);
#6215=LINE('',#8015,#8016);
#6216=VERTEX_POINT('',#8017);
#6217=LINE('',#8018,#8019);
#6218=VERTEX_POINT('',#8020);
#6219=LINE('',#8021,#8022);
#6220=VERTEX_POINT('',#8023);
#6221=CIRCLE('',#8024,0.15);
#6222=VERTEX_POINT('',#8025);
#6223=LINE('',#8026,#8027);
#6224=LINE('',#8028,#8029);
#6225=VERTEX_POINT('',#8030);
#6226=LINE('',#8031,#8032);
#6227=LINE('',#8033,#8034);
#6228=VERTEX_POINT('',#8035);
#6229=LINE('',#8036,#8037);
#6230=LINE('',#8038,#8039);
#6231=VERTEX_POINT('',#8040);
#6232=LINE('',#8041,#8042);
#6233=VERTEX_POINT('',#8043);
#6234=LINE('',#8044,#8045);
#6235=LINE('',#8046,#8047);
#6236=VERTEX_POINT('',#8048);
#6237=LINE('',#8049,#8050);
#6238=CIRCLE('',#8051,0.15);
#6239=VERTEX_POINT('',#8052);
#6240=LINE('',#8053,#8054);
#6241=VERTEX_POINT('',#8055);
#6242=CIRCLE('',#8056,0.15);
#6243=VERTEX_POINT('',#8057);
#6244=LINE('',#8058,#8059);
#6245=VERTEX_POINT('',#8060);
#6246=LINE('',#8061,#8062);
#6247=VERTEX_POINT('',#8063);
#6248=LINE('',#8064,#8065);
#6249=VERTEX_POINT('',#8066);
#6250=LINE('',#8067,#8068);
#6251=VERTEX_POINT('',#8069);
#6252=LINE('',#8070,#8071);
#6253=VERTEX_POINT('',#8072);
#6254=LINE('',#8073,#8074);
#6255=VERTEX_POINT('',#8075);
#6256=LINE('',#8076,#8077);
#6257=CIRCLE('',#8078,0.4);
#6258=VERTEX_POINT('',#8079);
#6259=CIRCLE('',#8080,0.4);
#6260=VERTEX_POINT('',#8081);
#6261=LINE('',#8082,#8083);
#6262=VERTEX_POINT('',#8084);
#6263=LINE('',#8085,#8086);
#6264=VERTEX_POINT('',#8087);
#6265=LINE('',#8088,#8089);
#6266=VERTEX_POINT('',#8090);
#6267=LINE('',#8091,#8092);
#6268=VERTEX_POINT('',#8093);
#6269=LINE('',#8094,#8095);
#6270=VERTEX_POINT('',#8096);
#6271=LINE('',#8097,#8098);
#6272=VERTEX_POINT('',#8099);
#6273=LINE('',#8100,#8101);
#6274=VERTEX_POINT('',#8102);
#6275=CIRCLE('',#8103,0.15);
#6276=LINE('',#8104,#8105);
#6277=VERTEX_POINT('',#8106);
#6278=CIRCLE('',#8107,0.15);
#6279=VERTEX_POINT('',#8108);
#6280=LINE('',#8109,#8110);
#6281=LINE('',#8111,#8112);
#6282=LINE('',#8113,#8114);
#6283=LINE('',#8115,#8116);
#6284=LINE('',#8117,#8118);
#6285=VERTEX_POINT('',#8119);
#6286=VERTEX_POINT('',#8120);
#6287=LINE('',#8121,#8122);
#6288=VERTEX_POINT('',#8123);
#6289=LINE('',#8124,#8125);
#6290=VERTEX_POINT('',#8126);
#6291=LINE('',#8127,#8128);
#6292=LINE('',#8129,#8130);
#6293=LINE('',#8131,#8132);
#6294=VERTEX_POINT('',#8133);
#6295=LINE('',#8134,#8135);
#6296=LINE('',#8136,#8137);
#6297=VERTEX_POINT('',#8138);
#6298=LINE('',#8139,#8140);
#6299=LINE('',#8141,#8142);
#6300=LINE('',#8143,#8144);
#6301=VERTEX_POINT('',#8145);
#6302=LINE('',#8146,#8147);
#6303=LINE('',#8148,#8149);
#6304=VERTEX_POINT('',#8150);
#6305=LINE('',#8151,#8152);
#6306=LINE('',#8153,#8154);
#6307=LINE('',#8155,#8156);
#6308=VERTEX_POINT('',#8157);
#6309=VERTEX_POINT('',#8158);
#6310=LINE('',#8159,#8160);
#6311=VERTEX_POINT('',#8161);
#6312=LINE('',#8162,#8163);
#6313=VERTEX_POINT('',#8164);
#6314=LINE('',#8165,#8166);
#6315=LINE('',#8167,#8168);
#6316=LINE('',#8169,#8170);
#6317=LINE('',#8171,#8172);
#6318=LINE('',#8173,#8174);
#6319=LINE('',#8175,#8176);
#6320=LINE('',#8177,#8178);
#6321=LINE('',#8179,#8180);
#6322=LINE('',#8181,#8182);
#6323=LINE('',#8183,#8184);
#6324=LINE('',#8185,#8186);
#6325=LINE('',#8187,#8188);
#6326=VERTEX_POINT('',#8189);
#6327=LINE('',#8190,#8191);
#6328=VERTEX_POINT('',#8192);
#6329=LINE('',#8193,#8194);
#6330=LINE('',#8195,#8196);
#6331=VERTEX_POINT('',#8197);
#6332=LINE('',#8198,#8199);
#6333=LINE('',#8200,#8201);
#6334=VERTEX_POINT('',#8202);
#6335=LINE('',#8203,#8204);
#6336=LINE('',#8205,#8206);
#6337=VERTEX_POINT('',#8207);
#6338=LINE('',#8208,#8209);
#6339=LINE('',#8210,#8211);
#6340=VERTEX_POINT('',#8212);
#6341=LINE('',#8213,#8214);
#6342=VERTEX_POINT('',#8215);
#6343=CIRCLE('',#8216,0.15);
#6344=VERTEX_POINT('',#8217);
#6345=LINE('',#8218,#8219);
#6346=VERTEX_POINT('',#8220);
#6347=LINE('',#8221,#8222);
#6348=VERTEX_POINT('',#8223);
#6349=LINE('',#8224,#8225);
#6350=CIRCLE('',#8226,0.4);
#6351=VERTEX_POINT('',#8227);
#6352=LINE('',#8228,#8229);
#6353=CIRCLE('',#8230,0.4);
#6354=VERTEX_POINT('',#8231);
#6355=LINE('',#8232,#8233);
#6356=VERTEX_POINT('',#8234);
#6357=LINE('',#8235,#8236);
#6358=VERTEX_POINT('',#8237);
#6359=LINE('',#8238,#8239);
#6360=VERTEX_POINT('',#8240);
#6361=CIRCLE('',#8241,0.15);
#6362=VERTEX_POINT('',#8242);
#6363=LINE('',#8243,#8244);
#6364=LINE('',#8245,#8246);
#6365=VERTEX_POINT('',#8247);
#6366=LINE('',#8248,#8249);
#6367=LINE('',#8250,#8251);
#6368=VERTEX_POINT('',#8252);
#6369=LINE('',#8253,#8254);
#6370=LINE('',#8255,#8256);
#6371=LINE('',#8257,#8258);
#6372=VERTEX_POINT('',#8259);
#6373=VERTEX_POINT('',#8260);
#6374=LINE('',#8261,#8262);
#6375=LINE('',#8263,#8264);
#6376=LINE('',#8265,#8266);
#6377=VERTEX_POINT('',#8267);
#6378=LINE('',#8268,#8269);
#6379=LINE('',#8270,#8271);
#6380=LINE('',#8272,#8273);
#6381=LINE('',#8274,#8275);
#6382=VERTEX_POINT('',#8276);
#6383=CIRCLE('',#8277,0.15);
#6384=VERTEX_POINT('',#8278);
#6385=LINE('',#8279,#8280);
#6386=VERTEX_POINT('',#8281);
#6387=LINE('',#8282,#8283);
#6388=LINE('',#8284,#8285);
#6389=VERTEX_POINT('',#8286);
#6390=LINE('',#8287,#8288);
#6391=VERTEX_POINT('',#8289);
#6392=LINE('',#8290,#8291);
#6393=LINE('',#8292,#8293);
#6394=VERTEX_POINT('',#8294);
#6395=LINE('',#8295,#8296);
#6396=LINE('',#8297,#8298);
#6397=LINE('',#8299,#8300);
#6398=VERTEX_POINT('',#8301);
#6399=LINE('',#8302,#8303);
#6400=LINE('',#8304,#8305);
#6401=LINE('',#8306,#8307);
#6402=LINE('',#8308,#8309);
#6403=LINE('',#8310,#8311);
#6404=LINE('',#8312,#8313);
#6405=LINE('',#8314,#8315);
#6406=LINE('',#8316,#8317);
#6407=VERTEX_POINT('',#8318);
#6408=LINE('',#8319,#8320);
#6409=VERTEX_POINT('',#8321);
#6410=LINE('',#8322,#8323);
#6411=LINE('',#8324,#8325);
#6412=VERTEX_POINT('',#8326);
#6413=LINE('',#8327,#8328);
#6414=LINE('',#8329,#8330);
#6415=VERTEX_POINT('',#8331);
#6416=LINE('',#8332,#8333);
#6417=LINE('',#8334,#8335);
#6418=LINE('',#8336,#8337);
#6419=VERTEX_POINT('',#8338);
#6420=VERTEX_POINT('',#8339);
#6421=LINE('',#8340,#8341);
#6422=LINE('',#8342,#8343);
#6423=LINE('',#8344,#8345);
#6424=VERTEX_POINT('',#8346);
#6425=LINE('',#8347,#8348);
#6426=LINE('',#8349,#8350);
#6427=LINE('',#8351,#8352);
#6428=LINE('',#8353,#8354);
#6429=VERTEX_POINT('',#8355);
#6430=LINE('',#8356,#8357);
#6431=LINE('',#8358,#8359);
#6432=VERTEX_POINT('',#8360);
#6433=VERTEX_POINT('',#8361);
#6434=LINE('',#8362,#8363);
#6435=VERTEX_POINT('',#8364);
#6436=LINE('',#8365,#8366);
#6437=VERTEX_POINT('',#8367);
#6438=LINE('',#8368,#8369);
#6439=VERTEX_POINT('',#8370);
#6440=LINE('',#8371,#8372);
#6441=LINE('',#8373,#8374);
#6442=VERTEX_POINT('',#8375);
#6443=LINE('',#8376,#8377);
#6444=VERTEX_POINT('',#8378);
#6445=LINE('',#8379,#8380);
#6446=VERTEX_POINT('',#8381);
#6447=LINE('',#8382,#8383);
#6448=VERTEX_POINT('',#8384);
#6449=LINE('',#8385,#8386);
#6450=VERTEX_POINT('',#8387);
#6451=LINE('',#8388,#8389);
#6452=VERTEX_POINT('',#8390);
#6453=LINE('',#8391,#8392);
#6454=LINE('',#8393,#8394);
#6455=VERTEX_POINT('',#8395);
#6456=LINE('',#8396,#8397);
#6457=VERTEX_POINT('',#8398);
#6458=LINE('',#8399,#8400);
#6459=VERTEX_POINT('',#8401);
#6460=LINE('',#8402,#8403);
#6461=VERTEX_POINT('',#8404);
#6462=LINE('',#8405,#8406);
#6463=VERTEX_POINT('',#8407);
#6464=LINE('',#8408,#8409);
#6465=VERTEX_POINT('',#8410);
#6466=LINE('',#8411,#8412);
#6467=VERTEX_POINT('',#8413);
#6468=LINE('',#8414,#8415);
#6469=LINE('',#8416,#8417);
#6470=VERTEX_POINT('',#8418);
#6471=LINE('',#8419,#8420);
#6472=VERTEX_POINT('',#8421);
#6473=LINE('',#8422,#8423);
#6474=LINE('',#8424,#8425);
#6475=VERTEX_POINT('',#8426);
#6476=LINE('',#8427,#8428);
#6477=VERTEX_POINT('',#8429);
#6478=LINE('',#8430,#8431);
#6479=VERTEX_POINT('',#8432);
#6480=LINE('',#8433,#8434);
#6481=VERTEX_POINT('',#8435);
#6482=LINE('',#8436,#8437);
#6483=LINE('',#8438,#8439);
#6484=VERTEX_POINT('',#8440);
#6485=LINE('',#8441,#8442);
#6486=LINE('',#8443,#8444);
#6487=VERTEX_POINT('',#8445);
#6488=VERTEX_POINT('',#8446);
#6489=LINE('',#8447,#8448);
#6490=VERTEX_POINT('',#8449);
#6491=LINE('',#8450,#8451);
#6492=VERTEX_POINT('',#8452);
#6493=LINE('',#8453,#8454);
#6494=LINE('',#8455,#8456);
#6495=VERTEX_POINT('',#8457);
#6496=LINE('',#8458,#8459);
#6497=VERTEX_POINT('',#8460);
#6498=LINE('',#8461,#8462);
#6499=VERTEX_POINT('',#8463);
#6500=LINE('',#8464,#8465);
#6501=VERTEX_POINT('',#8466);
#6502=LINE('',#8467,#8468);
#6503=VERTEX_POINT('',#8469);
#6504=LINE('',#8470,#8471);
#6505=VERTEX_POINT('',#8472);
#6506=LINE('',#8473,#8474);
#6507=VERTEX_POINT('',#8475);
#6508=LINE('',#8476,#8477);
#6509=VERTEX_POINT('',#8478);
#6510=LINE('',#8479,#8480);
#6511=VERTEX_POINT('',#8481);
#6512=LINE('',#8482,#8483);
#6513=VERTEX_POINT('',#8484);
#6514=LINE('',#8485,#8486);
#6515=LINE('',#8487,#8488);
#6516=VERTEX_POINT('',#8489);
#6517=LINE('',#8490,#8491);
#6518=LINE('',#8492,#8493);
#6519=VERTEX_POINT('',#8494);
#6520=LINE('',#8495,#8496);
#6521=VERTEX_POINT('',#8497);
#6522=LINE('',#8498,#8499);
#6523=VERTEX_POINT('',#8500);
#6524=LINE('',#8501,#8502);
#6525=VERTEX_POINT('',#8503);
#6526=LINE('',#8504,#8505);
#6527=LINE('',#8506,#8507);
#6528=VERTEX_POINT('',#8508);
#6529=VERTEX_POINT('',#8509);
#6530=LINE('',#8510,#8511);
#6531=VERTEX_POINT('',#8512);
#6532=LINE('',#8513,#8514);
#6533=LINE('',#8515,#8516);
#6534=VERTEX_POINT('',#8517);
#6535=VERTEX_POINT('',#8518);
#6536=LINE('',#8519,#8520);
#6537=VERTEX_POINT('',#8521);
#6538=LINE('',#8522,#8523);
#6539=VERTEX_POINT('',#8524);
#6540=LINE('',#8525,#8526);
#6541=VERTEX_POINT('',#8527);
#6542=LINE('',#8528,#8529);
#6543=LINE('',#8530,#8531);
#6544=VERTEX_POINT('',#8532);
#6545=LINE('',#8533,#8534);
#6546=LINE('',#8535,#8536);
#6547=VERTEX_POINT('',#8537);
#6548=LINE('',#8538,#8539);
#6549=VERTEX_POINT('',#8540);
#6550=LINE('',#8541,#8542);
#6551=LINE('',#8543,#8544);
#6552=VERTEX_POINT('',#8545);
#6553=LINE('',#8546,#8547);
#6554=LINE('',#8548,#8549);
#6555=VERTEX_POINT('',#8550);
#6556=LINE('',#8551,#8552);
#6557=VERTEX_POINT('',#8553);
#6558=LINE('',#8554,#8555);
#6559=VERTEX_POINT('',#8556);
#6560=LINE('',#8557,#8558);
#6561=VERTEX_POINT('',#8559);
#6562=LINE('',#8560,#8561);
#6563=VERTEX_POINT('',#8562);
#6564=LINE('',#8563,#8564);
#6565=LINE('',#8565,#8566);
#6566=VERTEX_POINT('',#8567);
#6567=LINE('',#8568,#8569);
#6568=VERTEX_POINT('',#8570);
#6569=LINE('',#8571,#8572);
#6570=VERTEX_POINT('',#8573);
#6571=LINE('',#8574,#8575);
#6572=VERTEX_POINT('',#8576);
#6573=LINE('',#8577,#8578);
#6574=VERTEX_POINT('',#8579);
#6575=LINE('',#8580,#8581);
#6576=VERTEX_POINT('',#8582);
#6577=LINE('',#8583,#8584);
#6578=VERTEX_POINT('',#8585);
#6579=LINE('',#8586,#8587);
#6580=VERTEX_POINT('',#8588);
#6581=LINE('',#8589,#8590);
#6582=LINE('',#8591,#8592);
#6583=VERTEX_POINT('',#8593);
#6584=VERTEX_POINT('',#8594);
#6585=LINE('',#8595,#8596);
#6586=VERTEX_POINT('',#8597);
#6587=LINE('',#8598,#8599);
#6588=VERTEX_POINT('',#8600);
#6589=LINE('',#8601,#8602);
#6590=VERTEX_POINT('',#8603);
#6591=LINE('',#8604,#8605);
#6592=LINE('',#8606,#8607);
#6593=VERTEX_POINT('',#8608);
#6594=LINE('',#8609,#8610);
#6595=VERTEX_POINT('',#8611);
#6596=LINE('',#8612,#8613);
#6597=LINE('',#8614,#8615);
#6598=VERTEX_POINT('',#8616);
#6599=LINE('',#8617,#8618);
#6600=VERTEX_POINT('',#8619);
#6601=LINE('',#8620,#8621);
#6602=VERTEX_POINT('',#8622);
#6603=LINE('',#8623,#8624);
#6604=LINE('',#8625,#8626);
#6605=VERTEX_POINT('',#8627);
#6606=VERTEX_POINT('',#8628);
#6607=LINE('',#8629,#8630);
#6608=VERTEX_POINT('',#8631);
#6609=LINE('',#8632,#8633);
#6610=VERTEX_POINT('',#8634);
#6611=LINE('',#8635,#8636);
#6612=VERTEX_POINT('',#8637);
#6613=LINE('',#8638,#8639);
#6614=LINE('',#8640,#8641);
#6615=VERTEX_POINT('',#8642);
#6616=LINE('',#8643,#8644);
#6617=LINE('',#8645,#8646);
#6618=VERTEX_POINT('',#8647);
#6619=LINE('',#8648,#8649);
#6620=VERTEX_POINT('',#8650);
#6621=LINE('',#8651,#8652);
#6622=VERTEX_POINT('',#8653);
#6623=LINE('',#8654,#8655);
#6624=LINE('',#8656,#8657);
#6625=LINE('',#8658,#8659);
#6626=VERTEX_POINT('',#8660);
#6627=LINE('',#8661,#8662);
#6628=VERTEX_POINT('',#8663);
#6629=LINE('',#8664,#8665);
#6630=VERTEX_POINT('',#8666);
#6631=LINE('',#8667,#8668);
#6632=VERTEX_POINT('',#8669);
#6633=LINE('',#8670,#8671);
#6634=LINE('',#8672,#8673);
#6635=VERTEX_POINT('',#8674);
#6636=LINE('',#8675,#8676);
#6637=VERTEX_POINT('',#8677);
#6638=LINE('',#8678,#8679);
#6639=LINE('',#8680,#8681);
#6640=VERTEX_POINT('',#8682);
#6641=LINE('',#8683,#8684);
#6642=LINE('',#8685,#8686);
#6643=VERTEX_POINT('',#8687);
#6644=LINE('',#8688,#8689);
#6645=VERTEX_POINT('',#8690);
#6646=LINE('',#8691,#8692);
#6647=LINE('',#8693,#8694);
#6648=VERTEX_POINT('',#8695);
#6649=LINE('',#8696,#8697);
#6650=VERTEX_POINT('',#8698);
#6651=CIRCLE('',#8699,0.15);
#6652=VERTEX_POINT('',#8700);
#6653=LINE('',#8701,#8702);
#6654=VERTEX_POINT('',#8703);
#6655=CIRCLE('',#8704,0.15);
#6656=VERTEX_POINT('',#8705);
#6657=LINE('',#8706,#8707);
#6658=VERTEX_POINT('',#8708);
#6659=CIRCLE('',#8709,0.2);
#6660=LINE('',#8710,#8711);
#6661=VERTEX_POINT('',#8712);
#6662=LINE('',#8713,#8714);
#6663=LINE('',#8715,#8716);
#6664=VERTEX_POINT('',#8717);
#6665=VERTEX_POINT('',#8718);
#6666=LINE('',#8719,#8720);
#6667=VERTEX_POINT('',#8721);
#6668=LINE('',#8722,#8723);
#6669=VERTEX_POINT('',#8724);
#6670=LINE('',#8725,#8726);
#6671=LINE('',#8727,#8728);
#6672=LINE('',#8729,#8730);
#6673=VERTEX_POINT('',#8731);
#6674=LINE('',#8732,#8733);
#6675=LINE('',#8734,#8735);
#6676=VERTEX_POINT('',#8736);
#6677=VERTEX_POINT('',#8737);
#6678=LINE('',#8738,#8739);
#6679=VERTEX_POINT('',#8740);
#6680=LINE('',#8741,#8742);
#6681=VERTEX_POINT('',#8743);
#6682=LINE('',#8744,#8745);
#6683=VERTEX_POINT('',#8746);
#6684=LINE('',#8747,#8748);
#6685=VERTEX_POINT('',#8749);
#6686=LINE('',#8750,#8751);
#6687=VERTEX_POINT('',#8752);
#6688=LINE('',#8753,#8754);
#6689=LINE('',#8755,#8756);
#6690=VERTEX_POINT('',#8757);
#6691=VERTEX_POINT('',#8758);
#6692=LINE('',#8759,#8760);
#6693=VERTEX_POINT('',#8761);
#6694=LINE('',#8762,#8763);
#6695=VERTEX_POINT('',#8764);
#6696=LINE('',#8765,#8766);
#6697=VERTEX_POINT('',#8767);
#6698=LINE('',#8768,#8769);
#6699=LINE('',#8770,#8771);
#6700=LINE('',#8772,#8773);
#6701=VERTEX_POINT('',#8774);
#6702=CIRCLE('',#8775,0.15);
#6703=LINE('',#8776,#8777);
#6704=LINE('',#8778,#8779);
#6705=LINE('',#8780,#8781);
#6706=LINE('',#8782,#8783);
#6707=VERTEX_POINT('',#8784);
#6708=LINE('',#8785,#8786);
#6709=LINE('',#8787,#8788);
#6710=VERTEX_POINT('',#8789);
#6711=LINE('',#8790,#8791);
#6712=VERTEX_POINT('',#8792);
#6713=LINE('',#8793,#8794);
#6714=VERTEX_POINT('',#8795);
#6715=LINE('',#8796,#8797);
#6716=VERTEX_POINT('',#8798);
#6717=LINE('',#8799,#8800);
#6718=VERTEX_POINT('',#8801);
#6719=LINE('',#8802,#8803);
#6720=VERTEX_POINT('',#8804);
#6721=LINE('',#8805,#8806);
#6722=LINE('',#8807,#8808);
#6723=VERTEX_POINT('',#8809);
#6724=LINE('',#8810,#8811);
#6725=VERTEX_POINT('',#8812);
#6726=LINE('',#8813,#8814);
#6727=LINE('',#8815,#8816);
#6728=VERTEX_POINT('',#8817);
#6729=LINE('',#8818,#8819);
#6730=VERTEX_POINT('',#8820);
#6731=LINE('',#8821,#8822);
#6732=CIRCLE('',#8823,0.2);
#6733=VERTEX_POINT('',#8824);
#6734=LINE('',#8825,#8826);
#6735=VERTEX_POINT('',#8827);
#6736=CIRCLE('',#8828,0.2);
#6737=LINE('',#8829,#8830);
#6738=VERTEX_POINT('',#8831);
#6739=LINE('',#8832,#8833);
#6740=LINE('',#8834,#8835);
#6741=VERTEX_POINT('',#8836);
#6742=LINE('',#8837,#8838);
#6743=LINE('',#8839,#8840);
#6744=VERTEX_POINT('',#8841);
#6745=LINE('',#8842,#8843);
#6746=LINE('',#8844,#8845);
#6747=VERTEX_POINT('',#8846);
#6748=LINE('',#8847,#8848);
#6749=LINE('',#8849,#8850);
#6750=VERTEX_POINT('',#8851);
#6751=LINE('',#8852,#8853);
#6752=LINE('',#8854,#8855);
#6753=VERTEX_POINT('',#8856);
#6754=CIRCLE('',#8857,0.2);
#6755=VERTEX_POINT('',#8858);
#6756=LINE('',#8859,#8860);
#6757=CIRCLE('',#8861,0.2);
#6758=VERTEX_POINT('',#8862);
#6759=LINE('',#8863,#8864);
#6760=VERTEX_POINT('',#8865);
#6761=LINE('',#8866,#8867);
#6762=LINE('',#8868,#8869);
#6763=VERTEX_POINT('',#8870);
#6764=VERTEX_POINT('',#8871);
#6765=CIRCLE('',#8872,0.15);
#6766=VERTEX_POINT('',#8873);
#6767=LINE('',#8874,#8875);
#6768=VERTEX_POINT('',#8876);
#6769=LINE('',#8877,#8878);
#6770=LINE('',#8879,#8880);
#6771=VERTEX_POINT('',#8881);
#6772=LINE('',#8882,#8883);
#6773=VERTEX_POINT('',#8884);
#6774=LINE('',#8885,#8886);
#6775=LINE('',#8887,#8888);
#6776=VERTEX_POINT('',#8889);
#6777=LINE('',#8890,#8891);
#6778=VERTEX_POINT('',#8892);
#6779=LINE('',#8893,#8894);
#6780=LINE('',#8895,#8896);
#6781=CIRCLE('',#8897,0.15);
#6782=LINE('',#8898,#8899);
#6783=VERTEX_POINT('',#8900);
#6784=LINE('',#8901,#8902);
#6785=VERTEX_POINT('',#8903);
#6786=LINE('',#8904,#8905);
#6787=VERTEX_POINT('',#8906);
#6788=LINE('',#8907,#8908);
#6789=VERTEX_POINT('',#8909);
#6790=CIRCLE('',#8910,0.15);
#6791=LINE('',#8911,#8912);
#6792=VERTEX_POINT('',#8913);
#6793=VERTEX_POINT('',#8914);
#6794=LINE('',#8915,#8916);
#6795=LINE('',#8917,#8918);
#6796=VERTEX_POINT('',#8919);
#6797=LINE('',#8920,#8921);
#6798=VERTEX_POINT('',#8922);
#6799=LINE('',#8923,#8924);
#6800=VERTEX_POINT('',#8925);
#6801=CIRCLE('',#8926,0.2);
#6802=LINE('',#8927,#8928);
#6803=VERTEX_POINT('',#8929);
#6804=VERTEX_POINT('',#8930);
#6805=LINE('',#8931,#8932);
#6806=VERTEX_POINT('',#8933);
#6807=LINE('',#8934,#8935);
#6808=VERTEX_POINT('',#8936);
#6809=LINE('',#8937,#8938);
#6810=VERTEX_POINT('',#8939);
#6811=LINE('',#8940,#8941);
#6812=VERTEX_POINT('',#8942);
#6813=LINE('',#8943,#8944);
#6814=VERTEX_POINT('',#8945);
#6815=LINE('',#8946,#8947);
#6816=VERTEX_POINT('',#8948);
#6817=CIRCLE('',#8949,0.15);
#6818=LINE('',#8950,#8951);
#6819=VERTEX_POINT('',#8952);
#6820=VERTEX_POINT('',#8953);
#6821=LINE('',#8954,#8955);
#6822=LINE('',#8956,#8957);
#6823=LINE('',#8958,#8959);
#6824=VERTEX_POINT('',#8960);
#6825=LINE('',#8961,#8962);
#6826=VERTEX_POINT('',#8963);
#6827=LINE('',#8964,#8965);
#6828=VERTEX_POINT('',#8966);
#6829=LINE('',#8967,#8968);
#6830=VERTEX_POINT('',#8969);
#6831=LINE('',#8970,#8971);
#6832=LINE('',#8972,#8973);
#6833=VERTEX_POINT('',#8974);
#6834=VERTEX_POINT('',#8975);
#6835=LINE('',#8976,#8977);
#6836=LINE('',#8978,#8979);
#6837=VERTEX_POINT('',#8980);
#6838=LINE('',#8981,#8982);
#6839=LINE('',#8983,#8984);
#6840=VERTEX_POINT('',#8985);
#6841=LINE('',#8986,#8987);
#6842=VERTEX_POINT('',#8988);
#6843=LINE('',#8989,#8990);
#6844=LINE('',#8991,#8992);
#6845=VERTEX_POINT('',#8993);
#6846=VERTEX_POINT('',#8994);
#6847=LINE('',#8995,#8996);
#6848=VERTEX_POINT('',#8997);
#6849=LINE('',#8998,#8999);
#6850=VERTEX_POINT('',#9000);
#6851=LINE('',#9001,#9002);
#6852=LINE('',#9003,#9004);
#6853=VERTEX_POINT('',#9005);
#6854=LINE('',#9006,#9007);
#6855=LINE('',#9008,#9009);
#6856=VERTEX_POINT('',#9010);
#6857=LINE('',#9011,#9012);
#6858=VERTEX_POINT('',#9013);
#6859=LINE('',#9014,#9015);
#6860=LINE('',#9016,#9017);
#6861=LINE('',#9018,#9019);
#6862=LINE('',#9020,#9021);
#6863=VERTEX_POINT('',#9022);
#6864=LINE('',#9023,#9024);
#6865=LINE('',#9025,#9026);
#6866=VERTEX_POINT('',#9027);
#6867=LINE('',#9028,#9029);
#6868=VERTEX_POINT('',#9030);
#6869=LINE('',#9031,#9032);
#6870=LINE('',#9033,#9034);
#6871=VERTEX_POINT('',#9035);
#6872=LINE('',#9036,#9037);
#6873=LINE('',#9038,#9039);
#6874=VERTEX_POINT('',#9040);
#6875=CIRCLE('',#9041,0.2);
#6876=VERTEX_POINT('',#9042);
#6877=LINE('',#9043,#9044);
#6878=VERTEX_POINT('',#9045);
#6879=CIRCLE('',#9046,0.15);
#6880=VERTEX_POINT('',#9047);
#6881=LINE('',#9048,#9049);
#6882=VERTEX_POINT('',#9050);
#6883=CIRCLE('',#9051,0.15);
#6884=LINE('',#9052,#9053);
#6885=LINE('',#9054,#9055);
#6886=VERTEX_POINT('',#9056);
#6887=VERTEX_POINT('',#9057);
#6888=LINE('',#9058,#9059);
#6889=VERTEX_POINT('',#9060);
#6890=LINE('',#9061,#9062);
#6891=VERTEX_POINT('',#9063);
#6892=LINE('',#9064,#9065);
#6893=LINE('',#9066,#9067);
#6894=LINE('',#9068,#9069);
#6895=VERTEX_POINT('',#9070);
#6896=LINE('',#9071,#9072);
#6897=VERTEX_POINT('',#9073);
#6898=LINE('',#9074,#9075);
#6899=VERTEX_POINT('',#9076);
#6900=LINE('',#9077,#9078);
#6901=VERTEX_POINT('',#9079);
#6902=LINE('',#9080,#9081);
#6903=LINE('',#9082,#9083);
#6904=VERTEX_POINT('',#9084);
#6905=LINE('',#9085,#9086);
#6906=LINE('',#9087,#9088);
#6907=VERTEX_POINT('',#9089);
#6908=LINE('',#9090,#9091);
#6909=LINE('',#9092,#9093);
#6910=VERTEX_POINT('',#9094);
#6911=LINE('',#9095,#9096);
#6912=VERTEX_POINT('',#9097);
#6913=LINE('',#9098,#9099);
#6914=VERTEX_POINT('',#9100);
#6915=LINE('',#9101,#9102);
#6916=LINE('',#9103,#9104);
#6917=VERTEX_POINT('',#9105);
#6918=LINE('',#9106,#9107);
#6919=VERTEX_POINT('',#9108);
#6920=LINE('',#9109,#9110);
#6921=LINE('',#9111,#9112);
#6922=LINE('',#9113,#9114);
#6923=VERTEX_POINT('',#9115);
#6924=LINE('',#9116,#9117);
#6925=VERTEX_POINT('',#9118);
#6926=CIRCLE('',#9119,0.15);
#6927=LINE('',#9120,#9121);
#6928=LINE('',#9122,#9123);
#6929=VERTEX_POINT('',#9124);
#6930=LINE('',#9125,#9126);
#6931=VERTEX_POINT('',#9127);
#6932=LINE('',#9128,#9129);
#6933=VERTEX_POINT('',#9130);
#6934=LINE('',#9131,#9132);
#6935=VERTEX_POINT('',#9133);
#6936=LINE('',#9134,#9135);
#6937=VERTEX_POINT('',#9136);
#6938=LINE('',#9137,#9138);
#6939=LINE('',#9139,#9140);
#6940=VERTEX_POINT('',#9141);
#6941=LINE('',#9142,#9143);
#6942=LINE('',#9144,#9145);
#6943=LINE('',#9146,#9147);
#6944=LINE('',#9148,#9149);
#6945=VERTEX_POINT('',#9150);
#6946=CIRCLE('',#9151,0.15);
#6947=LINE('',#9152,#9153);
#6948=VERTEX_POINT('',#9154);
#6949=VERTEX_POINT('',#9155);
#6950=LINE('',#9156,#9157);
#6951=CIRCLE('',#9158,0.15);
#6952=LINE('',#9159,#9160);
#6953=LINE('',#9161,#9162);
#6954=CIRCLE('',#9163,0.15);
#6955=LINE('',#9164,#9165);
#6956=CIRCLE('',#9166,0.15);
#6957=CIRCLE('',#9167,0.15);
#6958=CIRCLE('',#9168,0.15);
#6959=LINE('',#9169,#9170);
#6960=LINE('',#9171,#9172);
#6961=VERTEX_POINT('',#9173);
#6962=LINE('',#9174,#9175);
#6963=LINE('',#9176,#9177);
#6964=VERTEX_POINT('',#9178);
#6965=LINE('',#9179,#9180);
#6966=VERTEX_POINT('',#9181);
#6967=LINE('',#9182,#9183);
#6968=LINE('',#9184,#9185);
#6969=VERTEX_POINT('',#9186);
#6970=LINE('',#9187,#9188);
#6971=LINE('',#9189,#9190);
#6972=VERTEX_POINT('',#9191);
#6973=LINE('',#9192,#9193);
#6974=LINE('',#9194,#9195);
#6975=LINE('',#9196,#9197);
#6976=LINE('',#9198,#9199);
#6977=VERTEX_POINT('',#9200);
#6978=LINE('',#9201,#9202);
#6979=LINE('',#9203,#9204);
#6980=LINE('',#9205,#9206);
#6981=LINE('',#9207,#9208);
#6982=LINE('',#9209,#9210);
#6983=LINE('',#9211,#9212);
#6984=CIRCLE('',#9213,0.2);
#6985=VERTEX_POINT('',#9214);
#6986=LINE('',#9215,#9216);
#6987=LINE('',#9217,#9218);
#6988=LINE('',#9219,#9220);
#6989=LINE('',#9221,#9222);
#6990=LINE('',#9223,#9224);
#6991=LINE('',#9225,#9226);
#6992=CIRCLE('',#9227,0.15);
#6993=LINE('',#9228,#9229);
#6994=LINE('',#9230,#9231);
#6995=LINE('',#9232,#9233);
#6996=LINE('',#9234,#9235);
#6997=LINE('',#9236,#9237);
#6998=CIRCLE('',#9238,0.15);
#6999=VERTEX_POINT('',#9239);
#7000=LINE('',#9240,#9241);
#7001=VERTEX_POINT('',#9242);
#7002=LINE('',#9243,#9244);
#7003=VERTEX_POINT('',#9245);
#7004=LINE('',#9246,#9247);
#7005=LINE('',#9248,#9249);
#7006=VERTEX_POINT('',#9250);
#7007=LINE('',#9251,#9252);
#7008=VERTEX_POINT('',#9253);
#7009=LINE('',#9254,#9255);
#7010=VERTEX_POINT('',#9256);
#7011=LINE('',#9257,#9258);
#7012=LINE('',#9259,#9260);
#7013=VERTEX_POINT('',#9261);
#7014=LINE('',#9262,#9263);
#7015=VERTEX_POINT('',#9264);
#7016=LINE('',#9265,#9266);
#7017=LINE('',#9267,#9268);
#7018=VERTEX_POINT('',#9269);
#7019=LINE('',#9270,#9271);
#7020=VERTEX_POINT('',#9272);
#7021=LINE('',#9273,#9274);
#7022=LINE('',#9275,#9276);
#7023=VERTEX_POINT('',#9277);
#7024=LINE('',#9278,#9279);
#7025=VERTEX_POINT('',#9280);
#7026=LINE('',#9281,#9282);
#7027=VERTEX_POINT('',#9283);
#7028=LINE('',#9284,#9285);
#7029=VERTEX_POINT('',#9286);
#7030=LINE('',#9287,#9288);
#7031=VERTEX_POINT('',#9289);
#7032=LINE('',#9290,#9291);
#7033=VERTEX_POINT('',#9292);
#7034=LINE('',#9293,#9294);
#7035=LINE('',#9295,#9296);
#7036=LINE('',#9297,#9298);
#7037=VERTEX_POINT('',#9299);
#7038=VERTEX_POINT('',#9300);
#7039=LINE('',#9301,#9302);
#7040=VERTEX_POINT('',#9303);
#7041=LINE('',#9304,#9305);
#7042=VERTEX_POINT('',#9306);
#7043=LINE('',#9307,#9308);
#7044=LINE('',#9309,#9310);
#7045=VERTEX_POINT('',#9311);
#7046=VERTEX_POINT('',#9312);
#7047=LINE('',#9313,#9314);
#7048=VERTEX_POINT('',#9315);
#7049=LINE('',#9316,#9317);
#7050=VERTEX_POINT('',#9318);
#7051=LINE('',#9319,#9320);
#7052=LINE('',#9321,#9322);
#7053=VERTEX_POINT('',#9323);
#7054=VERTEX_POINT('',#9324);
#7055=LINE('',#9325,#9326);
#7056=VERTEX_POINT('',#9327);
#7057=LINE('',#9328,#9329);
#7058=VERTEX_POINT('',#9330);
#7059=LINE('',#9331,#9332);
#7060=LINE('',#9333,#9334);
#7061=VERTEX_POINT('',#9335);
#7062=VERTEX_POINT('',#9336);
#7063=LINE('',#9337,#9338);
#7064=VERTEX_POINT('',#9339);
#7065=LINE('',#9340,#9341);
#7066=VERTEX_POINT('',#9342);
#7067=LINE('',#9343,#9344);
#7068=LINE('',#9345,#9346);
#7069=VERTEX_POINT('',#9347);
#7070=VERTEX_POINT('',#9348);
#7071=LINE('',#9349,#9350);
#7072=VERTEX_POINT('',#9351);
#7073=LINE('',#9352,#9353);
#7074=VERTEX_POINT('',#9354);
#7075=LINE('',#9355,#9356);
#7076=LINE('',#9357,#9358);
#7077=VERTEX_POINT('',#9359);
#7078=VERTEX_POINT('',#9360);
#7079=LINE('',#9361,#9362);
#7080=VERTEX_POINT('',#9363);
#7081=LINE('',#9364,#9365);
#7082=VERTEX_POINT('',#9366);
#7083=LINE('',#9367,#9368);
#7084=LINE('',#9369,#9370);
#7085=VERTEX_POINT('',#9371);
#7086=LINE('',#9372,#9373);
#7087=VERTEX_POINT('',#9374);
#7088=CIRCLE('',#9375,0.454);
#7089=VERTEX_POINT('',#9376);
#7090=LINE('',#9377,#9378);
#7091=VERTEX_POINT('',#9379);
#7092=LINE('',#9380,#9381);
#7093=VERTEX_POINT('',#9382);
#7094=LINE('',#9383,#9384);
#7095=CIRCLE('',#9385,0.2);
#7096=VERTEX_POINT('',#9386);
#7097=VERTEX_POINT('',#9387);
#7098=LINE('',#9388,#9389);
#7099=VERTEX_POINT('',#9390);
#7100=CIRCLE('',#9391,0.354);
#7101=VERTEX_POINT('',#9392);
#7102=LINE('',#9393,#9394);
#7103=LINE('',#9395,#9396);
#7104=VERTEX_POINT('',#9397);
#7105=CIRCLE('',#9398,0.1);
#7106=VERTEX_POINT('',#9399);
#7107=LINE('',#9400,#9401);
#7108=VERTEX_POINT('',#9402);
#7109=LINE('',#9403,#9404);
#7110=VERTEX_POINT('',#9405);
#7111=LINE('',#9406,#9407);
#7112=VERTEX_POINT('',#9408);
#7113=LINE('',#9409,#9410);
#7114=VERTEX_POINT('',#9411);
#7115=LINE('',#9412,#9413);
#7116=LINE('',#9414,#9415);
#7117=VERTEX_POINT('',#9416);
#7118=LINE('',#9417,#9418);
#7119=CIRCLE('',#9419,0.2);
#7120=VERTEX_POINT('',#9420);
#7121=LINE('',#9421,#9422);
#7122=VERTEX_POINT('',#9423);
#7123=LINE('',#9424,#9425);
#7124=VERTEX_POINT('',#9426);
#7125=LINE('',#9427,#9428);
#7126=VERTEX_POINT('',#9429);
#7127=CIRCLE('',#9430,0.454);
#7128=LINE('',#9431,#9432);
#7129=VERTEX_POINT('',#9433);
#7130=VERTEX_POINT('',#9434);
#7131=LINE('',#9435,#9436);
#7132=VERTEX_POINT('',#9437);
#7133=CIRCLE('',#9438,0.354);
#7134=VERTEX_POINT('',#9439);
#7135=LINE('',#9440,#9441);
#7136=LINE('',#9442,#9443);
#7137=VERTEX_POINT('',#9444);
#7138=LINE('',#9445,#9446);
#7139=VERTEX_POINT('',#9447);
#7140=LINE('',#9448,#9449);
#7141=VERTEX_POINT('',#9450);
#7142=LINE('',#9451,#9452);
#7143=VERTEX_POINT('',#9453);
#7144=LINE('',#9454,#9455);
#7145=VERTEX_POINT('',#9456);
#7146=LINE('',#9457,#9458);
#7147=VERTEX_POINT('',#9459);
#7148=LINE('',#9460,#9461);
#7149=CIRCLE('',#9462,0.1);
#7150=LINE('',#9463,#9464);
#7151=VERTEX_POINT('',#9465);
#7152=LINE('',#9466,#9467);
#7153=VERTEX_POINT('',#9468);
#7154=LINE('',#9469,#9470);
#7155=LINE('',#9471,#9472);
#7156=VERTEX_POINT('',#9473);
#7157=LINE('',#9474,#9475);
#7158=VERTEX_POINT('',#9476);
#7159=LINE('',#9477,#9478);
#7160=LINE('',#9479,#9480);
#7161=VERTEX_POINT('',#9481);
#7162=LINE('',#9482,#9483);
#7163=VERTEX_POINT('',#9484);
#7164=LINE('',#9485,#9486);
#7165=LINE('',#9487,#9488);
#7166=VERTEX_POINT('',#9489);
#7167=LINE('',#9490,#9491);
#7168=VERTEX_POINT('',#9492);
#7169=LINE('',#9493,#9494);
#7170=LINE('',#9495,#9496);
#7171=VERTEX_POINT('',#9497);
#7172=LINE('',#9498,#9499);
#7173=VERTEX_POINT('',#9500);
#7174=LINE('',#9501,#9502);
#7175=LINE('',#9503,#9504);
#7176=LINE('',#9505,#9506);
#7177=LINE('',#9507,#9508);
#7178=LINE('',#9509,#9510);
#7179=LINE('',#9511,#9512);
#7180=LINE('',#9513,#9514);
#7181=LINE('',#9515,#9516);
#7182=LINE('',#9517,#9518);
#7183=VERTEX_POINT('',#9519);
#7184=CIRCLE('',#9520,0.454);
#7185=VERTEX_POINT('',#9521);
#7186=LINE('',#9522,#9523);
#7187=VERTEX_POINT('',#9524);
#7188=LINE('',#9525,#9526);
#7189=VERTEX_POINT('',#9527);
#7190=LINE('',#9528,#9529);
#7191=CIRCLE('',#9530,0.2);
#7192=VERTEX_POINT('',#9531);
#7193=VERTEX_POINT('',#9532);
#7194=LINE('',#9533,#9534);
#7195=VERTEX_POINT('',#9535);
#7196=CIRCLE('',#9536,0.354);
#7197=VERTEX_POINT('',#9537);
#7198=LINE('',#9538,#9539);
#7199=LINE('',#9540,#9541);
#7200=VERTEX_POINT('',#9542);
#7201=CIRCLE('',#9543,0.1);
#7202=VERTEX_POINT('',#9544);
#7203=LINE('',#9545,#9546);
#7204=VERTEX_POINT('',#9547);
#7205=LINE('',#9548,#9549);
#7206=VERTEX_POINT('',#9550);
#7207=LINE('',#9551,#9552);
#7208=VERTEX_POINT('',#9553);
#7209=LINE('',#9554,#9555);
#7210=VERTEX_POINT('',#9556);
#7211=LINE('',#9557,#9558);
#7212=LINE('',#9559,#9560);
#7213=VERTEX_POINT('',#9561);
#7214=LINE('',#9562,#9563);
#7215=CIRCLE('',#9564,0.2);
#7216=VERTEX_POINT('',#9565);
#7217=LINE('',#9566,#9567);
#7218=VERTEX_POINT('',#9568);
#7219=LINE('',#9569,#9570);
#7220=VERTEX_POINT('',#9571);
#7221=LINE('',#9572,#9573);
#7222=CIRCLE('',#9574,0.454);
#7223=VERTEX_POINT('',#9575);
#7224=VERTEX_POINT('',#9576);
#7225=LINE('',#9577,#9578);
#7226=VERTEX_POINT('',#9579);
#7227=CIRCLE('',#9580,0.354);
#7228=VERTEX_POINT('',#9581);
#7229=LINE('',#9582,#9583);
#7230=LINE('',#9584,#9585);
#7231=VERTEX_POINT('',#9586);
#7232=LINE('',#9587,#9588);
#7233=VERTEX_POINT('',#9589);
#7234=LINE('',#9590,#9591);
#7235=VERTEX_POINT('',#9592);
#7236=LINE('',#9593,#9594);
#7237=VERTEX_POINT('',#9595);
#7238=LINE('',#9596,#9597);
#7239=VERTEX_POINT('',#9598);
#7240=LINE('',#9599,#9600);
#7241=VERTEX_POINT('',#9601);
#7242=LINE('',#9602,#9603);
#7243=CIRCLE('',#9604,0.1);
#7244=LINE('',#9605,#9606);
#7245=LINE('',#9607,#9608);
#7246=LINE('',#9609,#9610);
#7247=LINE('',#9611,#9612);
#7248=LINE('',#9613,#9614);
#7249=LINE('',#9615,#9616);
#7250=VERTEX_POINT('',#9617);
#7251=LINE('',#9618,#9619);
#7252=VERTEX_POINT('',#9620);
#7253=LINE('',#9621,#9622);
#7254=VERTEX_POINT('',#9623);
#7255=LINE('',#9624,#9625);
#7256=VERTEX_POINT('',#9626);
#7257=LINE('',#9627,#9628);
#7258=VERTEX_POINT('',#9629);
#7259=LINE('',#9630,#9631);
#7260=VERTEX_POINT('',#9632);
#7261=LINE('',#9633,#9634);
#7262=VERTEX_POINT('',#9635);
#7263=LINE('',#9636,#9637);
#7264=VERTEX_POINT('',#9638);
#7265=LINE('',#9639,#9640);
#7266=VERTEX_POINT('',#9641);
#7267=LINE('',#9642,#9643);
#7268=VERTEX_POINT('',#9644);
#7269=LINE('',#9645,#9646);
#7270=VERTEX_POINT('',#9647);
#7271=LINE('',#9648,#9649);
#7272=VERTEX_POINT('',#9650);
#7273=LINE('',#9651,#9652);
#7274=VERTEX_POINT('',#9653);
#7275=LINE('',#9654,#9655);
#7276=VERTEX_POINT('',#9656);
#7277=LINE('',#9657,#9658);
#7278=VERTEX_POINT('',#9659);
#7279=LINE('',#9660,#9661);
#7280=VERTEX_POINT('',#9662);
#7281=LINE('',#9663,#9664);
#7282=VERTEX_POINT('',#9665);
#7283=LINE('',#9666,#9667);
#7284=VERTEX_POINT('',#9668);
#7285=LINE('',#9669,#9670);
#7286=VERTEX_POINT('',#9671);
#7287=LINE('',#9672,#9673);
#7288=VERTEX_POINT('',#9674);
#7289=LINE('',#9675,#9676);
#7290=LINE('',#9677,#9678);
#7291=VERTEX_POINT('',#9679);
#7292=LINE('',#9680,#9681);
#7293=VERTEX_POINT('',#9682);
#7294=LINE('',#9683,#9684);
#7295=VERTEX_POINT('',#9685);
#7296=LINE('',#9686,#9687);
#7297=LINE('',#9688,#9689);
#7298=VERTEX_POINT('',#9690);
#7299=LINE('',#9691,#9692);
#7300=VERTEX_POINT('',#9693);
#7301=LINE('',#9694,#9695);
#7302=LINE('',#9696,#9697);
#7303=VERTEX_POINT('',#9698);
#7304=LINE('',#9699,#9700);
#7305=VERTEX_POINT('',#9701);
#7306=LINE('',#9702,#9703);
#7307=LINE('',#9704,#9705);
#7308=VERTEX_POINT('',#9706);
#7309=LINE('',#9707,#9708);
#7310=VERTEX_POINT('',#9709);
#7311=LINE('',#9710,#9711);
#7312=LINE('',#9712,#9713);
#7313=VERTEX_POINT('',#9714);
#7314=LINE('',#9715,#9716);
#7315=VERTEX_POINT('',#9717);
#7316=LINE('',#9718,#9719);
#7317=LINE('',#9720,#9721);
#7318=LINE('',#9722,#9723);
#7319=LINE('',#9724,#9725);
#7320=VERTEX_POINT('',#9726);
#7321=LINE('',#9727,#9728);
#7322=VERTEX_POINT('',#9729);
#7323=LINE('',#9730,#9731);
#7324=VERTEX_POINT('',#9732);
#7325=LINE('',#9733,#9734);
#7326=LINE('',#9735,#9736);
#7327=LINE('',#9737,#9738);
#7328=LINE('',#9739,#9740);
#7329=LINE('',#9741,#9742);
#7330=LINE('',#9743,#9744);
#7331=LINE('',#9745,#9746);
#7332=VERTEX_POINT('',#9747);
#7333=LINE('',#9748,#9749);
#7334=LINE('',#9750,#9751);
#7335=VERTEX_POINT('',#9752);
#7336=LINE('',#9753,#9754);
#7337=LINE('',#9755,#9756);
#7338=VERTEX_POINT('',#9757);
#7339=VERTEX_POINT('',#9758);
#7340=LINE('',#9759,#9760);
#7341=VERTEX_POINT('',#9761);
#7342=LINE('',#9762,#9763);
#7343=VERTEX_POINT('',#9764);
#7344=LINE('',#9765,#9766);
#7345=LINE('',#9767,#9768);
#7346=VERTEX_POINT('',#9769);
#7347=VERTEX_POINT('',#9770);
#7348=LINE('',#9771,#9772);
#7349=VERTEX_POINT('',#9773);
#7350=LINE('',#9774,#9775);
#7351=VERTEX_POINT('',#9776);
#7352=LINE('',#9777,#9778);
#7353=LINE('',#9779,#9780);
#7354=VERTEX_POINT('',#9781);
#7355=VERTEX_POINT('',#9782);
#7356=LINE('',#9783,#9784);
#7357=VERTEX_POINT('',#9785);
#7358=LINE('',#9786,#9787);
#7359=VERTEX_POINT('',#9788);
#7360=LINE('',#9789,#9790);
#7361=LINE('',#9791,#9792);
#7362=VERTEX_POINT('',#9793);
#7363=VERTEX_POINT('',#9794);
#7364=LINE('',#9795,#9796);
#7365=VERTEX_POINT('',#9797);
#7366=LINE('',#9798,#9799);
#7367=VERTEX_POINT('',#9800);
#7368=LINE('',#9801,#9802);
#7369=LINE('',#9803,#9804);
#7370=VERTEX_POINT('',#9805);
#7371=VERTEX_POINT('',#9806);
#7372=LINE('',#9807,#9808);
#7373=VERTEX_POINT('',#9809);
#7374=LINE('',#9810,#9811);
#7375=VERTEX_POINT('',#9812);
#7376=LINE('',#9813,#9814);
#7377=LINE('',#9815,#9816);
#7378=VERTEX_POINT('',#9817);
#7379=VERTEX_POINT('',#9818);
#7380=LINE('',#9819,#9820);
#7381=VERTEX_POINT('',#9821);
#7382=LINE('',#9822,#9823);
#7383=VERTEX_POINT('',#9824);
#7384=LINE('',#9825,#9826);
#7385=LINE('',#9827,#9828);
#7386=VERTEX_POINT('',#9829);
#7387=VERTEX_POINT('',#9830);
#7388=LINE('',#9831,#9832);
#7389=VERTEX_POINT('',#9833);
#7390=LINE('',#9834,#9835);
#7391=VERTEX_POINT('',#9836);
#7392=LINE('',#9837,#9838);
#7393=LINE('',#9839,#9840);
#7394=LINE('',#9841,#9842);
#7395=LINE('',#9843,#9844);
#7396=LINE('',#9845,#9846);
#7397=LINE('',#9847,#9848);
#7398=LINE('',#9849,#9850);
#7399=LINE('',#9851,#9852);
#7400=LINE('',#9853,#9854);
#7401=LINE('',#9855,#9856);
#7402=VERTEX_POINT('',#9857);
#7403=VERTEX_POINT('',#9858);
#7404=LINE('',#9859,#9860);
#7405=VERTEX_POINT('',#9861);
#7406=LINE('',#9862,#9863);
#7407=VERTEX_POINT('',#9864);
#7408=LINE('',#9865,#9866);
#7409=LINE('',#9867,#9868);
#7410=VERTEX_POINT('',#9869);
#7411=CIRCLE('',#9870,0.454);
#7412=VERTEX_POINT('',#9871);
#7413=LINE('',#9872,#9873);
#7414=VERTEX_POINT('',#9874);
#7415=LINE('',#9875,#9876);
#7416=VERTEX_POINT('',#9877);
#7417=LINE('',#9878,#9879);
#7418=CIRCLE('',#9880,0.2);
#7419=VERTEX_POINT('',#9881);
#7420=CIRCLE('',#9882,0.354);
#7421=LINE('',#9883,#9884);
#7422=VERTEX_POINT('',#9885);
#7423=CIRCLE('',#9886,0.1);
#7424=LINE('',#9887,#9888);
#7425=VERTEX_POINT('',#9889);
#7426=LINE('',#9890,#9891);
#7427=LINE('',#9892,#9893);
#7428=LINE('',#9894,#9895);
#7429=VERTEX_POINT('',#9896);
#7430=LINE('',#9897,#9898);
#7431=CIRCLE('',#9899,0.2);
#7432=VERTEX_POINT('',#9900);
#7433=LINE('',#9901,#9902);
#7434=VERTEX_POINT('',#9903);
#7435=LINE('',#9904,#9905);
#7436=VERTEX_POINT('',#9906);
#7437=LINE('',#9907,#9908);
#7438=CIRCLE('',#9909,0.454);
#7439=VERTEX_POINT('',#9910);
#7440=LINE('',#9911,#9912);
#7441=CIRCLE('',#9913,0.354);
#7442=LINE('',#9914,#9915);
#7443=VERTEX_POINT('',#9916);
#7444=LINE('',#9917,#9918);
#7445=LINE('',#9919,#9920);
#7446=VERTEX_POINT('',#9921);
#7447=LINE('',#9922,#9923);
#7448=CIRCLE('',#9924,0.1);
#7449=LINE('',#9925,#9926);
#7450=LINE('',#9927,#9928);
#7451=LINE('',#9929,#9930);
#7452=LINE('',#9931,#9932);
#7453=LINE('',#9933,#9934);
#7454=LINE('',#9935,#9936);
#7455=VERTEX_POINT('',#9937);
#7456=CIRCLE('',#9938,0.454);
#7457=VERTEX_POINT('',#9939);
#7458=LINE('',#9940,#9941);
#7459=VERTEX_POINT('',#9942);
#7460=LINE('',#9943,#9944);
#7461=VERTEX_POINT('',#9945);
#7462=LINE('',#9946,#9947);
#7463=CIRCLE('',#9948,0.2);
#7464=VERTEX_POINT('',#9949);
#7465=CIRCLE('',#9950,0.354);
#7466=LINE('',#9951,#9952);
#7467=VERTEX_POINT('',#9953);
#7468=CIRCLE('',#9954,0.1);
#7469=LINE('',#9955,#9956);
#7470=VERTEX_POINT('',#9957);
#7471=LINE('',#9958,#9959);
#7472=LINE('',#9960,#9961);
#7473=LINE('',#9962,#9963);
#7474=VERTEX_POINT('',#9964);
#7475=LINE('',#9965,#9966);
#7476=CIRCLE('',#9967,0.2);
#7477=VERTEX_POINT('',#9968);
#7478=LINE('',#9969,#9970);
#7479=VERTEX_POINT('',#9971);
#7480=LINE('',#9972,#9973);
#7481=VERTEX_POINT('',#9974);
#7482=LINE('',#9975,#9976);
#7483=CIRCLE('',#9977,0.454);
#7484=VERTEX_POINT('',#9978);
#7485=LINE('',#9979,#9980);
#7486=CIRCLE('',#9981,0.354);
#7487=LINE('',#9982,#9983);
#7488=VERTEX_POINT('',#9984);
#7489=LINE('',#9985,#9986);
#7490=LINE('',#9987,#9988);
#7491=VERTEX_POINT('',#9989);
#7492=LINE('',#9990,#9991);
#7493=CIRCLE('',#9992,0.1);
#7494=LINE('',#9993,#9994);
#7495=LINE('',#9995,#9996);
#7496=LINE('',#9997,#9998);
#7497=LINE('',#9999,#10000);
#7498=LINE('',#10001,#10002);
#7499=LINE('',#10003,#10004);
#7500=VERTEX_POINT('',#10005);
#7501=CIRCLE('',#10006,0.454);
#7502=VERTEX_POINT('',#10007);
#7503=LINE('',#10008,#10009);
#7504=VERTEX_POINT('',#10010);
#7505=LINE('',#10011,#10012);
#7506=VERTEX_POINT('',#10013);
#7507=LINE('',#10014,#10015);
#7508=CIRCLE('',#10016,0.2);
#7509=VERTEX_POINT('',#10017);
#7510=CIRCLE('',#10018,0.354);
#7511=LINE('',#10019,#10020);
#7512=VERTEX_POINT('',#10021);
#7513=CIRCLE('',#10022,0.1);
#7514=LINE('',#10023,#10024);
#7515=VERTEX_POINT('',#10025);
#7516=LINE('',#10026,#10027);
#7517=LINE('',#10028,#10029);
#7518=LINE('',#10030,#10031);
#7519=VERTEX_POINT('',#10032);
#7520=LINE('',#10033,#10034);
#7521=CIRCLE('',#10035,0.2);
#7522=VERTEX_POINT('',#10036);
#7523=LINE('',#10037,#10038);
#7524=VERTEX_POINT('',#10039);
#7525=LINE('',#10040,#10041);
#7526=VERTEX_POINT('',#10042);
#7527=LINE('',#10043,#10044);
#7528=CIRCLE('',#10045,0.454);
#7529=VERTEX_POINT('',#10046);
#7530=LINE('',#10047,#10048);
#7531=CIRCLE('',#10049,0.354);
#7532=LINE('',#10050,#10051);
#7533=VERTEX_POINT('',#10052);
#7534=LINE('',#10053,#10054);
#7535=LINE('',#10055,#10056);
#7536=VERTEX_POINT('',#10057);
#7537=LINE('',#10058,#10059);
#7538=CIRCLE('',#10060,0.1);
#7539=LINE('',#10061,#10062);
#7540=LINE('',#10063,#10064);
#7541=LINE('',#10065,#10066);
#7542=LINE('',#10067,#10068);
#7543=LINE('',#10069,#10070);
#7544=LINE('',#10071,#10072);
#7545=VERTEX_POINT('',#10073);
#7546=CIRCLE('',#10074,0.454);
#7547=VERTEX_POINT('',#10075);
#7548=LINE('',#10076,#10077);
#7549=VERTEX_POINT('',#10078);
#7550=LINE('',#10079,#10080);
#7551=VERTEX_POINT('',#10081);
#7552=LINE('',#10082,#10083);
#7553=CIRCLE('',#10084,0.2);
#7554=VERTEX_POINT('',#10085);
#7555=CIRCLE('',#10086,0.354);
#7556=LINE('',#10087,#10088);
#7557=VERTEX_POINT('',#10089);
#7558=CIRCLE('',#10090,0.1);
#7559=LINE('',#10091,#10092);
#7560=VERTEX_POINT('',#10093);
#7561=LINE('',#10094,#10095);
#7562=LINE('',#10096,#10097);
#7563=LINE('',#10098,#10099);
#7564=VERTEX_POINT('',#10100);
#7565=LINE('',#10101,#10102);
#7566=CIRCLE('',#10103,0.2);
#7567=VERTEX_POINT('',#10104);
#7568=LINE('',#10105,#10106);
#7569=VERTEX_POINT('',#10107);
#7570=LINE('',#10108,#10109);
#7571=VERTEX_POINT('',#10110);
#7572=LINE('',#10111,#10112);
#7573=CIRCLE('',#10113,0.454);
#7574=VERTEX_POINT('',#10114);
#7575=LINE('',#10115,#10116);
#7576=CIRCLE('',#10117,0.354);
#7577=LINE('',#10118,#10119);
#7578=VERTEX_POINT('',#10120);
#7579=LINE('',#10121,#10122);
#7580=LINE('',#10123,#10124);
#7581=VERTEX_POINT('',#10125);
#7582=LINE('',#10126,#10127);
#7583=CIRCLE('',#10128,0.1);
#7584=LINE('',#10129,#10130);
#7585=LINE('',#10131,#10132);
#7586=LINE('',#10133,#10134);
#7587=LINE('',#10135,#10136);
#7588=LINE('',#10137,#10138);
#7589=LINE('',#10139,#10140);
#7590=LINE('',#10141,#10142);
#7591=LINE('',#10143,#10144);
#7592=LINE('',#10145,#10146);
#7593=LINE('',#10147,#10148);
#7594=LINE('',#10149,#10150);
#7595=LINE('',#10151,#10152);
#7596=LINE('',#10153,#10154);
#7597=LINE('',#10155,#10156);
#7598=LINE('',#10157,#10158);
#7599=LINE('',#10159,#10160);
#7600=LINE('',#10161,#10162);
#7601=LINE('',#10163,#10164);
#7602=LINE('',#10165,#10166);
#7603=LINE('',#10167,#10168);
#7604=LINE('',#10169,#10170);
#7605=LINE('',#10171,#10172);
#7606=LINE('',#10173,#10174);
#7607=VERTEX_POINT('',#10175);
#7608=LINE('',#10176,#10177);
#7609=LINE('',#10178,#10179);
#7610=VERTEX_POINT('',#10180);
#7611=LINE('',#10181,#10182);
#7612=VERTEX_POINT('',#10183);
#7613=LINE('',#10184,#10185);
#7614=LINE('',#10186,#10187);
#7615=VERTEX_POINT('',#10188);
#7616=LINE('',#10189,#10190);
#7617=LINE('',#10191,#10192);
#7618=LINE('',#10193,#10194);
#7619=LINE('',#10195,#10196);
#7620=LINE('',#10197,#10198);
#7621=LINE('',#10199,#10200);
#7622=LINE('',#10201,#10202);
#7623=VERTEX_POINT('',#10203);
#7624=LINE('',#10204,#10205);
#7625=LINE('',#10206,#10207);
#7626=VERTEX_POINT('',#10208);
#7627=LINE('',#10209,#10210);
#7628=LINE('',#10211,#10212);
#7629=VERTEX_POINT('',#10213);
#7630=LINE('',#10214,#10215);
#7631=LINE('',#10216,#10217);
#7632=LINE('',#10218,#10219);
#7633=VERTEX_POINT('',#10220);
#7634=LINE('',#10221,#10222);
#7635=LINE('',#10223,#10224);
#7636=LINE('',#10225,#10226);
#7637=LINE('',#10227,#10228);
#7638=LINE('',#10229,#10230);
#7639=LINE('',#10231,#10232);
#7640=VERTEX_POINT('',#10233);
#7641=VERTEX_POINT('',#10234);
#7642=LINE('',#10235,#10236);
#7643=LINE('',#10237,#10238);
#7644=LINE('',#10239,#10240);
#7645=VERTEX_POINT('',#10241);
#7646=LINE('',#10242,#10243);
#7647=LINE('',#10244,#10245);
#7648=LINE('',#10246,#10247);
#7649=LINE('',#10248,#10249);
#7650=LINE('',#10250,#10251);
#7651=LINE('',#10252,#10253);
#7652=LINE('',#10254,#10255);
#7653=LINE('',#10256,#10257);
#7654=LINE('',#10258,#10259);
#7655=LINE('',#10260,#10261);
#7656=CARTESIAN_POINT('',(-5.5,1.9,0.0));
#7657=CARTESIAN_POINT('',(-5.5,2.7,0.0));
#7658=CARTESIAN_POINT('',(-5.5,1.9,0.0));
#7659=VECTOR('',#10262,0.8);
#7660=CARTESIAN_POINT('',(-5.5,1.9,3.15));
#7661=CARTESIAN_POINT('',(-5.5,1.9,0.0));
#7662=VECTOR('',#10263,3.15);
#7663=CARTESIAN_POINT('',(-5.5,1.7,3.35));
#7664=AXIS2_PLACEMENT_3D('',#10264,#10265,#10266);
#7665=CARTESIAN_POINT('',(-5.5,1.7,3.44));
#7666=CARTESIAN_POINT('',(-5.5,1.7,3.44));
#7667=VECTOR('',#10267,0.09);
#7668=CARTESIAN_POINT('',(-5.5,0.75,3.44));
#7669=CARTESIAN_POINT('',(-5.5,1.7,3.44));
#7670=VECTOR('',#10268,0.95);
#7671=CARTESIAN_POINT('',(-5.5,0.75,3.35));
#7672=CARTESIAN_POINT('',(-5.5,0.75,3.44));
#7673=VECTOR('',#10269,0.09);
#7674=CARTESIAN_POINT('',(-5.5,0.55,3.15));
#7675=AXIS2_PLACEMENT_3D('',#10270,#10271,#10272);
#7676=CARTESIAN_POINT('',(-5.5,0.55,0.0));
#7677=CARTESIAN_POINT('',(-5.5,0.55,0.0));
#7678=VECTOR('',#10273,3.15);
#7679=CARTESIAN_POINT('',(-5.5,0.0,0.0));
#7680=CARTESIAN_POINT('',(-5.5,0.0,0.0));
#7681=VECTOR('',#10274,0.55);
#7682=CARTESIAN_POINT('',(-5.5,0.0,4.1));
#7683=CARTESIAN_POINT('',(-5.5,0.0,4.1));
#7684=VECTOR('',#10275,4.1);
#7685=CARTESIAN_POINT('',(-5.5,2.55,4.1));
#7686=CARTESIAN_POINT('',(-5.5,0.0,4.1));
#7687=VECTOR('',#10276,2.55);
#7688=CARTESIAN_POINT('',(-5.5,2.55,0.8));
#7689=CARTESIAN_POINT('',(-5.5,2.55,4.1));
#7690=VECTOR('',#10277,3.3);
#7691=CARTESIAN_POINT('',(-5.5,2.7,0.8));
#7692=CARTESIAN_POINT('',(-5.5,2.7,0.8));
#7693=VECTOR('',#10278,0.15);
#7694=CARTESIAN_POINT('',(-5.5,2.7,0.8));
#7695=VECTOR('',#10279,0.8);
#7696=CARTESIAN_POINT('',(-3.584196601125,2.7,1.39));
#7697=CARTESIAN_POINT('',(-3.584196601125,2.7,0.61));
#7698=CARTESIAN_POINT('',(-3.584196601125,2.7,1.39));
#7699=VECTOR('',#10280,0.78);
#7700=CARTESIAN_POINT('',(-3.55,2.7,0.61));
#7701=CARTESIAN_POINT('',(-3.584196601125,2.7,0.61));
#7702=VECTOR('',#10281,0.03419660112501);
#7703=CARTESIAN_POINT('',(-3.55,2.7,0.6));
#7704=CARTESIAN_POINT('',(-3.55,2.7,0.6));
#7705=VECTOR('',#10282,0.01);
#7706=CARTESIAN_POINT('',(-3.7,2.7,0.6));
#7707=CARTESIAN_POINT('',(-3.55,2.7,0.6));
#7708=VECTOR('',#10283,0.15);
#7709=CARTESIAN_POINT('',(-3.7,2.7,0.43));
#7710=CARTESIAN_POINT('',(-3.7,2.7,0.6));
#7711=VECTOR('',#10284,0.17);
#7712=CARTESIAN_POINT('',(-4.65,2.7,0.43));
#7713=CARTESIAN_POINT('',(-3.7,2.7,0.43));
#7714=VECTOR('',#10285,0.95);
#7715=CARTESIAN_POINT('',(-4.65,2.7,0.15));
#7716=CARTESIAN_POINT('',(-4.65,2.7,0.43));
#7717=VECTOR('',#10286,0.28);
#7718=CARTESIAN_POINT('',(-2.675,2.7,0.15));
#7719=CARTESIAN_POINT('',(-4.65,2.7,0.15));
#7720=VECTOR('',#10287,1.975);
#7721=CARTESIAN_POINT('',(-2.675,2.7,0.1448008572363));
#7722=CARTESIAN_POINT('',(-2.675,2.7,0.1448008572363));
#7723=VECTOR('',#10288,0.005199142763695);
#7724=CARTESIAN_POINT('',(-2.325,2.7,0.1448008572363));
#7725=CARTESIAN_POINT('',(-2.675,2.7,0.1448008572363));
#7726=VECTOR('',#10289,0.35);
#7727=CARTESIAN_POINT('',(-2.325,2.7,0.15));
#7728=CARTESIAN_POINT('',(-2.325,2.7,0.1448008572363));
#7729=VECTOR('',#10290,0.005199142763695);
#7730=CARTESIAN_POINT('',(-1.675,2.7,0.15));
#7731=CARTESIAN_POINT('',(-2.325,2.7,0.15));
#7732=VECTOR('',#10291,0.65);
#7733=CARTESIAN_POINT('',(-1.675,2.7,0.1448008572363));
#7734=CARTESIAN_POINT('',(-1.675,2.7,0.1448008572363));
#7735=VECTOR('',#10292,0.005199142763695);
#7736=CARTESIAN_POINT('',(-1.325,2.7,0.1448008572363));
#7737=CARTESIAN_POINT('',(-1.675,2.7,0.1448008572363));
#7738=VECTOR('',#10293,0.35);
#7739=CARTESIAN_POINT('',(-1.325,2.7,0.15));
#7740=CARTESIAN_POINT('',(-1.325,2.7,0.1448008572363));
#7741=VECTOR('',#10294,0.005199142763695);
#7742=CARTESIAN_POINT('',(-0.675,2.7,0.15));
#7743=CARTESIAN_POINT('',(-1.325,2.7,0.15));
#7744=VECTOR('',#10295,0.65);
#7745=CARTESIAN_POINT('',(-0.675,2.7,0.1448008572363));
#7746=CARTESIAN_POINT('',(-0.675,2.7,0.1448008572363));
#7747=VECTOR('',#10296,0.005199142763695);
#7748=CARTESIAN_POINT('',(-0.325,2.7,0.1448008572363));
#7749=CARTESIAN_POINT('',(-0.675,2.7,0.1448008572363));
#7750=VECTOR('',#10297,0.35);
#7751=CARTESIAN_POINT('',(-0.325,2.7,0.15));
#7752=CARTESIAN_POINT('',(-0.325,2.7,0.1448008572363));
#7753=VECTOR('',#10298,0.005199142763695);
#7754=CARTESIAN_POINT('',(0.325,2.7,0.15));
#7755=CARTESIAN_POINT('',(-0.325,2.7,0.15));
#7756=VECTOR('',#10299,0.65);
#7757=CARTESIAN_POINT('',(0.325,2.7,0.1448008572363));
#7758=CARTESIAN_POINT('',(0.325,2.7,0.1448008572363));
#7759=VECTOR('',#10300,0.005199142763695);
#7760=CARTESIAN_POINT('',(0.675,2.7,0.1448008572363));
#7761=CARTESIAN_POINT('',(0.325,2.7,0.1448008572363));
#7762=VECTOR('',#10301,0.35);
#7763=CARTESIAN_POINT('',(0.675,2.7,0.15));
#7764=CARTESIAN_POINT('',(0.675,2.7,0.1448008572363));
#7765=VECTOR('',#10302,0.005199142763695);
#7766=CARTESIAN_POINT('',(1.325,2.7,0.15));
#7767=CARTESIAN_POINT('',(0.675,2.7,0.15));
#7768=VECTOR('',#10303,0.65);
#7769=CARTESIAN_POINT('',(1.325,2.7,0.1448008572363));
#7770=CARTESIAN_POINT('',(1.325,2.7,0.1448008572363));
#7771=VECTOR('',#10304,0.005199142763695);
#7772=CARTESIAN_POINT('',(1.675,2.7,0.1448008572363));
#7773=CARTESIAN_POINT('',(1.325,2.7,0.1448008572363));
#7774=VECTOR('',#10305,0.35);
#7775=CARTESIAN_POINT('',(1.675,2.7,0.15));
#7776=CARTESIAN_POINT('',(1.675,2.7,0.1448008572363));
#7777=VECTOR('',#10306,0.005199142763695);
#7778=CARTESIAN_POINT('',(2.325,2.7,0.15));
#7779=CARTESIAN_POINT('',(1.675,2.7,0.15));
#7780=VECTOR('',#10307,0.65);
#7781=CARTESIAN_POINT('',(2.325,2.7,0.1448008572363));
#7782=CARTESIAN_POINT('',(2.325,2.7,0.1448008572363));
#7783=VECTOR('',#10308,0.005199142763695);
#7784=CARTESIAN_POINT('',(2.675,2.7,0.1448008572363));
#7785=CARTESIAN_POINT('',(2.325,2.7,0.1448008572363));
#7786=VECTOR('',#10309,0.35);
#7787=CARTESIAN_POINT('',(2.675,2.7,0.15));
#7788=CARTESIAN_POINT('',(2.675,2.7,0.1448008572363));
#7789=VECTOR('',#10310,0.005199142763695);
#7790=CARTESIAN_POINT('',(4.65,2.7,0.15));
#7791=CARTESIAN_POINT('',(2.675,2.7,0.15));
#7792=VECTOR('',#10311,1.975);
#7793=CARTESIAN_POINT('',(4.65,2.7,0.43));
#7794=CARTESIAN_POINT('',(4.65,2.7,0.15));
#7795=VECTOR('',#10312,0.28);
#7796=CARTESIAN_POINT('',(3.7,2.7,0.43));
#7797=CARTESIAN_POINT('',(4.65,2.7,0.43));
#7798=VECTOR('',#10313,0.95);
#7799=CARTESIAN_POINT('',(3.7,2.7,0.6));
#7800=CARTESIAN_POINT('',(3.7,2.7,0.43));
#7801=VECTOR('',#10314,0.17);
#7802=CARTESIAN_POINT('',(3.55,2.7,0.6));
#7803=CARTESIAN_POINT('',(3.7,2.7,0.6));
#7804=VECTOR('',#10315,0.15);
#7805=CARTESIAN_POINT('',(3.55,2.7,0.61));
#7806=CARTESIAN_POINT('',(3.55,2.7,0.61));
#7807=VECTOR('',#10316,0.01);
#7808=CARTESIAN_POINT('',(3.584196601125,2.7,0.61));
#7809=CARTESIAN_POINT('',(3.55,2.7,0.61));
#7810=VECTOR('',#10317,0.03419660112501);
#7811=CARTESIAN_POINT('',(3.584196601125,2.7,1.39));
#7812=CARTESIAN_POINT('',(3.584196601125,2.7,1.39));
#7813=VECTOR('',#10318,0.78);
#7814=CARTESIAN_POINT('',(3.55,2.7,1.39));
#7815=CARTESIAN_POINT('',(3.55,2.7,1.39));
#7816=VECTOR('',#10319,0.03419660112501);
#7817=CARTESIAN_POINT('',(3.55,2.7,1.4));
#7818=CARTESIAN_POINT('',(3.55,2.7,1.4));
#7819=VECTOR('',#10320,0.01);
#7820=CARTESIAN_POINT('',(3.7,2.7,1.4));
#7821=CARTESIAN_POINT('',(3.55,2.7,1.4));
#7822=VECTOR('',#10321,0.15);
#7823=CARTESIAN_POINT('',(3.7,2.7,1.57));
#7824=CARTESIAN_POINT('',(3.7,2.7,1.4));
#7825=VECTOR('',#10322,0.17);
#7826=CARTESIAN_POINT('',(4.475,2.7,1.57));
#7827=CARTESIAN_POINT('',(3.7,2.7,1.57));
#7828=VECTOR('',#10323,0.775);
#7829=CARTESIAN_POINT('',(4.475,2.7,0.8));
#7830=CARTESIAN_POINT('',(4.475,2.7,0.8));
#7831=VECTOR('',#10324,0.77);
#7832=CARTESIAN_POINT('',(5.5,2.7,0.8));
#7833=CARTESIAN_POINT('',(5.5,2.7,0.8));
#7834=VECTOR('',#10325,1.025);
#7835=CARTESIAN_POINT('',(5.5,2.7,0.0));
#7836=CARTESIAN_POINT('',(5.5,2.7,0.0));
#7837=VECTOR('',#10326,0.8);
#7838=CARTESIAN_POINT('',(-5.5,2.7,0.0));
#7839=VECTOR('',#10327,11.0);
#7840=CARTESIAN_POINT('',(-4.475,2.7,0.8));
#7841=CARTESIAN_POINT('',(-4.475,2.7,0.8));
#7842=VECTOR('',#10328,1.025);
#7843=CARTESIAN_POINT('',(-4.475,2.7,1.57));
#7844=CARTESIAN_POINT('',(-4.475,2.7,0.8));
#7845=VECTOR('',#10329,0.77);
#7846=CARTESIAN_POINT('',(-3.7,2.7,1.57));
#7847=CARTESIAN_POINT('',(-4.475,2.7,1.57));
#7848=VECTOR('',#10330,0.775);
#7849=CARTESIAN_POINT('',(-3.7,2.7,1.4));
#7850=CARTESIAN_POINT('',(-3.7,2.7,1.57));
#7851=VECTOR('',#10331,0.17);
#7852=CARTESIAN_POINT('',(-3.55,2.7,1.4));
#7853=CARTESIAN_POINT('',(-3.7,2.7,1.4));
#7854=VECTOR('',#10332,0.15);
#7855=CARTESIAN_POINT('',(-3.55,2.7,1.39));
#7856=CARTESIAN_POINT('',(-3.55,2.7,1.39));
#7857=VECTOR('',#10333,0.01);
#7858=CARTESIAN_POINT('',(-3.584196601125,2.7,1.39));
#7859=VECTOR('',#10334,0.03419660112501);
#7860=CARTESIAN_POINT('',(3.696,3.0,1.39));
#7861=CARTESIAN_POINT('',(3.95,3.0,1.39));
#7862=CARTESIAN_POINT('',(3.696,3.0,1.39));
#7863=VECTOR('',#10335,0.254);
#7864=CARTESIAN_POINT('',(3.296,2.6,1.39));
#7865=AXIS2_PLACEMENT_3D('',#10336,#10337,#10338);
#7866=CARTESIAN_POINT('',(3.296,2.4,1.39));
#7867=CARTESIAN_POINT('',(3.296,2.4,1.39));
#7868=VECTOR('',#10339,0.2);
#7869=CARTESIAN_POINT('',(3.25,2.4,1.39));
#7870=CARTESIAN_POINT('',(3.25,2.4,1.39));
#7871=VECTOR('',#10340,0.046);
#7872=CARTESIAN_POINT('',(3.25,1.4,1.39));
#7873=CARTESIAN_POINT('',(3.25,1.4,1.39));
#7874=VECTOR('',#10341,1.0);
#7875=CARTESIAN_POINT('',(3.296,1.4,1.39));
#7876=CARTESIAN_POINT('',(3.296,1.4,1.39));
#7877=VECTOR('',#10342,0.046);
#7878=CARTESIAN_POINT('',(3.296,0.575,1.39));
#7879=CARTESIAN_POINT('',(3.296,0.575,1.39));
#7880=VECTOR('',#10343,0.825);
#7881=CARTESIAN_POINT('',(3.546,0.575,1.39));
#7882=CARTESIAN_POINT('',(3.296,0.575,1.39));
#7883=VECTOR('',#10344,0.25);
#7884=CARTESIAN_POINT('',(3.546,2.6,1.39));
#7885=CARTESIAN_POINT('',(3.546,2.6,1.39));
#7886=VECTOR('',#10345,2.025);
#7887=CARTESIAN_POINT('',(3.55,2.634409301068,1.39));
#7888=AXIS2_PLACEMENT_3D('',#10346,#10347,#10348);
#7889=CARTESIAN_POINT('',(3.55,2.634409301068,1.39));
#7890=VECTOR('',#10349,0.06559069893183);
#7891=CARTESIAN_POINT('',(3.696,2.75,1.39));
#7892=AXIS2_PLACEMENT_3D('',#10350,#10351,#10352);
#7893=CARTESIAN_POINT('',(3.95,2.75,1.39));
#7894=CARTESIAN_POINT('',(3.95,2.75,1.39));
#7895=VECTOR('',#10353,0.254);
#7896=CARTESIAN_POINT('',(3.95,3.0,1.39));
#7897=VECTOR('',#10354,0.25);
#7898=CARTESIAN_POINT('',(-3.696,2.75,1.39));
#7899=CARTESIAN_POINT('',(-3.95,2.75,1.39));
#7900=CARTESIAN_POINT('',(-3.696,2.75,1.39));
#7901=VECTOR('',#10355,0.254);
#7902=AXIS2_PLACEMENT_3D('',#10356,#10357,#10358);
#7903=CARTESIAN_POINT('',(-3.55,2.634409301068,1.39));
#7904=CARTESIAN_POINT('',(-3.55,2.7,1.39));
#7905=VECTOR('',#10359,0.06559069893183);
#7906=CARTESIAN_POINT('',(-3.546,2.6,1.39));
#7907=AXIS2_PLACEMENT_3D('',#10360,#10361,#10362);
#7908=CARTESIAN_POINT('',(-3.546,0.575,1.39));
#7909=CARTESIAN_POINT('',(-3.546,0.575,1.39));
#7910=VECTOR('',#10363,2.025);
#7911=CARTESIAN_POINT('',(-3.296,0.575,1.39));
#7912=CARTESIAN_POINT('',(-3.296,0.575,1.39));
#7913=VECTOR('',#10364,0.25);
#7914=CARTESIAN_POINT('',(-3.296,1.4,1.39));
#7915=CARTESIAN_POINT('',(-3.296,1.4,1.39));
#7916=VECTOR('',#10365,0.825);
#7917=CARTESIAN_POINT('',(-3.25,1.4,1.39));
#7918=CARTESIAN_POINT('',(-3.25,1.4,1.39));
#7919=VECTOR('',#10366,0.046);
#7920=CARTESIAN_POINT('',(-3.25,2.4,1.39));
#7921=CARTESIAN_POINT('',(-3.25,1.4,1.39));
#7922=VECTOR('',#10367,1.0);
#7923=CARTESIAN_POINT('',(-3.296,2.4,1.39));
#7924=CARTESIAN_POINT('',(-3.296,2.4,1.39));
#7925=VECTOR('',#10368,0.046);
#7926=CARTESIAN_POINT('',(-3.296,2.6,1.39));
#7927=CARTESIAN_POINT('',(-3.296,2.6,1.39));
#7928=VECTOR('',#10369,0.2);
#7929=CARTESIAN_POINT('',(-3.696,3.0,1.39));
#7930=AXIS2_PLACEMENT_3D('',#10370,#10371,#10372);
#7931=CARTESIAN_POINT('',(-3.95,3.0,1.39));
#7932=CARTESIAN_POINT('',(-3.95,3.0,1.39));
#7933=VECTOR('',#10373,0.254);
#7934=CARTESIAN_POINT('',(-3.95,3.0,1.39));
#7935=VECTOR('',#10374,0.25);
#7936=CARTESIAN_POINT('',(3.95,2.746,1.39));
#7937=CARTESIAN_POINT('',(3.95,2.75,1.39));
#7938=VECTOR('',#10375,0.004);
#7939=CARTESIAN_POINT('',(4.06,2.746,1.5));
#7940=CARTESIAN_POINT('',(3.95,2.746,1.39));
#7941=VECTOR('',#10376,0.155563491861);
#7942=CARTESIAN_POINT('',(4.06,3.0,1.5));
#7943=CARTESIAN_POINT('',(4.06,3.0,1.5));
#7944=VECTOR('',#10377,0.254);
#7945=CARTESIAN_POINT('',(3.95,3.0,1.39));
#7946=VECTOR('',#10378,0.155563491861);
#7947=CARTESIAN_POINT('',(5.75,3.0,0.0));
#7948=CARTESIAN_POINT('',(5.35,3.0,0.0));
#7949=CARTESIAN_POINT('',(5.75,3.0,0.0));
#7950=VECTOR('',#10379,0.4);
#7951=CARTESIAN_POINT('',(4.85,3.0,0.5));
#7952=CARTESIAN_POINT('',(5.35,3.0,0.0));
#7953=VECTOR('',#10380,0.7071067811865);
#7954=CARTESIAN_POINT('',(4.06,3.0,0.5));
#7955=CARTESIAN_POINT('',(4.85,3.0,0.5));
#7956=VECTOR('',#10381,0.79);
#7957=CARTESIAN_POINT('',(3.95,3.0,0.61));
#7958=CARTESIAN_POINT('',(4.06,3.0,0.5));
#7959=VECTOR('',#10382,0.155563491861);
#7960=CARTESIAN_POINT('',(3.696,3.0,0.61));
#7961=CARTESIAN_POINT('',(3.696,3.0,0.61));
#7962=VECTOR('',#10383,0.254);
#7963=CARTESIAN_POINT('',(3.696,3.0,1.39));
#7964=VECTOR('',#10384,0.78);
#7965=CARTESIAN_POINT('',(4.85,3.0,1.5));
#7966=CARTESIAN_POINT('',(4.06,3.0,1.5));
#7967=VECTOR('',#10385,0.79);
#7968=CARTESIAN_POINT('',(5.35,3.0,2.0));
#7969=CARTESIAN_POINT('',(4.85,3.0,1.5));
#7970=VECTOR('',#10386,0.7071067811865);
#7971=CARTESIAN_POINT('',(5.75,3.0,2.0));
#7972=CARTESIAN_POINT('',(5.35,3.0,2.0));
#7973=VECTOR('',#10387,0.4);
#7974=CARTESIAN_POINT('',(5.75,3.0,2.0));
#7975=VECTOR('',#10388,2.0);
#7976=CARTESIAN_POINT('',(-5.75,3.0,2.0));
#7977=CARTESIAN_POINT('',(-5.35,3.0,2.0));
#7978=CARTESIAN_POINT('',(-5.75,3.0,2.0));
#7979=VECTOR('',#10389,0.4);
#7980=CARTESIAN_POINT('',(-4.85,3.0,1.5));
#7981=CARTESIAN_POINT('',(-5.35,3.0,2.0));
#7982=VECTOR('',#10390,0.7071067811865);
#7983=CARTESIAN_POINT('',(-4.06,3.0,1.5));
#7984=CARTESIAN_POINT('',(-4.85,3.0,1.5));
#7985=VECTOR('',#10391,0.79);
#7986=CARTESIAN_POINT('',(-4.06,3.0,1.5));
#7987=VECTOR('',#10392,0.155563491861);
#7988=CARTESIAN_POINT('',(-3.696,3.0,0.61));
#7989=CARTESIAN_POINT('',(-3.696,3.0,1.39));
#7990=VECTOR('',#10393,0.78);
#7991=CARTESIAN_POINT('',(-3.95,3.0,0.61));
#7992=CARTESIAN_POINT('',(-3.95,3.0,0.61));
#7993=VECTOR('',#10394,0.254);
#7994=CARTESIAN_POINT('',(-4.06,3.0,0.5));
#7995=CARTESIAN_POINT('',(-3.95,3.0,0.61));
#7996=VECTOR('',#10395,0.155563491861);
#7997=CARTESIAN_POINT('',(-4.85,3.0,0.5));
#7998=CARTESIAN_POINT('',(-4.06,3.0,0.5));
#7999=VECTOR('',#10396,0.79);
#8000=CARTESIAN_POINT('',(-5.35,3.0,0.0));
#8001=CARTESIAN_POINT('',(-4.85,3.0,0.5));
#8002=VECTOR('',#10397,0.7071067811865);
#8003=CARTESIAN_POINT('',(-5.75,3.0,0.0));
#8004=CARTESIAN_POINT('',(-5.35,3.0,0.0));
#8005=VECTOR('',#10398,0.4);
#8006=CARTESIAN_POINT('',(-5.75,3.0,0.0));
#8007=VECTOR('',#10399,2.0);
#8008=CARTESIAN_POINT('',(6.15,2.6,2.0));
#8009=AXIS2_PLACEMENT_3D('',#10400,#10401,#10402);
#8010=CARTESIAN_POINT('',(6.15,2.6,0.0));
#8011=CARTESIAN_POINT('',(6.15,2.6,2.0));
#8012=VECTOR('',#10403,2.0);
#8013=AXIS2_PLACEMENT_3D('',#10404,#10405,#10406);
#8014=CARTESIAN_POINT('',(6.15,1.2,0.0));
#8015=CARTESIAN_POINT('',(6.15,1.2,0.0));
#8016=VECTOR('',#10407,1.4);
#8017=CARTESIAN_POINT('',(5.896,1.2,0.0));
#8018=CARTESIAN_POINT('',(6.15,1.2,0.0));
#8019=VECTOR('',#10408,0.254);
#8020=CARTESIAN_POINT('',(5.896,2.596,0.0));
#8021=CARTESIAN_POINT('',(5.896,1.2,0.0));
#8022=VECTOR('',#10409,1.396);
#8023=CARTESIAN_POINT('',(5.746,2.746,0.0));
#8024=AXIS2_PLACEMENT_3D('',#10410,#10411,#10412);
#8025=CARTESIAN_POINT('',(5.35,2.746,0.0));
#8026=CARTESIAN_POINT('',(5.746,2.746,0.0));
#8027=VECTOR('',#10413,0.396);
#8028=CARTESIAN_POINT('',(5.35,3.0,0.0));
#8029=VECTOR('',#10414,0.254);
#8030=CARTESIAN_POINT('',(4.85,2.746,0.5));
#8031=CARTESIAN_POINT('',(5.35,2.746,0.0));
#8032=VECTOR('',#10415,0.7071067811865);
#8033=CARTESIAN_POINT('',(4.85,3.0,0.5));
#8034=VECTOR('',#10416,0.254);
#8035=CARTESIAN_POINT('',(4.06,2.746,0.5));
#8036=CARTESIAN_POINT('',(4.85,2.746,0.5));
#8037=VECTOR('',#10417,0.79);
#8038=CARTESIAN_POINT('',(4.06,3.0,0.5));
#8039=VECTOR('',#10418,0.254);
#8040=CARTESIAN_POINT('',(3.95,2.746,0.61));
#8041=CARTESIAN_POINT('',(4.06,2.746,0.5));
#8042=VECTOR('',#10419,0.155563491861);
#8043=CARTESIAN_POINT('',(3.95,2.75,0.61));
#8044=CARTESIAN_POINT('',(3.95,2.75,0.61));
#8045=VECTOR('',#10420,0.004);
#8046=CARTESIAN_POINT('',(3.95,3.0,0.61));
#8047=VECTOR('',#10421,0.25);
#8048=CARTESIAN_POINT('',(3.696,2.75,0.61));
#8049=CARTESIAN_POINT('',(3.95,2.75,0.61));
#8050=VECTOR('',#10422,0.254);
#8051=AXIS2_PLACEMENT_3D('',#10423,#10424,#10425);
#8052=CARTESIAN_POINT('',(3.55,2.634409301068,0.61));
#8053=CARTESIAN_POINT('',(3.55,2.7,0.61));
#8054=VECTOR('',#10426,0.06559069893183);
#8055=CARTESIAN_POINT('',(3.546,2.6,0.61));
#8056=AXIS2_PLACEMENT_3D('',#10427,#10428,#10429);
#8057=CARTESIAN_POINT('',(3.546,0.575,0.61));
#8058=CARTESIAN_POINT('',(3.546,2.6,0.61));
#8059=VECTOR('',#10430,2.025);
#8060=CARTESIAN_POINT('',(3.296,0.575,0.61));
#8061=CARTESIAN_POINT('',(3.296,0.575,0.61));
#8062=VECTOR('',#10431,0.25);
#8063=CARTESIAN_POINT('',(3.296,1.4,0.61));
#8064=CARTESIAN_POINT('',(3.296,0.575,0.61));
#8065=VECTOR('',#10432,0.825);
#8066=CARTESIAN_POINT('',(3.25,1.4,0.61));
#8067=CARTESIAN_POINT('',(3.296,1.4,0.61));
#8068=VECTOR('',#10433,0.046);
#8069=CARTESIAN_POINT('',(3.25,2.4,0.61));
#8070=CARTESIAN_POINT('',(3.25,1.4,0.61));
#8071=VECTOR('',#10434,1.0);
#8072=CARTESIAN_POINT('',(3.296,2.4,0.61));
#8073=CARTESIAN_POINT('',(3.25,2.4,0.61));
#8074=VECTOR('',#10435,0.046);
#8075=CARTESIAN_POINT('',(3.296,2.6,0.61));
#8076=CARTESIAN_POINT('',(3.296,2.4,0.61));
#8077=VECTOR('',#10436,0.2);
#8078=AXIS2_PLACEMENT_3D('',#10437,#10438,#10439);
#8079=CARTESIAN_POINT('',(-3.296,2.6,0.61));
#8080=AXIS2_PLACEMENT_3D('',#10440,#10441,#10442);
#8081=CARTESIAN_POINT('',(-3.296,2.4,0.61));
#8082=CARTESIAN_POINT('',(-3.296,2.6,0.61));
#8083=VECTOR('',#10443,0.2);
#8084=CARTESIAN_POINT('',(-3.25,2.4,0.61));
#8085=CARTESIAN_POINT('',(-3.296,2.4,0.61));
#8086=VECTOR('',#10444,0.046);
#8087=CARTESIAN_POINT('',(-3.25,1.4,0.61));
#8088=CARTESIAN_POINT('',(-3.25,1.4,0.61));
#8089=VECTOR('',#10445,1.0);
#8090=CARTESIAN_POINT('',(-3.296,1.4,0.61));
#8091=CARTESIAN_POINT('',(-3.25,1.4,0.61));
#8092=VECTOR('',#10446,0.046);
#8093=CARTESIAN_POINT('',(-3.296,0.575,0.61));
#8094=CARTESIAN_POINT('',(-3.296,1.4,0.61));
#8095=VECTOR('',#10447,0.825);
#8096=CARTESIAN_POINT('',(-3.546,0.575,0.61));
#8097=CARTESIAN_POINT('',(-3.296,0.575,0.61));
#8098=VECTOR('',#10448,0.25);
#8099=CARTESIAN_POINT('',(-3.546,2.6,0.61));
#8100=CARTESIAN_POINT('',(-3.546,0.575,0.61));
#8101=VECTOR('',#10449,2.025);
#8102=CARTESIAN_POINT('',(-3.55,2.634409301068,0.61));
#8103=AXIS2_PLACEMENT_3D('',#10450,#10451,#10452);
#8104=CARTESIAN_POINT('',(-3.55,2.634409301068,0.61));
#8105=VECTOR('',#10453,0.06559069893183);
#8106=CARTESIAN_POINT('',(-3.696,2.75,0.61));
#8107=AXIS2_PLACEMENT_3D('',#10454,#10455,#10456);
#8108=CARTESIAN_POINT('',(-3.95,2.75,0.61));
#8109=CARTESIAN_POINT('',(-3.696,2.75,0.61));
#8110=VECTOR('',#10457,0.254);
#8111=CARTESIAN_POINT('',(-3.95,3.0,0.61));
#8112=VECTOR('',#10458,0.25);
#8113=CARTESIAN_POINT('',(3.296,2.6,1.39));
#8114=VECTOR('',#10459,0.78);
#8115=CARTESIAN_POINT('',(3.296,2.4,1.39));
#8116=VECTOR('',#10460,0.78);
#8117=CARTESIAN_POINT('',(3.25,2.4,1.39));
#8118=VECTOR('',#10461,0.78);
#8119=CARTESIAN_POINT('',(3.25,3.0,0.6));
#8120=CARTESIAN_POINT('',(3.25,3.0,1.4));
#8121=CARTESIAN_POINT('',(3.25,3.0,0.6));
#8122=VECTOR('',#10462,0.8);
#8123=CARTESIAN_POINT('',(3.25,0.575,1.4));
#8124=CARTESIAN_POINT('',(3.25,3.0,1.4));
#8125=VECTOR('',#10463,2.425);
#8126=CARTESIAN_POINT('',(3.25,0.575,0.6));
#8127=CARTESIAN_POINT('',(3.25,0.575,0.6));
#8128=VECTOR('',#10464,0.8);
#8129=CARTESIAN_POINT('',(3.25,3.0,0.6));
#8130=VECTOR('',#10465,2.425);
#8131=CARTESIAN_POINT('',(3.25,1.4,1.39));
#8132=VECTOR('',#10466,0.78);
#8133=CARTESIAN_POINT('',(3.7,3.0,0.6));
#8134=CARTESIAN_POINT('',(3.7,3.0,0.6));
#8135=VECTOR('',#10467,0.3);
#8136=CARTESIAN_POINT('',(3.7,3.0,0.6));
#8137=VECTOR('',#10468,0.45);
#8138=CARTESIAN_POINT('',(3.55,0.575,0.6));
#8139=CARTESIAN_POINT('',(3.55,0.575,0.6));
#8140=VECTOR('',#10469,0.3);
#8141=CARTESIAN_POINT('',(3.55,2.7,0.6));
#8142=VECTOR('',#10470,2.125);
#8143=CARTESIAN_POINT('',(3.55,2.634409301068,1.39));
#8144=VECTOR('',#10471,0.78);
#8145=CARTESIAN_POINT('',(3.55,0.575,1.4));
#8146=CARTESIAN_POINT('',(3.55,0.575,1.4));
#8147=VECTOR('',#10472,0.8);
#8148=CARTESIAN_POINT('',(3.55,2.7,1.4));
#8149=VECTOR('',#10473,2.125);
#8150=CARTESIAN_POINT('',(3.7,3.0,1.4));
#8151=CARTESIAN_POINT('',(3.25,3.0,1.4));
#8152=VECTOR('',#10474,0.45);
#8153=CARTESIAN_POINT('',(3.7,3.0,1.4));
#8154=VECTOR('',#10475,0.3);
#8155=CARTESIAN_POINT('',(3.25,0.575,1.4));
#8156=VECTOR('',#10476,0.3);
#8157=CARTESIAN_POINT('',(-3.55,0.575,1.4));
#8158=CARTESIAN_POINT('',(-3.25,0.575,1.4));
#8159=CARTESIAN_POINT('',(-3.55,0.575,1.4));
#8160=VECTOR('',#10477,0.3);
#8161=CARTESIAN_POINT('',(-3.25,0.575,0.6));
#8162=CARTESIAN_POINT('',(-3.25,0.575,1.4));
#8163=VECTOR('',#10478,0.8);
#8164=CARTESIAN_POINT('',(-3.55,0.575,0.6));
#8165=CARTESIAN_POINT('',(-3.25,0.575,0.6));
#8166=VECTOR('',#10479,0.3);
#8167=CARTESIAN_POINT('',(-3.55,0.575,0.6));
#8168=VECTOR('',#10480,0.8);
#8169=CARTESIAN_POINT('',(-3.546,0.575,1.39));
#8170=VECTOR('',#10481,0.78);
#8171=CARTESIAN_POINT('',(-3.296,0.575,1.39));
#8172=VECTOR('',#10482,0.78);
#8173=CARTESIAN_POINT('',(3.296,0.575,1.39));
#8174=VECTOR('',#10483,0.78);
#8175=CARTESIAN_POINT('',(3.546,0.575,1.39));
#8176=VECTOR('',#10484,0.78);
#8177=CARTESIAN_POINT('',(-3.55,2.7,1.4));
#8178=VECTOR('',#10485,2.125);
#8179=CARTESIAN_POINT('',(-3.55,2.7,0.6));
#8180=VECTOR('',#10486,2.125);
#8181=CARTESIAN_POINT('',(-3.55,2.634409301068,1.39));
#8182=VECTOR('',#10487,0.78);
#8183=CARTESIAN_POINT('',(-3.696,2.75,1.39));
#8184=VECTOR('',#10488,0.78);
#8185=CARTESIAN_POINT('',(-3.546,2.6,1.39));
#8186=VECTOR('',#10489,0.78);
#8187=CARTESIAN_POINT('',(-3.95,2.75,1.39));
#8188=VECTOR('',#10490,0.78);
#8189=CARTESIAN_POINT('',(-3.95,2.746,1.39));
#8190=CARTESIAN_POINT('',(-3.95,2.75,1.39));
#8191=VECTOR('',#10491,0.004);
#8192=CARTESIAN_POINT('',(-3.95,2.746,0.61));
#8193=CARTESIAN_POINT('',(-3.95,2.746,1.39));
#8194=VECTOR('',#10492,0.78);
#8195=CARTESIAN_POINT('',(-3.95,2.75,0.61));
#8196=VECTOR('',#10493,0.004);
#8197=CARTESIAN_POINT('',(-4.06,2.746,0.5));
#8198=CARTESIAN_POINT('',(-3.95,2.746,0.61));
#8199=VECTOR('',#10494,0.155563491861);
#8200=CARTESIAN_POINT('',(-4.06,3.0,0.5));
#8201=VECTOR('',#10495,0.254);
#8202=CARTESIAN_POINT('',(-4.85,2.746,0.5));
#8203=CARTESIAN_POINT('',(-4.06,2.746,0.5));
#8204=VECTOR('',#10496,0.79);
#8205=CARTESIAN_POINT('',(-4.85,3.0,0.5));
#8206=VECTOR('',#10497,0.254);
#8207=CARTESIAN_POINT('',(-5.35,2.746,0.0));
#8208=CARTESIAN_POINT('',(-4.85,2.746,0.5));
#8209=VECTOR('',#10498,0.7071067811865);
#8210=CARTESIAN_POINT('',(-5.35,3.0,0.0));
#8211=VECTOR('',#10499,0.254);
#8212=CARTESIAN_POINT('',(-5.746,2.746,0.0));
#8213=CARTESIAN_POINT('',(-5.35,2.746,0.0));
#8214=VECTOR('',#10500,0.396);
#8215=CARTESIAN_POINT('',(-5.896,2.596,0.0));
#8216=AXIS2_PLACEMENT_3D('',#10501,#10502,#10503);
#8217=CARTESIAN_POINT('',(-5.896,1.2,0.0));
#8218=CARTESIAN_POINT('',(-5.896,1.2,0.0));
#8219=VECTOR('',#10504,1.396);
#8220=CARTESIAN_POINT('',(-6.15,1.2,0.0));
#8221=CARTESIAN_POINT('',(-6.15,1.2,0.0));
#8222=VECTOR('',#10505,0.254);
#8223=CARTESIAN_POINT('',(-6.15,2.6,0.0));
#8224=CARTESIAN_POINT('',(-6.15,2.6,0.0));
#8225=VECTOR('',#10506,1.4);
#8226=AXIS2_PLACEMENT_3D('',#10507,#10508,#10509);
#8227=CARTESIAN_POINT('',(-6.15,2.6,2.0));
#8228=CARTESIAN_POINT('',(-6.15,2.6,0.0));
#8229=VECTOR('',#10510,2.0);
#8230=AXIS2_PLACEMENT_3D('',#10511,#10512,#10513);
#8231=CARTESIAN_POINT('',(-6.15,1.2,2.0));
#8232=CARTESIAN_POINT('',(-6.15,1.2,2.0));
#8233=VECTOR('',#10514,1.4);
#8234=CARTESIAN_POINT('',(-5.896,1.2,2.0));
#8235=CARTESIAN_POINT('',(-6.15,1.2,2.0));
#8236=VECTOR('',#10515,0.254);
#8237=CARTESIAN_POINT('',(-5.896,2.596,2.0));
#8238=CARTESIAN_POINT('',(-5.896,2.596,2.0));
#8239=VECTOR('',#10516,1.396);
#8240=CARTESIAN_POINT('',(-5.746,2.746,2.0));
#8241=AXIS2_PLACEMENT_3D('',#10517,#10518,#10519);
#8242=CARTESIAN_POINT('',(-5.35,2.746,2.0));
#8243=CARTESIAN_POINT('',(-5.746,2.746,2.0));
#8244=VECTOR('',#10520,0.396);
#8245=CARTESIAN_POINT('',(-5.35,3.0,2.0));
#8246=VECTOR('',#10521,0.254);
#8247=CARTESIAN_POINT('',(-4.85,2.746,1.5));
#8248=CARTESIAN_POINT('',(-5.35,2.746,2.0));
#8249=VECTOR('',#10522,0.7071067811865);
#8250=CARTESIAN_POINT('',(-4.85,3.0,1.5));
#8251=VECTOR('',#10523,0.254);
#8252=CARTESIAN_POINT('',(-4.06,2.746,1.5));
#8253=CARTESIAN_POINT('',(-4.85,2.746,1.5));
#8254=VECTOR('',#10524,0.79);
#8255=CARTESIAN_POINT('',(-4.06,3.0,1.5));
#8256=VECTOR('',#10525,0.254);
#8257=CARTESIAN_POINT('',(-4.06,2.746,1.5));
#8258=VECTOR('',#10526,0.155563491861);
#8259=CARTESIAN_POINT('',(4.85,2.746,1.5));
#8260=CARTESIAN_POINT('',(5.35,2.746,2.0));
#8261=CARTESIAN_POINT('',(4.85,2.746,1.5));
#8262=VECTOR('',#10527,0.7071067811865);
#8263=CARTESIAN_POINT('',(4.06,2.746,1.5));
#8264=VECTOR('',#10528,0.79);
#8265=CARTESIAN_POINT('',(3.95,2.746,0.61));
#8266=VECTOR('',#10529,0.78);
#8267=CARTESIAN_POINT('',(5.746,2.746,2.0));
#8268=CARTESIAN_POINT('',(5.746,2.746,2.0));
#8269=VECTOR('',#10530,2.0);
#8270=CARTESIAN_POINT('',(5.35,2.746,2.0));
#8271=VECTOR('',#10531,0.396);
#8272=CARTESIAN_POINT('',(-5.746,2.746,0.0));
#8273=VECTOR('',#10532,2.0);
#8274=CARTESIAN_POINT('',(5.35,3.0,2.0));
#8275=VECTOR('',#10533,0.254);
#8276=CARTESIAN_POINT('',(5.896,2.596,2.0));
#8277=AXIS2_PLACEMENT_3D('',#10534,#10535,#10536);
#8278=CARTESIAN_POINT('',(5.896,1.2,2.0));
#8279=CARTESIAN_POINT('',(5.896,2.596,2.0));
#8280=VECTOR('',#10537,1.396);
#8281=CARTESIAN_POINT('',(6.15,1.2,2.0));
#8282=CARTESIAN_POINT('',(6.15,1.2,2.0));
#8283=VECTOR('',#10538,0.254);
#8284=CARTESIAN_POINT('',(6.15,2.6,2.0));
#8285=VECTOR('',#10539,1.4);
#8286=CARTESIAN_POINT('',(6.15,1.0,1.8));
#8287=CARTESIAN_POINT('',(6.15,1.2,2.0));
#8288=VECTOR('',#10540,0.2828427124746);
#8289=CARTESIAN_POINT('',(6.15,1.0,0.2));
#8290=CARTESIAN_POINT('',(6.15,1.0,1.8));
#8291=VECTOR('',#10541,1.6);
#8292=CARTESIAN_POINT('',(6.15,1.0,0.2));
#8293=VECTOR('',#10542,0.2828427124746);
#8294=CARTESIAN_POINT('',(5.896,1.0,0.2));
#8295=CARTESIAN_POINT('',(6.15,1.0,0.2));
#8296=VECTOR('',#10543,0.254);
#8297=CARTESIAN_POINT('',(5.896,1.0,0.2));
#8298=VECTOR('',#10544,0.2828427124746);
#8299=CARTESIAN_POINT('',(5.896,2.596,2.0));
#8300=VECTOR('',#10545,2.0);
#8301=CARTESIAN_POINT('',(5.896,1.0,1.8));
#8302=CARTESIAN_POINT('',(5.896,1.0,1.8));
#8303=VECTOR('',#10546,1.6);
#8304=CARTESIAN_POINT('',(5.896,1.2,2.0));
#8305=VECTOR('',#10547,0.2828427124746);
#8306=CARTESIAN_POINT('',(6.15,1.0,1.8));
#8307=VECTOR('',#10548,0.254);
#8308=CARTESIAN_POINT('',(4.85,3.0,1.5));
#8309=VECTOR('',#10549,0.254);
#8310=CARTESIAN_POINT('',(3.95,2.75,1.39));
#8311=VECTOR('',#10550,0.78);
#8312=CARTESIAN_POINT('',(3.696,2.75,1.39));
#8313=VECTOR('',#10551,0.78);
#8314=CARTESIAN_POINT('',(3.546,2.6,1.39));
#8315=VECTOR('',#10552,0.78);
#8316=CARTESIAN_POINT('',(-5.896,2.596,0.0));
#8317=VECTOR('',#10553,2.0);
#8318=CARTESIAN_POINT('',(-5.896,1.0,1.8));
#8319=CARTESIAN_POINT('',(-5.896,1.2,2.0));
#8320=VECTOR('',#10554,0.2828427124746);
#8321=CARTESIAN_POINT('',(-5.896,1.0,0.2));
#8322=CARTESIAN_POINT('',(-5.896,1.0,1.8));
#8323=VECTOR('',#10555,1.6);
#8324=CARTESIAN_POINT('',(-5.896,1.0,0.2));
#8325=VECTOR('',#10556,0.2828427124746);
#8326=CARTESIAN_POINT('',(-6.15,1.0,0.2));
#8327=CARTESIAN_POINT('',(-6.15,1.0,0.2));
#8328=VECTOR('',#10557,0.254);
#8329=CARTESIAN_POINT('',(-6.15,1.0,0.2));
#8330=VECTOR('',#10558,0.2828427124746);
#8331=CARTESIAN_POINT('',(-6.15,1.0,1.8));
#8332=CARTESIAN_POINT('',(-6.15,1.0,1.8));
#8333=VECTOR('',#10559,1.6);
#8334=CARTESIAN_POINT('',(-6.15,1.2,2.0));
#8335=VECTOR('',#10560,0.2828427124746);
#8336=CARTESIAN_POINT('',(-6.15,1.0,1.8));
#8337=VECTOR('',#10561,0.254);
#8338=CARTESIAN_POINT('',(-3.25,3.0,0.6));
#8339=CARTESIAN_POINT('',(-3.7,3.0,0.6));
#8340=CARTESIAN_POINT('',(-3.25,3.0,0.6));
#8341=VECTOR('',#10562,0.45);
#8342=CARTESIAN_POINT('',(-3.7,3.0,0.6));
#8343=VECTOR('',#10563,0.3);
#8344=CARTESIAN_POINT('',(-3.25,3.0,0.6));
#8345=VECTOR('',#10564,2.425);
#8346=CARTESIAN_POINT('',(-3.25,3.0,1.4));
#8347=CARTESIAN_POINT('',(-3.25,3.0,1.4));
#8348=VECTOR('',#10565,0.8);
#8349=CARTESIAN_POINT('',(-3.25,3.0,1.4));
#8350=VECTOR('',#10566,2.425);
#8351=CARTESIAN_POINT('',(-3.25,1.4,1.39));
#8352=VECTOR('',#10567,0.78);
#8353=CARTESIAN_POINT('',(-3.25,2.4,1.39));
#8354=VECTOR('',#10568,0.78);
#8355=CARTESIAN_POINT('',(-3.7,3.0,1.4));
#8356=CARTESIAN_POINT('',(-3.7,3.0,1.4));
#8357=VECTOR('',#10569,0.3);
#8358=CARTESIAN_POINT('',(-3.7,3.0,1.4));
#8359=VECTOR('',#10570,0.45);
#8360=CARTESIAN_POINT('',(3.4,3.0,4.3));
#8361=CARTESIAN_POINT('',(3.4,3.0,5.1));
#8362=CARTESIAN_POINT('',(3.4,3.0,4.3));
#8363=VECTOR('',#10571,0.8);
#8364=CARTESIAN_POINT('',(4.475,3.0,4.3));
#8365=CARTESIAN_POINT('',(3.4,3.0,4.3));
#8366=VECTOR('',#10572,1.075);
#8367=CARTESIAN_POINT('',(4.475,3.0,1.57));
#8368=CARTESIAN_POINT('',(4.475,3.0,4.3));
#8369=VECTOR('',#10573,2.73);
#8370=CARTESIAN_POINT('',(3.7,3.0,1.57));
#8371=CARTESIAN_POINT('',(3.7,3.0,1.57));
#8372=VECTOR('',#10574,0.775);
#8373=CARTESIAN_POINT('',(3.7,3.0,1.4));
#8374=VECTOR('',#10575,0.17);
#8375=CARTESIAN_POINT('',(3.7,3.0,0.43));
#8376=CARTESIAN_POINT('',(3.7,3.0,0.43));
#8377=VECTOR('',#10576,0.17);
#8378=CARTESIAN_POINT('',(4.65,3.0,0.43));
#8379=CARTESIAN_POINT('',(4.65,3.0,0.43));
#8380=VECTOR('',#10577,0.95);
#8381=CARTESIAN_POINT('',(4.65,3.0,0.15));
#8382=CARTESIAN_POINT('',(4.65,3.0,0.15));
#8383=VECTOR('',#10578,0.28);
#8384=CARTESIAN_POINT('',(-4.65,3.0,0.15));
#8385=CARTESIAN_POINT('',(-4.65,3.0,0.15));
#8386=VECTOR('',#10579,9.3);
#8387=CARTESIAN_POINT('',(-4.65,3.0,0.43));
#8388=CARTESIAN_POINT('',(-4.65,3.0,0.15));
#8389=VECTOR('',#10580,0.28);
#8390=CARTESIAN_POINT('',(-3.7,3.0,0.43));
#8391=CARTESIAN_POINT('',(-3.7,3.0,0.43));
#8392=VECTOR('',#10581,0.95);
#8393=CARTESIAN_POINT('',(-3.7,3.0,0.6));
#8394=VECTOR('',#10582,0.17);
#8395=CARTESIAN_POINT('',(-3.7,3.0,1.57));
#8396=CARTESIAN_POINT('',(-3.7,3.0,1.57));
#8397=VECTOR('',#10583,0.17);
#8398=CARTESIAN_POINT('',(-4.475,3.0,1.57));
#8399=CARTESIAN_POINT('',(-4.475,3.0,1.57));
#8400=VECTOR('',#10584,0.775);
#8401=CARTESIAN_POINT('',(-4.475,3.0,4.3));
#8402=CARTESIAN_POINT('',(-4.475,3.0,1.57));
#8403=VECTOR('',#10585,2.73);
#8404=CARTESIAN_POINT('',(-3.4,3.0,4.3));
#8405=CARTESIAN_POINT('',(-4.475,3.0,4.3));
#8406=VECTOR('',#10586,1.075);
#8407=CARTESIAN_POINT('',(-3.4,3.0,5.1));
#8408=CARTESIAN_POINT('',(-3.4,3.0,4.3));
#8409=VECTOR('',#10587,0.8);
#8410=CARTESIAN_POINT('',(-3.1,3.0,5.4));
#8411=CARTESIAN_POINT('',(-3.4,3.0,5.1));
#8412=VECTOR('',#10588,0.4242640687119);
#8413=CARTESIAN_POINT('',(3.1,3.0,5.4));
#8414=CARTESIAN_POINT('',(-3.1,3.0,5.4));
#8415=VECTOR('',#10589,6.2);
#8416=CARTESIAN_POINT('',(3.1,3.0,5.4));
#8417=VECTOR('',#10590,0.4242640687119);
#8418=CARTESIAN_POINT('',(3.4,2.093782217351,5.1));
#8419=CARTESIAN_POINT('',(3.4,3.0,5.1));
#8420=VECTOR('',#10591,0.9062177826491);
#8421=CARTESIAN_POINT('',(3.1,2.17416697508,5.4));
#8422=CARTESIAN_POINT('',(3.1,3.0,5.4));
#8423=VECTOR('',#10592,0.8258330249198);
#8424=CARTESIAN_POINT('',(3.4,2.093782217351,5.1));
#8425=VECTOR('',#10593,0.4318121226589);
#8426=CARTESIAN_POINT('',(-3.1,2.17416697508,5.4));
#8427=CARTESIAN_POINT('',(-3.1,2.17416697508,5.4));
#8428=VECTOR('',#10594,6.2);
#8429=CARTESIAN_POINT('',(-3.4,2.093782217351,5.1));
#8430=CARTESIAN_POINT('',(-3.1,2.17416697508,5.4));
#8431=VECTOR('',#10595,0.4318121226589);
#8432=CARTESIAN_POINT('',(-3.4,2.0,4.75));
#8433=CARTESIAN_POINT('',(-3.4,2.093782217351,5.1));
#8434=VECTOR('',#10596,0.3623466631435);
#8435=CARTESIAN_POINT('',(3.4,2.0,4.75));
#8436=CARTESIAN_POINT('',(-3.4,2.0,4.75));
#8437=VECTOR('',#10597,6.8);
#8438=CARTESIAN_POINT('',(3.4,2.093782217351,5.1));
#8439=VECTOR('',#10598,0.3623466631435);
#8440=CARTESIAN_POINT('',(3.4,2.0,4.3));
#8441=CARTESIAN_POINT('',(3.4,2.0,4.75));
#8442=VECTOR('',#10599,0.45);
#8443=CARTESIAN_POINT('',(3.4,3.0,4.3));
#8444=VECTOR('',#10600,1.0);
#8445=CARTESIAN_POINT('',(-3.925,0.0,4.3));
#8446=CARTESIAN_POINT('',(-3.925,0.1,4.3));
#8447=CARTESIAN_POINT('',(-3.925,0.0,4.3));
#8448=VECTOR('',#10601,0.1);
#8449=CARTESIAN_POINT('',(3.925,0.0,4.3));
#8450=CARTESIAN_POINT('',(-3.925,0.0,4.3));
#8451=VECTOR('',#10602,7.85);
#8452=CARTESIAN_POINT('',(3.925,0.1,4.3));
#8453=CARTESIAN_POINT('',(3.925,0.0,4.3));
#8454=VECTOR('',#10603,0.1);
#8455=CARTESIAN_POINT('',(-3.925,0.1,4.3));
#8456=VECTOR('',#10604,7.85);
#8457=CARTESIAN_POINT('',(-4.475,2.9,4.3));
#8458=CARTESIAN_POINT('',(-4.475,3.0,4.3));
#8459=VECTOR('',#10605,0.09999999999999);
#8460=CARTESIAN_POINT('',(-3.6,2.9,4.3));
#8461=CARTESIAN_POINT('',(-4.475,2.9,4.3));
#8462=VECTOR('',#10606,0.875);
#8463=CARTESIAN_POINT('',(-3.6,1.7,4.3));
#8464=CARTESIAN_POINT('',(-3.6,2.9,4.3));
#8465=VECTOR('',#10607,1.2);
#8466=CARTESIAN_POINT('',(-3.525,1.7,4.3));
#8467=CARTESIAN_POINT('',(-3.6,1.7,4.3));
#8468=VECTOR('',#10608,0.075);
#8469=CARTESIAN_POINT('',(-3.525,1.95,4.3));
#8470=CARTESIAN_POINT('',(-3.525,1.95,4.3));
#8471=VECTOR('',#10609,0.25);
#8472=CARTESIAN_POINT('',(3.525,1.95,4.3));
#8473=CARTESIAN_POINT('',(3.525,1.95,4.3));
#8474=VECTOR('',#10610,7.05);
#8475=CARTESIAN_POINT('',(3.525,1.7,4.3));
#8476=CARTESIAN_POINT('',(3.525,1.95,4.3));
#8477=VECTOR('',#10611,0.25);
#8478=CARTESIAN_POINT('',(3.6,1.7,4.3));
#8479=CARTESIAN_POINT('',(3.525,1.7,4.3));
#8480=VECTOR('',#10612,0.075);
#8481=CARTESIAN_POINT('',(3.6,2.9,4.3));
#8482=CARTESIAN_POINT('',(3.6,1.7,4.3));
#8483=VECTOR('',#10613,1.2);
#8484=CARTESIAN_POINT('',(4.475,2.9,4.3));
#8485=CARTESIAN_POINT('',(3.6,2.9,4.3));
#8486=VECTOR('',#10614,0.875);
#8487=CARTESIAN_POINT('',(4.475,3.0,4.3));
#8488=VECTOR('',#10615,0.09999999999999);
#8489=CARTESIAN_POINT('',(-3.4,2.0,4.3));
#8490=CARTESIAN_POINT('',(-3.4,2.0,4.3));
#8491=VECTOR('',#10616,6.8);
#8492=CARTESIAN_POINT('',(-3.4,3.0,4.3));
#8493=VECTOR('',#10617,1.0);
#8494=CARTESIAN_POINT('',(6.5,0.1,4.3));
#8495=CARTESIAN_POINT('',(6.5,0.1,4.3));
#8496=VECTOR('',#10618,2.575);
#8497=CARTESIAN_POINT('',(6.5,0.1,5.4));
#8498=CARTESIAN_POINT('',(6.5,0.1,4.3));
#8499=VECTOR('',#10619,1.1);
#8500=CARTESIAN_POINT('',(-6.5,0.1,5.4));
#8501=CARTESIAN_POINT('',(6.5,0.1,5.4));
#8502=VECTOR('',#10620,13.0);
#8503=CARTESIAN_POINT('',(-6.5,0.1,4.3));
#8504=CARTESIAN_POINT('',(-6.5,0.1,4.3));
#8505=VECTOR('',#10621,1.1);
#8506=CARTESIAN_POINT('',(-3.925,0.1,4.3));
#8507=VECTOR('',#10622,2.575);
#8508=CARTESIAN_POINT('',(2.5,0.1,5.05));
#8509=CARTESIAN_POINT('',(2.9,0.1,4.357179676972));
#8510=CARTESIAN_POINT('',(2.5,0.1,5.05));
#8511=VECTOR('',#10623,0.8);
#8512=CARTESIAN_POINT('',(2.1,0.1,4.357179676972));
#8513=CARTESIAN_POINT('',(2.9,0.1,4.357179676972));
#8514=VECTOR('',#10624,0.8);
#8515=CARTESIAN_POINT('',(2.1,0.1,4.357179676972));
#8516=VECTOR('',#10625,0.8);
#8517=CARTESIAN_POINT('',(4.175,0.295,4.3));
#8518=CARTESIAN_POINT('',(4.175,1.0,4.3));
#8519=CARTESIAN_POINT('',(4.175,0.295,4.3));
#8520=VECTOR('',#10626,0.705);
#8521=CARTESIAN_POINT('',(4.975,0.295,4.3));
#8522=CARTESIAN_POINT('',(4.975,0.295,4.3));
#8523=VECTOR('',#10627,0.8);
#8524=CARTESIAN_POINT('',(4.975,1.895,4.3));
#8525=CARTESIAN_POINT('',(4.975,0.295,4.3));
#8526=VECTOR('',#10628,1.6);
#8527=CARTESIAN_POINT('',(4.475,1.895,4.3));
#8528=CARTESIAN_POINT('',(4.975,1.895,4.3));
#8529=VECTOR('',#10629,0.5);
#8530=CARTESIAN_POINT('',(4.475,2.9,4.3));
#8531=VECTOR('',#10630,1.005);
#8532=CARTESIAN_POINT('',(6.5,2.9,4.3));
#8533=CARTESIAN_POINT('',(6.5,2.9,4.3));
#8534=VECTOR('',#10631,2.025);
#8535=CARTESIAN_POINT('',(6.5,2.9,4.3));
#8536=VECTOR('',#10632,2.8);
#8537=CARTESIAN_POINT('',(3.925,0.95,4.3));
#8538=CARTESIAN_POINT('',(3.925,0.95,4.3));
#8539=VECTOR('',#10633,0.85);
#8540=CARTESIAN_POINT('',(-3.925,0.95,4.3));
#8541=CARTESIAN_POINT('',(3.925,0.95,4.3));
#8542=VECTOR('',#10634,7.85);
#8543=CARTESIAN_POINT('',(-3.925,0.95,4.3));
#8544=VECTOR('',#10635,0.85);
#8545=CARTESIAN_POINT('',(-6.5,2.9,4.3));
#8546=CARTESIAN_POINT('',(-6.5,2.9,4.3));
#8547=VECTOR('',#10636,2.8);
#8548=CARTESIAN_POINT('',(-4.475,2.9,4.3));
#8549=VECTOR('',#10637,2.025);
#8550=CARTESIAN_POINT('',(-4.475,1.895,4.3));
#8551=CARTESIAN_POINT('',(-4.475,2.9,4.3));
#8552=VECTOR('',#10638,1.005);
#8553=CARTESIAN_POINT('',(-4.975,1.895,4.3));
#8554=CARTESIAN_POINT('',(-4.975,1.895,4.3));
#8555=VECTOR('',#10639,0.5);
#8556=CARTESIAN_POINT('',(-4.975,0.295,4.3));
#8557=CARTESIAN_POINT('',(-4.975,1.895,4.3));
#8558=VECTOR('',#10640,1.6);
#8559=CARTESIAN_POINT('',(-4.175,0.295,4.3));
#8560=CARTESIAN_POINT('',(-4.975,0.295,4.3));
#8561=VECTOR('',#10641,0.8);
#8562=CARTESIAN_POINT('',(-4.175,1.0,4.3));
#8563=CARTESIAN_POINT('',(-4.175,1.0,4.3));
#8564=VECTOR('',#10642,0.705);
#8565=CARTESIAN_POINT('',(4.175,1.0,4.3));
#8566=VECTOR('',#10643,8.35);
#8567=CARTESIAN_POINT('',(-4.175,1.0,3.1));
#8568=CARTESIAN_POINT('',(-4.175,1.0,3.1));
#8569=VECTOR('',#10644,1.2);
#8570=CARTESIAN_POINT('',(-3.425,1.0,3.1));
#8571=CARTESIAN_POINT('',(-3.425,1.0,3.1));
#8572=VECTOR('',#10645,0.75);
#8573=CARTESIAN_POINT('',(-3.425,1.0,2.85));
#8574=CARTESIAN_POINT('',(-3.425,1.0,2.85));
#8575=VECTOR('',#10646,0.25);
#8576=CARTESIAN_POINT('',(-3.225,1.0,2.65));
#8577=CARTESIAN_POINT('',(-3.225,1.0,2.65));
#8578=VECTOR('',#10647,0.2828427124746);
#8579=CARTESIAN_POINT('',(3.225,1.0,2.65));
#8580=CARTESIAN_POINT('',(3.225,1.0,2.65));
#8581=VECTOR('',#10648,6.45);
#8582=CARTESIAN_POINT('',(3.425,1.0,2.85));
#8583=CARTESIAN_POINT('',(3.425,1.0,2.85));
#8584=VECTOR('',#10649,0.2828427124746);
#8585=CARTESIAN_POINT('',(3.425,1.0,3.1));
#8586=CARTESIAN_POINT('',(3.425,1.0,3.1));
#8587=VECTOR('',#10650,0.25);
#8588=CARTESIAN_POINT('',(4.175,1.0,3.1));
#8589=CARTESIAN_POINT('',(4.175,1.0,3.1));
#8590=VECTOR('',#10651,0.75);
#8591=CARTESIAN_POINT('',(4.175,1.0,3.1));
#8592=VECTOR('',#10652,1.2);
#8593=CARTESIAN_POINT('',(4.175,0.75,3.45));
#8594=CARTESIAN_POINT('',(4.175,0.75,1.15));
#8595=CARTESIAN_POINT('',(4.175,0.75,3.45));
#8596=VECTOR('',#10653,2.3);
#8597=CARTESIAN_POINT('',(4.175,0.6,3.73021978022));
#8598=CARTESIAN_POINT('',(4.175,0.6,3.73021978022));
#8599=VECTOR('',#10654,0.3178413522914);
#8600=CARTESIAN_POINT('',(4.175,0.6,4.1));
#8601=CARTESIAN_POINT('',(4.175,0.6,4.1));
#8602=VECTOR('',#10655,0.3697802197802);
#8603=CARTESIAN_POINT('',(4.175,0.4020588235294,4.1));
#8604=CARTESIAN_POINT('',(4.175,0.6,4.1));
#8605=VECTOR('',#10656,0.1979411764706);
#8606=CARTESIAN_POINT('',(4.175,0.4020588235294,4.1));
#8607=VECTOR('',#10657,0.2268514749688);
#8608=CARTESIAN_POINT('',(4.175,1.65,3.1));
#8609=CARTESIAN_POINT('',(4.175,1.65,3.1));
#8610=VECTOR('',#10658,0.65);
#8611=CARTESIAN_POINT('',(4.175,1.65,1.15));
#8612=CARTESIAN_POINT('',(4.175,1.65,1.15));
#8613=VECTOR('',#10659,1.95);
#8614=CARTESIAN_POINT('',(4.175,1.65,1.15));
#8615=VECTOR('',#10660,0.9);
#8616=CARTESIAN_POINT('',(4.475,1.65,0.85));
#8617=CARTESIAN_POINT('',(4.475,1.65,0.85));
#8618=VECTOR('',#10661,0.4242640687119);
#8619=CARTESIAN_POINT('',(4.475,0.9,0.85));
#8620=CARTESIAN_POINT('',(4.475,1.65,0.85));
#8621=VECTOR('',#10662,0.75);
#8622=CARTESIAN_POINT('',(4.275,0.75,1.05));
#8623=CARTESIAN_POINT('',(4.275,0.75,1.05));
#8624=VECTOR('',#10663,0.3201562118716);
#8625=CARTESIAN_POINT('',(4.175,0.75,1.15));
#8626=VECTOR('',#10664,0.1414213562373);
#8627=CARTESIAN_POINT('',(5.275,0.75,1.15));
#8628=CARTESIAN_POINT('',(4.975,0.75,1.15));
#8629=CARTESIAN_POINT('',(5.275,0.75,1.15));
#8630=VECTOR('',#10665,0.3);
#8631=CARTESIAN_POINT('',(4.975,0.75,3.35));
#8632=CARTESIAN_POINT('',(4.975,0.75,1.15));
#8633=VECTOR('',#10666,2.2);
#8634=CARTESIAN_POINT('',(4.775,0.75,3.35));
#8635=CARTESIAN_POINT('',(4.975,0.75,3.35));
#8636=VECTOR('',#10667,0.2);
#8637=CARTESIAN_POINT('',(4.775,0.75,3.45));
#8638=CARTESIAN_POINT('',(4.775,0.75,3.45));
#8639=VECTOR('',#10668,0.1);
#8640=CARTESIAN_POINT('',(4.775,0.75,3.45));
#8641=VECTOR('',#10669,0.6);
#8642=CARTESIAN_POINT('',(5.175,0.75,1.05));
#8643=CARTESIAN_POINT('',(4.275,0.75,1.05));
#8644=VECTOR('',#10670,0.9);
#8645=CARTESIAN_POINT('',(5.175,0.75,1.05));
#8646=VECTOR('',#10671,0.1414213562373);
#8647=CARTESIAN_POINT('',(5.275,1.65,1.15));
#8648=CARTESIAN_POINT('',(5.275,0.75,1.15));
#8649=VECTOR('',#10672,0.9);
#8650=CARTESIAN_POINT('',(4.975,0.9,0.85));
#8651=CARTESIAN_POINT('',(5.175,0.75,1.05));
#8652=VECTOR('',#10673,0.3201562118716);
#8653=CARTESIAN_POINT('',(4.975,1.65,0.85));
#8654=CARTESIAN_POINT('',(4.975,0.9,0.85));
#8655=VECTOR('',#10674,0.75);
#8656=CARTESIAN_POINT('',(5.275,1.65,1.15));
#8657=VECTOR('',#10675,0.4242640687119);
#8658=CARTESIAN_POINT('',(4.975,1.65,0.85));
#8659=VECTOR('',#10676,0.5);
#8660=CARTESIAN_POINT('',(4.475,1.65,1.3));
#8661=CARTESIAN_POINT('',(4.475,1.65,1.3));
#8662=VECTOR('',#10677,0.45);
#8663=CARTESIAN_POINT('',(4.975,1.65,1.3));
#8664=CARTESIAN_POINT('',(4.975,1.65,1.3));
#8665=VECTOR('',#10678,0.5);
#8666=CARTESIAN_POINT('',(4.975,1.65,1.4));
#8667=CARTESIAN_POINT('',(4.975,1.65,1.3));
#8668=VECTOR('',#10679,0.1);
#8669=CARTESIAN_POINT('',(5.275,1.65,1.4));
#8670=CARTESIAN_POINT('',(5.275,1.65,1.4));
#8671=VECTOR('',#10680,0.3);
#8672=CARTESIAN_POINT('',(5.275,1.65,1.4));
#8673=VECTOR('',#10681,0.25);
#8674=CARTESIAN_POINT('',(5.275,1.0,2.05));
#8675=CARTESIAN_POINT('',(5.275,1.0,2.05));
#8676=VECTOR('',#10682,0.9192388155425);
#8677=CARTESIAN_POINT('',(5.275,0.9,2.05));
#8678=CARTESIAN_POINT('',(5.275,0.9,2.05));
#8679=VECTOR('',#10683,0.1);
#8680=CARTESIAN_POINT('',(5.275,0.75,1.15));
#8681=VECTOR('',#10684,0.9124143795447);
#8682=CARTESIAN_POINT('',(4.975,0.9,2.05));
#8683=CARTESIAN_POINT('',(5.275,0.9,2.05));
#8684=VECTOR('',#10685,0.3);
#8685=CARTESIAN_POINT('',(4.975,0.75,1.15));
#8686=VECTOR('',#10686,0.9124143795447);
#8687=CARTESIAN_POINT('',(4.975,0.4020588235294,4.1));
#8688=CARTESIAN_POINT('',(4.975,0.295,4.3));
#8689=VECTOR('',#10687,0.2268514749688);
#8690=CARTESIAN_POINT('',(4.975,1.895,4.1));
#8691=CARTESIAN_POINT('',(4.975,0.4020588235294,4.1));
#8692=VECTOR('',#10688,1.492941176471);
#8693=CARTESIAN_POINT('',(4.975,1.895,4.1));
#8694=VECTOR('',#10689,0.2);
#8695=CARTESIAN_POINT('',(4.975,1.895,1.3));
#8696=CARTESIAN_POINT('',(4.975,1.895,1.3));
#8697=VECTOR('',#10690,0.245);
#8698=CARTESIAN_POINT('',(4.975,1.9,1.300083356494));
#8699=AXIS2_PLACEMENT_3D('',#10691,#10692,#10693);
#8700=CARTESIAN_POINT('',(4.975,1.9,1.599916643506));
#8701=CARTESIAN_POINT('',(4.975,1.9,1.300083356494));
#8702=VECTOR('',#10694,0.2998332870113);
#8703=CARTESIAN_POINT('',(4.975,1.895,1.6));
#8704=AXIS2_PLACEMENT_3D('',#10695,#10696,#10697);
#8705=CARTESIAN_POINT('',(4.975,1.895,3.194440972087));
#8706=CARTESIAN_POINT('',(4.975,1.895,1.6));
#8707=VECTOR('',#10698,1.594440972087);
#8708=CARTESIAN_POINT('',(4.975,1.7,3.35));
#8709=AXIS2_PLACEMENT_3D('',#10699,#10700,#10701);
#8710=CARTESIAN_POINT('',(4.975,1.7,3.35));
#8711=VECTOR('',#10702,0.95);
#8712=CARTESIAN_POINT('',(4.975,1.0,2.05));
#8713=CARTESIAN_POINT('',(4.975,0.9,2.05));
#8714=VECTOR('',#10703,0.1);
#8715=CARTESIAN_POINT('',(4.975,1.0,2.05));
#8716=VECTOR('',#10704,0.9192388155425);
#8717=CARTESIAN_POINT('',(4.975,1.095,2.55));
#8718=CARTESIAN_POINT('',(4.975,1.695,2.55));
#8719=CARTESIAN_POINT('',(4.975,1.095,2.55));
#8720=VECTOR('',#10705,0.6);
#8721=CARTESIAN_POINT('',(4.975,1.095,3.3));
#8722=CARTESIAN_POINT('',(4.975,1.095,3.3));
#8723=VECTOR('',#10706,0.75);
#8724=CARTESIAN_POINT('',(4.975,1.695,3.3));
#8725=CARTESIAN_POINT('',(4.975,1.095,3.3));
#8726=VECTOR('',#10707,0.6);
#8727=CARTESIAN_POINT('',(4.975,1.695,3.3));
#8728=VECTOR('',#10708,0.75);
#8729=CARTESIAN_POINT('',(4.975,1.895,3.194440972087));
#8730=VECTOR('',#10709,0.9055590279134);
#8731=CARTESIAN_POINT('',(4.475,1.895,1.6));
#8732=CARTESIAN_POINT('',(4.975,1.895,1.6));
#8733=VECTOR('',#10710,0.5);
#8734=CARTESIAN_POINT('',(4.475,1.895,4.3));
#8735=VECTOR('',#10711,2.7);
#8736=CARTESIAN_POINT('',(4.475,0.4020588235294,4.1));
#8737=CARTESIAN_POINT('',(4.475,0.0,4.1));
#8738=CARTESIAN_POINT('',(4.475,0.4020588235294,4.1));
#8739=VECTOR('',#10712,0.4020588235294);
#8740=CARTESIAN_POINT('',(4.475,0.0,0.95));
#8741=CARTESIAN_POINT('',(4.475,0.0,4.1));
#8742=VECTOR('',#10713,3.15);
#8743=CARTESIAN_POINT('',(4.475,0.55,0.95));
#8744=CARTESIAN_POINT('',(4.475,0.0,0.95));
#8745=VECTOR('',#10714,0.55);
#8746=CARTESIAN_POINT('',(4.475,0.55,0.0));
#8747=CARTESIAN_POINT('',(4.475,0.55,0.0));
#8748=VECTOR('',#10715,0.95);
#8749=CARTESIAN_POINT('',(4.475,0.6,0.0));
#8750=CARTESIAN_POINT('',(4.475,0.55,0.0));
#8751=VECTOR('',#10716,0.05);
#8752=CARTESIAN_POINT('',(4.475,0.6,3.73021978022));
#8753=CARTESIAN_POINT('',(4.475,0.6,0.0));
#8754=VECTOR('',#10717,3.73021978022);
#8755=CARTESIAN_POINT('',(4.475,0.6,3.73021978022));
#8756=VECTOR('',#10718,0.4194259413571);
#8757=CARTESIAN_POINT('',(4.475,1.65,0.0));
#8758=CARTESIAN_POINT('',(4.475,1.9,0.0));
#8759=CARTESIAN_POINT('',(4.475,1.65,0.0));
#8760=VECTOR('',#10719,0.25);
#8761=CARTESIAN_POINT('',(4.475,1.9,0.95));
#8762=CARTESIAN_POINT('',(4.475,1.9,0.0));
#8763=VECTOR('',#10720,0.95);
#8764=CARTESIAN_POINT('',(4.475,2.55,0.95));
#8765=CARTESIAN_POINT('',(4.475,1.9,0.95));
#8766=VECTOR('',#10721,0.65);
#8767=CARTESIAN_POINT('',(4.475,2.55,0.8));
#8768=CARTESIAN_POINT('',(4.475,2.55,0.8));
#8769=VECTOR('',#10722,0.15);
#8770=CARTESIAN_POINT('',(4.475,2.7,0.8));
#8771=VECTOR('',#10723,0.15);
#8772=CARTESIAN_POINT('',(4.475,3.0,1.57));
#8773=VECTOR('',#10724,0.3);
#8774=CARTESIAN_POINT('',(4.475,1.895,1.3));
#8775=AXIS2_PLACEMENT_3D('',#10725,#10726,#10727);
#8776=CARTESIAN_POINT('',(4.475,1.895,1.3));
#8777=VECTOR('',#10728,0.245);
#8778=CARTESIAN_POINT('',(4.475,1.65,0.85));
#8779=VECTOR('',#10729,0.85);
#8780=CARTESIAN_POINT('',(4.475,0.4020588235294,4.1));
#8781=VECTOR('',#10730,0.3);
#8782=CARTESIAN_POINT('',(4.475,0.6,3.73021978022));
#8783=VECTOR('',#10731,0.3);
#8784=CARTESIAN_POINT('',(4.775,0.4020588235294,4.1));
#8785=CARTESIAN_POINT('',(4.775,0.4020588235294,4.1));
#8786=VECTOR('',#10732,0.7372672936485);
#8787=CARTESIAN_POINT('',(4.975,0.4020588235294,4.1));
#8788=VECTOR('',#10733,0.2);
#8789=CARTESIAN_POINT('',(4.775,0.0,4.1));
#8790=CARTESIAN_POINT('',(4.775,0.0,4.1));
#8791=VECTOR('',#10734,0.4020588235294);
#8792=CARTESIAN_POINT('',(5.5,0.0,4.1));
#8793=CARTESIAN_POINT('',(5.5,0.0,4.1));
#8794=VECTOR('',#10735,0.725);
#8795=CARTESIAN_POINT('',(5.5,2.55,4.1));
#8796=CARTESIAN_POINT('',(5.5,2.55,4.1));
#8797=VECTOR('',#10736,2.55);
#8798=CARTESIAN_POINT('',(4.775,2.55,4.1));
#8799=CARTESIAN_POINT('',(4.775,2.55,4.1));
#8800=VECTOR('',#10737,0.725);
#8801=CARTESIAN_POINT('',(4.775,2.45,4.1));
#8802=CARTESIAN_POINT('',(4.775,2.45,4.1));
#8803=VECTOR('',#10738,0.1);
#8804=CARTESIAN_POINT('',(4.975,2.45,4.1));
#8805=CARTESIAN_POINT('',(4.975,2.45,4.1));
#8806=VECTOR('',#10739,0.2);
#8807=CARTESIAN_POINT('',(4.975,1.895,4.1));
#8808=VECTOR('',#10740,0.555);
#8809=CARTESIAN_POINT('',(4.075,0.6,4.1));
#8810=CARTESIAN_POINT('',(4.075,0.6,4.1));
#8811=VECTOR('',#10741,0.1);
#8812=CARTESIAN_POINT('',(4.075,0.0,4.1));
#8813=CARTESIAN_POINT('',(4.075,0.0,4.1));
#8814=VECTOR('',#10742,0.6);
#8815=CARTESIAN_POINT('',(4.475,0.0,4.1));
#8816=VECTOR('',#10743,0.4);
#8817=CARTESIAN_POINT('',(4.975,2.45,3.15));
#8818=CARTESIAN_POINT('',(4.975,2.45,4.1));
#8819=VECTOR('',#10744,0.95);
#8820=CARTESIAN_POINT('',(4.975,1.9,3.15));
#8821=CARTESIAN_POINT('',(4.975,1.9,3.15));
#8822=VECTOR('',#10745,0.55);
#8823=AXIS2_PLACEMENT_3D('',#10746,#10747,#10748);
#8824=CARTESIAN_POINT('',(5.5,1.9,3.15));
#8825=CARTESIAN_POINT('',(5.5,1.9,3.15));
#8826=VECTOR('',#10749,0.525);
#8827=CARTESIAN_POINT('',(5.5,1.7,3.35));
#8828=AXIS2_PLACEMENT_3D('',#10750,#10751,#10752);
#8829=CARTESIAN_POINT('',(5.5,1.7,3.35));
#8830=VECTOR('',#10753,0.525);
#8831=CARTESIAN_POINT('',(5.5,1.7,3.44));
#8832=CARTESIAN_POINT('',(5.5,1.7,3.44));
#8833=VECTOR('',#10754,0.09);
#8834=CARTESIAN_POINT('',(5.5,1.7,3.44));
#8835=VECTOR('',#10755,0.5326584271369);
#8836=CARTESIAN_POINT('',(-4.975,1.7,3.35));
#8837=CARTESIAN_POINT('',(-4.975,1.7,3.35));
#8838=VECTOR('',#10756,0.5326584271369);
#8839=CARTESIAN_POINT('',(-5.5,1.7,3.35));
#8840=VECTOR('',#10757,0.525);
#8841=CARTESIAN_POINT('',(5.5,0.75,3.44));
#8842=CARTESIAN_POINT('',(5.5,1.7,3.44));
#8843=VECTOR('',#10758,0.95);
#8844=CARTESIAN_POINT('',(5.5,0.75,3.44));
#8845=VECTOR('',#10759,0.5326584271369);
#8846=CARTESIAN_POINT('',(5.5,0.75,3.35));
#8847=CARTESIAN_POINT('',(5.5,0.75,3.44));
#8848=VECTOR('',#10760,0.09);
#8849=CARTESIAN_POINT('',(5.5,0.75,3.35));
#8850=VECTOR('',#10761,0.525);
#8851=CARTESIAN_POINT('',(-4.975,0.75,3.35));
#8852=CARTESIAN_POINT('',(-4.975,0.75,3.35));
#8853=VECTOR('',#10762,0.5326584271369);
#8854=CARTESIAN_POINT('',(-5.5,0.75,3.35));
#8855=VECTOR('',#10763,0.525);
#8856=CARTESIAN_POINT('',(5.5,0.55,3.15));
#8857=AXIS2_PLACEMENT_3D('',#10764,#10765,#10766);
#8858=CARTESIAN_POINT('',(4.775,0.55,3.15));
#8859=CARTESIAN_POINT('',(4.775,0.55,3.15));
#8860=VECTOR('',#10767,0.725);
#8861=AXIS2_PLACEMENT_3D('',#10768,#10769,#10770);
#8862=CARTESIAN_POINT('',(4.775,0.55,0.95));
#8863=CARTESIAN_POINT('',(4.775,0.55,0.95));
#8864=VECTOR('',#10771,2.2);
#8865=CARTESIAN_POINT('',(4.775,0.0,0.95));
#8866=CARTESIAN_POINT('',(4.775,0.0,0.95));
#8867=VECTOR('',#10772,0.55);
#8868=CARTESIAN_POINT('',(4.775,0.0,0.95));
#8869=VECTOR('',#10773,3.15);
#8870=CARTESIAN_POINT('',(4.775,1.9,1.599916643506));
#8871=CARTESIAN_POINT('',(4.775,1.9,1.300083356494));
#8872=AXIS2_PLACEMENT_3D('',#10774,#10775,#10776);
#8873=CARTESIAN_POINT('',(4.775,1.9,3.15));
#8874=CARTESIAN_POINT('',(4.775,1.9,1.599916643506));
#8875=VECTOR('',#10777,1.550083356494);
#8876=CARTESIAN_POINT('',(4.775,2.45,3.15));
#8877=CARTESIAN_POINT('',(4.775,1.9,3.15));
#8878=VECTOR('',#10778,0.55);
#8879=CARTESIAN_POINT('',(4.775,2.45,4.1));
#8880=VECTOR('',#10779,0.95);
#8881=CARTESIAN_POINT('',(4.775,2.55,0.95));
#8882=CARTESIAN_POINT('',(4.775,2.55,0.95));
#8883=VECTOR('',#10780,3.15);
#8884=CARTESIAN_POINT('',(4.775,1.9,0.95));
#8885=CARTESIAN_POINT('',(4.775,1.9,0.95));
#8886=VECTOR('',#10781,0.65);
#8887=CARTESIAN_POINT('',(4.775,1.9,0.95));
#8888=VECTOR('',#10782,0.3500833564943);
#8889=CARTESIAN_POINT('',(-4.775,0.0,4.1));
#8890=CARTESIAN_POINT('',(-5.5,0.0,4.1));
#8891=VECTOR('',#10783,0.725);
#8892=CARTESIAN_POINT('',(5.5,0.0,0.0));
#8893=CARTESIAN_POINT('',(-5.5,0.0,0.0));
#8894=VECTOR('',#10784,11.0);
#8895=CARTESIAN_POINT('',(5.5,0.0,4.1));
#8896=VECTOR('',#10785,4.1);
#8897=AXIS2_PLACEMENT_3D('',#10786,#10787,#10788);
#8898=CARTESIAN_POINT('',(3.925,0.0,4.3));
#8899=VECTOR('',#10789,0.25);
#8900=CARTESIAN_POINT('',(-4.075,0.0,4.1));
#8901=CARTESIAN_POINT('',(-4.075,0.0,4.1));
#8902=VECTOR('',#10790,0.25);
#8903=CARTESIAN_POINT('',(-4.475,0.0,4.1));
#8904=CARTESIAN_POINT('',(-4.475,0.0,4.1));
#8905=VECTOR('',#10791,0.4);
#8906=CARTESIAN_POINT('',(-4.475,0.0,0.95));
#8907=CARTESIAN_POINT('',(-4.475,0.0,0.95));
#8908=VECTOR('',#10792,3.15);
#8909=CARTESIAN_POINT('',(-4.775,0.0,0.95));
#8910=AXIS2_PLACEMENT_3D('',#10793,#10794,#10795);
#8911=CARTESIAN_POINT('',(-4.775,0.0,4.1));
#8912=VECTOR('',#10796,3.15);
#8913=CARTESIAN_POINT('',(-4.775,0.4020588235294,4.1));
#8914=CARTESIAN_POINT('',(-4.775,0.75,3.45));
#8915=CARTESIAN_POINT('',(-4.775,0.4020588235294,4.1));
#8916=VECTOR('',#10797,0.7372672936485);
#8917=CARTESIAN_POINT('',(-4.775,0.4020588235294,4.1));
#8918=VECTOR('',#10798,0.4020588235294);
#8919=CARTESIAN_POINT('',(-4.775,0.55,0.95));
#8920=CARTESIAN_POINT('',(-4.775,0.0,0.95));
#8921=VECTOR('',#10799,0.55);
#8922=CARTESIAN_POINT('',(-4.775,0.55,3.15));
#8923=CARTESIAN_POINT('',(-4.775,0.55,0.95));
#8924=VECTOR('',#10800,2.2);
#8925=CARTESIAN_POINT('',(-4.775,0.75,3.35));
#8926=AXIS2_PLACEMENT_3D('',#10801,#10802,#10803);
#8927=CARTESIAN_POINT('',(-4.775,0.75,3.45));
#8928=VECTOR('',#10804,0.1);
#8929=CARTESIAN_POINT('',(-4.775,1.9,0.95));
#8930=CARTESIAN_POINT('',(-4.775,2.55,0.95));
#8931=CARTESIAN_POINT('',(-4.775,1.9,0.95));
#8932=VECTOR('',#10805,0.65);
#8933=CARTESIAN_POINT('',(-4.775,2.55,4.1));
#8934=CARTESIAN_POINT('',(-4.775,2.55,4.1));
#8935=VECTOR('',#10806,3.15);
#8936=CARTESIAN_POINT('',(-4.775,2.45,4.1));
#8937=CARTESIAN_POINT('',(-4.775,2.55,4.1));
#8938=VECTOR('',#10807,0.1);
#8939=CARTESIAN_POINT('',(-4.775,2.45,3.15));
#8940=CARTESIAN_POINT('',(-4.775,2.45,4.1));
#8941=VECTOR('',#10808,0.95);
#8942=CARTESIAN_POINT('',(-4.775,1.9,3.15));
#8943=CARTESIAN_POINT('',(-4.775,1.9,3.15));
#8944=VECTOR('',#10809,0.55);
#8945=CARTESIAN_POINT('',(-4.775,1.9,1.599916643506));
#8946=CARTESIAN_POINT('',(-4.775,1.9,1.599916643506));
#8947=VECTOR('',#10810,1.550083356494);
#8948=CARTESIAN_POINT('',(-4.775,1.9,1.300083356494));
#8949=AXIS2_PLACEMENT_3D('',#10811,#10812,#10813);
#8950=CARTESIAN_POINT('',(-4.775,1.9,0.95));
#8951=VECTOR('',#10814,0.3500833564944);
#8952=CARTESIAN_POINT('',(-4.175,0.75,1.15));
#8953=CARTESIAN_POINT('',(-4.175,0.75,3.45));
#8954=CARTESIAN_POINT('',(-4.175,0.75,1.15));
#8955=VECTOR('',#10815,2.3);
#8956=CARTESIAN_POINT('',(-4.775,0.75,3.45));
#8957=VECTOR('',#10816,0.6);
#8958=CARTESIAN_POINT('',(-4.775,0.75,3.35));
#8959=VECTOR('',#10817,0.2);
#8960=CARTESIAN_POINT('',(-4.975,0.75,1.15));
#8961=CARTESIAN_POINT('',(-4.975,0.75,3.35));
#8962=VECTOR('',#10818,2.2);
#8963=CARTESIAN_POINT('',(-5.275,0.75,1.15));
#8964=CARTESIAN_POINT('',(-5.275,0.75,1.15));
#8965=VECTOR('',#10819,0.3);
#8966=CARTESIAN_POINT('',(-5.175,0.75,1.05));
#8967=CARTESIAN_POINT('',(-5.275,0.75,1.15));
#8968=VECTOR('',#10820,0.1414213562373);
#8969=CARTESIAN_POINT('',(-4.275,0.75,1.05));
#8970=CARTESIAN_POINT('',(-4.275,0.75,1.05));
#8971=VECTOR('',#10821,0.9);
#8972=CARTESIAN_POINT('',(-4.275,0.75,1.05));
#8973=VECTOR('',#10822,0.1414213562373);
#8974=CARTESIAN_POINT('',(-4.175,1.65,1.15));
#8975=CARTESIAN_POINT('',(-4.475,1.65,0.85));
#8976=CARTESIAN_POINT('',(-4.175,1.65,1.15));
#8977=VECTOR('',#10823,0.4242640687119);
#8978=CARTESIAN_POINT('',(-4.175,0.75,1.15));
#8979=VECTOR('',#10824,0.9);
#8980=CARTESIAN_POINT('',(-4.475,0.9,0.85));
#8981=CARTESIAN_POINT('',(-4.475,0.9,0.85));
#8982=VECTOR('',#10825,0.3201562118716);
#8983=CARTESIAN_POINT('',(-4.475,0.9,0.85));
#8984=VECTOR('',#10826,0.75);
#8985=CARTESIAN_POINT('',(-4.975,0.9,0.85));
#8986=CARTESIAN_POINT('',(-4.475,0.9,0.85));
#8987=VECTOR('',#10827,0.5);
#8988=CARTESIAN_POINT('',(-4.975,1.65,0.85));
#8989=CARTESIAN_POINT('',(-4.975,1.65,0.85));
#8990=VECTOR('',#10828,0.75);
#8991=CARTESIAN_POINT('',(-4.475,1.65,0.85));
#8992=VECTOR('',#10829,0.5);
#8993=CARTESIAN_POINT('',(-5.275,1.65,1.4));
#8994=CARTESIAN_POINT('',(-4.975,1.65,1.4));
#8995=CARTESIAN_POINT('',(-5.275,1.65,1.4));
#8996=VECTOR('',#10830,0.3);
#8997=CARTESIAN_POINT('',(-4.975,1.65,1.3));
#8998=CARTESIAN_POINT('',(-4.975,1.65,1.3));
#8999=VECTOR('',#10831,0.1);
#9000=CARTESIAN_POINT('',(-4.475,1.65,1.3));
#9001=CARTESIAN_POINT('',(-4.975,1.65,1.3));
#9002=VECTOR('',#10832,0.5);
#9003=CARTESIAN_POINT('',(-4.475,1.65,1.3));
#9004=VECTOR('',#10833,0.45);
#9005=CARTESIAN_POINT('',(-5.275,1.65,1.15));
#9006=CARTESIAN_POINT('',(-4.975,1.65,0.85));
#9007=VECTOR('',#10834,0.4242640687119);
#9008=CARTESIAN_POINT('',(-5.275,1.65,1.15));
#9009=VECTOR('',#10835,0.25);
#9010=CARTESIAN_POINT('',(-5.275,0.9,2.05));
#9011=CARTESIAN_POINT('',(-5.275,0.9,2.05));
#9012=VECTOR('',#10836,0.9124143795447);
#9013=CARTESIAN_POINT('',(-5.275,1.0,2.05));
#9014=CARTESIAN_POINT('',(-5.275,1.0,2.05));
#9015=VECTOR('',#10837,0.1);
#9016=CARTESIAN_POINT('',(-5.275,1.65,1.4));
#9017=VECTOR('',#10838,0.9192388155425);
#9018=CARTESIAN_POINT('',(-5.275,1.65,1.15));
#9019=VECTOR('',#10839,0.9);
#9020=CARTESIAN_POINT('',(-4.975,0.9,0.85));
#9021=VECTOR('',#10840,0.3201562118716);
#9022=CARTESIAN_POINT('',(-4.975,1.0,2.05));
#9023=CARTESIAN_POINT('',(-5.275,1.0,2.05));
#9024=VECTOR('',#10841,0.3);
#9025=CARTESIAN_POINT('',(-4.975,1.65,1.4));
#9026=VECTOR('',#10842,0.9192388155425);
#9027=CARTESIAN_POINT('',(-4.975,1.895,4.1));
#9028=CARTESIAN_POINT('',(-4.975,1.895,4.3));
#9029=VECTOR('',#10843,0.2);
#9030=CARTESIAN_POINT('',(-4.975,0.4020588235294,4.1));
#9031=CARTESIAN_POINT('',(-4.975,1.895,4.1));
#9032=VECTOR('',#10844,1.492941176471);
#9033=CARTESIAN_POINT('',(-4.975,0.4020588235294,4.1));
#9034=VECTOR('',#10845,0.2268514749688);
#9035=CARTESIAN_POINT('',(-4.975,0.9,2.05));
#9036=CARTESIAN_POINT('',(-4.975,0.9,2.05));
#9037=VECTOR('',#10846,0.9124143795447);
#9038=CARTESIAN_POINT('',(-4.975,0.75,3.35));
#9039=VECTOR('',#10847,0.95);
#9040=CARTESIAN_POINT('',(-4.975,1.895,3.194440972087));
#9041=AXIS2_PLACEMENT_3D('',#10848,#10849,#10850);
#9042=CARTESIAN_POINT('',(-4.975,1.895,1.6));
#9043=CARTESIAN_POINT('',(-4.975,1.895,3.194440972087));
#9044=VECTOR('',#10851,1.594440972087);
#9045=CARTESIAN_POINT('',(-4.975,1.9,1.599916643506));
#9046=AXIS2_PLACEMENT_3D('',#10852,#10853,#10854);
#9047=CARTESIAN_POINT('',(-4.975,1.9,1.300083356494));
#9048=CARTESIAN_POINT('',(-4.975,1.9,1.599916643506));
#9049=VECTOR('',#10855,0.2998332870113);
#9050=CARTESIAN_POINT('',(-4.975,1.895,1.3));
#9051=AXIS2_PLACEMENT_3D('',#10856,#10857,#10858);
#9052=CARTESIAN_POINT('',(-4.975,1.895,1.3));
#9053=VECTOR('',#10859,0.245);
#9054=CARTESIAN_POINT('',(-4.975,1.0,2.05));
#9055=VECTOR('',#10860,0.1);
#9056=CARTESIAN_POINT('',(-4.975,1.095,3.3));
#9057=CARTESIAN_POINT('',(-4.975,1.695,3.3));
#9058=CARTESIAN_POINT('',(-4.975,1.095,3.3));
#9059=VECTOR('',#10861,0.6);
#9060=CARTESIAN_POINT('',(-4.975,1.095,2.55));
#9061=CARTESIAN_POINT('',(-4.975,1.095,3.3));
#9062=VECTOR('',#10862,0.75);
#9063=CARTESIAN_POINT('',(-4.975,1.695,2.55));
#9064=CARTESIAN_POINT('',(-4.975,1.095,2.55));
#9065=VECTOR('',#10863,0.6);
#9066=CARTESIAN_POINT('',(-4.975,1.695,3.3));
#9067=VECTOR('',#10864,0.75);
#9068=CARTESIAN_POINT('',(-4.775,0.4020588235294,4.1));
#9069=VECTOR('',#10865,0.2);
#9070=CARTESIAN_POINT('',(-4.175,0.6,3.73021978022));
#9071=CARTESIAN_POINT('',(-4.175,0.75,3.45));
#9072=VECTOR('',#10866,0.3178413522914);
#9073=CARTESIAN_POINT('',(-4.475,0.6,3.73021978022));
#9074=CARTESIAN_POINT('',(-4.475,0.6,3.73021978022));
#9075=VECTOR('',#10867,0.3);
#9076=CARTESIAN_POINT('',(-4.475,0.4020588235294,4.1));
#9077=CARTESIAN_POINT('',(-4.475,0.6,3.73021978022));
#9078=VECTOR('',#10868,0.4194259413571);
#9079=CARTESIAN_POINT('',(-4.175,0.4020588235294,4.1));
#9080=CARTESIAN_POINT('',(-4.175,0.4020588235294,4.1));
#9081=VECTOR('',#10869,0.3);
#9082=CARTESIAN_POINT('',(-4.175,0.4020588235294,4.1));
#9083=VECTOR('',#10870,0.2268514749688);
#9084=CARTESIAN_POINT('',(-4.175,1.65,3.1));
#9085=CARTESIAN_POINT('',(-4.175,1.65,1.15));
#9086=VECTOR('',#10871,1.95);
#9087=CARTESIAN_POINT('',(-4.175,1.65,3.1));
#9088=VECTOR('',#10872,0.65);
#9089=CARTESIAN_POINT('',(-4.175,0.6,4.1));
#9090=CARTESIAN_POINT('',(-4.175,0.6,4.1));
#9091=VECTOR('',#10873,0.1979411764706);
#9092=CARTESIAN_POINT('',(-4.175,0.6,4.1));
#9093=VECTOR('',#10874,0.3697802197802);
#9094=CARTESIAN_POINT('',(-4.075,0.6,4.1));
#9095=CARTESIAN_POINT('',(-4.075,0.6,4.1));
#9096=VECTOR('',#10875,0.1);
#9097=CARTESIAN_POINT('',(-4.075,0.6,0.0));
#9098=CARTESIAN_POINT('',(-4.075,0.6,0.0));
#9099=VECTOR('',#10876,4.1);
#9100=CARTESIAN_POINT('',(-4.475,0.6,0.0));
#9101=CARTESIAN_POINT('',(-4.075,0.6,0.0));
#9102=VECTOR('',#10877,0.4);
#9103=CARTESIAN_POINT('',(-4.475,0.6,3.73021978022));
#9104=VECTOR('',#10878,3.73021978022);
#9105=CARTESIAN_POINT('',(-4.475,0.55,0.0));
#9106=CARTESIAN_POINT('',(-4.475,0.6,0.0));
#9107=VECTOR('',#10879,0.05);
#9108=CARTESIAN_POINT('',(-4.475,0.55,0.95));
#9109=CARTESIAN_POINT('',(-4.475,0.55,0.0));
#9110=VECTOR('',#10880,0.95);
#9111=CARTESIAN_POINT('',(-4.475,0.0,0.95));
#9112=VECTOR('',#10881,0.55);
#9113=CARTESIAN_POINT('',(-4.475,0.4020588235294,4.1));
#9114=VECTOR('',#10882,0.4020588235294);
#9115=CARTESIAN_POINT('',(-4.475,1.895,1.3));
#9116=CARTESIAN_POINT('',(-4.475,1.895,1.3));
#9117=VECTOR('',#10883,0.245);
#9118=CARTESIAN_POINT('',(-4.475,1.895,1.6));
#9119=AXIS2_PLACEMENT_3D('',#10884,#10885,#10886);
#9120=CARTESIAN_POINT('',(-4.475,1.895,4.3));
#9121=VECTOR('',#10887,2.7);
#9122=CARTESIAN_POINT('',(-4.475,3.0,1.57));
#9123=VECTOR('',#10888,0.3);
#9124=CARTESIAN_POINT('',(-4.475,2.55,0.8));
#9125=CARTESIAN_POINT('',(-4.475,2.7,0.8));
#9126=VECTOR('',#10889,0.15);
#9127=CARTESIAN_POINT('',(-4.475,2.55,0.95));
#9128=CARTESIAN_POINT('',(-4.475,2.55,0.95));
#9129=VECTOR('',#10890,0.15);
#9130=CARTESIAN_POINT('',(-4.475,1.9,0.95));
#9131=CARTESIAN_POINT('',(-4.475,1.9,0.95));
#9132=VECTOR('',#10891,0.65);
#9133=CARTESIAN_POINT('',(-4.475,1.9,0.0));
#9134=CARTESIAN_POINT('',(-4.475,1.9,0.0));
#9135=VECTOR('',#10892,0.95);
#9136=CARTESIAN_POINT('',(-4.475,1.65,0.0));
#9137=CARTESIAN_POINT('',(-4.475,1.9,0.0));
#9138=VECTOR('',#10893,0.25);
#9139=CARTESIAN_POINT('',(-4.475,1.65,0.0));
#9140=VECTOR('',#10894,0.85);
#9141=CARTESIAN_POINT('',(-4.975,2.45,4.1));
#9142=CARTESIAN_POINT('',(-4.975,2.45,4.1));
#9143=VECTOR('',#10895,0.555);
#9144=CARTESIAN_POINT('',(-4.775,2.45,4.1));
#9145=VECTOR('',#10896,0.2);
#9146=CARTESIAN_POINT('',(-5.5,2.55,4.1));
#9147=VECTOR('',#10897,0.725);
#9148=CARTESIAN_POINT('',(-4.075,0.0,4.1));
#9149=VECTOR('',#10898,0.6);
#9150=CARTESIAN_POINT('',(-4.625,2.55,0.8));
#9151=AXIS2_PLACEMENT_3D('',#10899,#10900,#10901);
#9152=CARTESIAN_POINT('',(-4.625,2.55,0.8));
#9153=VECTOR('',#10902,0.875);
#9154=CARTESIAN_POINT('',(5.5,2.55,0.8));
#9155=CARTESIAN_POINT('',(4.625,2.55,0.8));
#9156=CARTESIAN_POINT('',(5.5,2.55,0.8));
#9157=VECTOR('',#10903,0.875);
#9158=AXIS2_PLACEMENT_3D('',#10904,#10905,#10906);
#9159=CARTESIAN_POINT('',(5.5,2.55,4.1));
#9160=VECTOR('',#10907,3.3);
#9161=CARTESIAN_POINT('',(4.625,2.55,0.8));
#9162=VECTOR('',#10908,0.15);
#9163=AXIS2_PLACEMENT_3D('',#10909,#10910,#10911);
#9164=CARTESIAN_POINT('',(-4.475,2.55,0.8));
#9165=VECTOR('',#10912,0.15);
#9166=AXIS2_PLACEMENT_3D('',#10913,#10914,#10915);
#9167=AXIS2_PLACEMENT_3D('',#10916,#10917,#10918);
#9168=AXIS2_PLACEMENT_3D('',#10919,#10920,#10921);
#9169=CARTESIAN_POINT('',(-5.5,0.55,0.0));
#9170=VECTOR('',#10922,1.025);
#9171=CARTESIAN_POINT('',(-5.5,0.55,3.15));
#9172=VECTOR('',#10923,0.725);
#9173=CARTESIAN_POINT('',(5.5,1.9,0.0));
#9174=CARTESIAN_POINT('',(5.5,1.9,0.0));
#9175=VECTOR('',#10924,0.8);
#9176=CARTESIAN_POINT('',(5.5,1.9,0.0));
#9177=VECTOR('',#10925,1.025);
#9178=CARTESIAN_POINT('',(4.075,1.65,0.0));
#9179=CARTESIAN_POINT('',(4.075,1.65,0.0));
#9180=VECTOR('',#10926,0.4);
#9181=CARTESIAN_POINT('',(4.075,0.6,0.0));
#9182=CARTESIAN_POINT('',(4.075,0.6,0.0));
#9183=VECTOR('',#10927,1.05);
#9184=CARTESIAN_POINT('',(4.475,0.6,0.0));
#9185=VECTOR('',#10928,0.4);
#9186=CARTESIAN_POINT('',(5.5,0.55,0.0));
#9187=CARTESIAN_POINT('',(5.5,0.55,0.0));
#9188=VECTOR('',#10929,1.025);
#9189=CARTESIAN_POINT('',(5.5,0.0,0.0));
#9190=VECTOR('',#10930,0.55);
#9191=CARTESIAN_POINT('',(-4.075,1.65,0.0));
#9192=CARTESIAN_POINT('',(-4.075,1.65,0.0));
#9193=VECTOR('',#10931,1.05);
#9194=CARTESIAN_POINT('',(-4.475,1.65,0.0));
#9195=VECTOR('',#10932,0.4);
#9196=CARTESIAN_POINT('',(-5.5,1.9,0.0));
#9197=VECTOR('',#10933,1.025);
#9198=CARTESIAN_POINT('',(-4.775,1.9,1.599916643506));
#9199=VECTOR('',#10934,0.2);
#9200=CARTESIAN_POINT('',(-4.975,1.9,3.15));
#9201=CARTESIAN_POINT('',(-4.775,1.9,3.15));
#9202=VECTOR('',#10935,0.2);
#9203=CARTESIAN_POINT('',(-4.975,1.9,3.15));
#9204=VECTOR('',#10936,0.525);
#9205=CARTESIAN_POINT('',(-4.775,1.9,1.300083356494));
#9206=VECTOR('',#10937,0.2);
#9207=CARTESIAN_POINT('',(-4.975,1.895,1.6));
#9208=VECTOR('',#10938,0.5);
#9209=CARTESIAN_POINT('',(-4.975,1.895,1.3));
#9210=VECTOR('',#10939,0.5);
#9211=CARTESIAN_POINT('',(-4.975,1.895,3.194440972087));
#9212=VECTOR('',#10940,0.9055590279134);
#9213=AXIS2_PLACEMENT_3D('',#10941,#10942,#10943);
#9214=CARTESIAN_POINT('',(-4.975,2.45,3.15));
#9215=CARTESIAN_POINT('',(-4.975,2.45,3.15));
#9216=VECTOR('',#10944,0.55);
#9217=CARTESIAN_POINT('',(-4.975,2.45,4.1));
#9218=VECTOR('',#10945,0.95);
#9219=CARTESIAN_POINT('',(-4.775,2.45,3.15));
#9220=VECTOR('',#10946,0.2);
#9221=CARTESIAN_POINT('',(4.975,2.45,3.15));
#9222=VECTOR('',#10947,0.2);
#9223=CARTESIAN_POINT('',(4.775,1.9,3.15));
#9224=VECTOR('',#10948,0.2);
#9225=CARTESIAN_POINT('',(4.975,1.9,1.300083356494));
#9226=VECTOR('',#10949,0.2);
#9227=AXIS2_PLACEMENT_3D('',#10950,#10951,#10952);
#9228=CARTESIAN_POINT('',(5.5,1.9,0.0));
#9229=VECTOR('',#10953,3.15);
#9230=CARTESIAN_POINT('',(4.975,1.9,1.599916643506));
#9231=VECTOR('',#10954,0.2);
#9232=CARTESIAN_POINT('',(4.975,1.895,1.3));
#9233=VECTOR('',#10955,0.5);
#9234=CARTESIAN_POINT('',(5.5,2.7,0.8));
#9235=VECTOR('',#10956,0.15);
#9236=CARTESIAN_POINT('',(5.5,0.55,0.0));
#9237=VECTOR('',#10957,3.15);
#9238=AXIS2_PLACEMENT_3D('',#10958,#10959,#10960);
#9239=CARTESIAN_POINT('',(-4.075,1.65,3.0));
#9240=CARTESIAN_POINT('',(-4.075,1.65,0.0));
#9241=VECTOR('',#10961,3.0);
#9242=CARTESIAN_POINT('',(-3.525,1.65,3.0));
#9243=CARTESIAN_POINT('',(-4.075,1.65,3.0));
#9244=VECTOR('',#10962,0.55);
#9245=CARTESIAN_POINT('',(-3.525,1.65,3.1));
#9246=CARTESIAN_POINT('',(-3.525,1.65,3.1));
#9247=VECTOR('',#10963,0.1);
#9248=CARTESIAN_POINT('',(-3.525,1.65,3.1));
#9249=VECTOR('',#10964,0.65);
#9250=CARTESIAN_POINT('',(3.525,1.65,3.1));
#9251=CARTESIAN_POINT('',(4.175,1.65,3.1));
#9252=VECTOR('',#10965,0.65);
#9253=CARTESIAN_POINT('',(3.525,1.65,3.0));
#9254=CARTESIAN_POINT('',(3.525,1.65,3.1));
#9255=VECTOR('',#10966,0.1);
#9256=CARTESIAN_POINT('',(4.075,1.65,3.0));
#9257=CARTESIAN_POINT('',(3.525,1.65,3.0));
#9258=VECTOR('',#10967,0.55);
#9259=CARTESIAN_POINT('',(4.075,1.65,0.0));
#9260=VECTOR('',#10968,3.0);
#9261=CARTESIAN_POINT('',(-3.425,1.7,3.1));
#9262=CARTESIAN_POINT('',(-3.425,1.7,3.1));
#9263=VECTOR('',#10969,0.7);
#9264=CARTESIAN_POINT('',(-3.525,1.7,3.1));
#9265=CARTESIAN_POINT('',(-3.525,1.65,3.1));
#9266=VECTOR('',#10970,0.05000000000001);
#9267=CARTESIAN_POINT('',(-3.425,1.7,3.1));
#9268=VECTOR('',#10971,0.1);
#9269=CARTESIAN_POINT('',(-3.6,1.7,5.4));
#9270=CARTESIAN_POINT('',(-3.6,1.7,5.4));
#9271=VECTOR('',#10972,1.1);
#9272=CARTESIAN_POINT('',(3.6,1.7,5.4));
#9273=CARTESIAN_POINT('',(-3.6,1.7,5.4));
#9274=VECTOR('',#10973,7.2);
#9275=CARTESIAN_POINT('',(3.6,1.7,5.4));
#9276=VECTOR('',#10974,1.1);
#9277=CARTESIAN_POINT('',(3.525,1.7,3.1));
#9278=CARTESIAN_POINT('',(3.525,1.7,4.3));
#9279=VECTOR('',#10975,1.2);
#9280=CARTESIAN_POINT('',(3.425,1.7,3.1));
#9281=CARTESIAN_POINT('',(3.525,1.7,3.1));
#9282=VECTOR('',#10976,0.1);
#9283=CARTESIAN_POINT('',(3.425,1.7,2.85));
#9284=CARTESIAN_POINT('',(3.425,1.7,3.1));
#9285=VECTOR('',#10977,0.25);
#9286=CARTESIAN_POINT('',(3.225,1.7,2.65));
#9287=CARTESIAN_POINT('',(3.425,1.7,2.85));
#9288=VECTOR('',#10978,0.2828427124746);
#9289=CARTESIAN_POINT('',(-3.225,1.7,2.65));
#9290=CARTESIAN_POINT('',(3.225,1.7,2.65));
#9291=VECTOR('',#10979,6.45);
#9292=CARTESIAN_POINT('',(-3.425,1.7,2.85));
#9293=CARTESIAN_POINT('',(-3.225,1.7,2.65));
#9294=VECTOR('',#10980,0.2828427124746);
#9295=CARTESIAN_POINT('',(-3.425,1.7,2.85));
#9296=VECTOR('',#10981,0.25);
#9297=CARTESIAN_POINT('',(-3.525,1.7,4.3));
#9298=VECTOR('',#10982,1.2);
#9299=CARTESIAN_POINT('',(-1.675,1.7,3.422094720129));
#9300=CARTESIAN_POINT('',(-1.325,1.7,3.422094720129));
#9301=CARTESIAN_POINT('',(-1.675,1.7,3.422094720129));
#9302=VECTOR('',#10983,0.35);
#9303=CARTESIAN_POINT('',(-1.325,1.7,3.542539553807));
#9304=CARTESIAN_POINT('',(-1.325,1.7,3.542539553807));
#9305=VECTOR('',#10984,0.1204448336779);
#9306=CARTESIAN_POINT('',(-1.675,1.7,3.542539553807));
#9307=CARTESIAN_POINT('',(-1.675,1.7,3.542539553807));
#9308=VECTOR('',#10985,0.35);
#9309=CARTESIAN_POINT('',(-1.675,1.7,3.542539553807));
#9310=VECTOR('',#10986,0.1204448336779);
#9311=CARTESIAN_POINT('',(-0.675,1.7,3.422094720129));
#9312=CARTESIAN_POINT('',(-0.325,1.7,3.422094720129));
#9313=CARTESIAN_POINT('',(-0.675,1.7,3.422094720129));
#9314=VECTOR('',#10987,0.35);
#9315=CARTESIAN_POINT('',(-0.325,1.7,3.542539553807));
#9316=CARTESIAN_POINT('',(-0.325,1.7,3.542539553807));
#9317=VECTOR('',#10988,0.1204448336779);
#9318=CARTESIAN_POINT('',(-0.675,1.7,3.542539553807));
#9319=CARTESIAN_POINT('',(-0.675,1.7,3.542539553807));
#9320=VECTOR('',#10989,0.35);
#9321=CARTESIAN_POINT('',(-0.675,1.7,3.542539553807));
#9322=VECTOR('',#10990,0.1204448336779);
#9323=CARTESIAN_POINT('',(0.325,1.7,3.422094720129));
#9324=CARTESIAN_POINT('',(0.675,1.7,3.422094720129));
#9325=CARTESIAN_POINT('',(0.325,1.7,3.422094720129));
#9326=VECTOR('',#10991,0.35);
#9327=CARTESIAN_POINT('',(0.675,1.7,3.542539553807));
#9328=CARTESIAN_POINT('',(0.675,1.7,3.542539553807));
#9329=VECTOR('',#10992,0.1204448336779);
#9330=CARTESIAN_POINT('',(0.325,1.7,3.542539553807));
#9331=CARTESIAN_POINT('',(0.325,1.7,3.542539553807));
#9332=VECTOR('',#10993,0.35);
#9333=CARTESIAN_POINT('',(0.325,1.7,3.542539553807));
#9334=VECTOR('',#10994,0.1204448336779);
#9335=CARTESIAN_POINT('',(1.325,1.7,3.422094720129));
#9336=CARTESIAN_POINT('',(1.675,1.7,3.422094720129));
#9337=CARTESIAN_POINT('',(1.325,1.7,3.422094720129));
#9338=VECTOR('',#10995,0.35);
#9339=CARTESIAN_POINT('',(1.675,1.7,3.542539553807));
#9340=CARTESIAN_POINT('',(1.675,1.7,3.542539553807));
#9341=VECTOR('',#10996,0.1204448336779);
#9342=CARTESIAN_POINT('',(1.325,1.7,3.542539553807));
#9343=CARTESIAN_POINT('',(1.325,1.7,3.542539553807));
#9344=VECTOR('',#10997,0.35);
#9345=CARTESIAN_POINT('',(1.325,1.7,3.542539553807));
#9346=VECTOR('',#10998,0.1204448336779);
#9347=CARTESIAN_POINT('',(2.325,1.7,3.422094720129));
#9348=CARTESIAN_POINT('',(2.675,1.7,3.422094720129));
#9349=CARTESIAN_POINT('',(2.325,1.7,3.422094720129));
#9350=VECTOR('',#10999,0.35);
#9351=CARTESIAN_POINT('',(2.675,1.7,3.542539553807));
#9352=CARTESIAN_POINT('',(2.675,1.7,3.542539553807));
#9353=VECTOR('',#11000,0.1204448336779);
#9354=CARTESIAN_POINT('',(2.325,1.7,3.542539553807));
#9355=CARTESIAN_POINT('',(2.325,1.7,3.542539553807));
#9356=VECTOR('',#11001,0.35);
#9357=CARTESIAN_POINT('',(2.325,1.7,3.542539553807));
#9358=VECTOR('',#11002,0.1204448336779);
#9359=CARTESIAN_POINT('',(-2.675,1.7,3.422094720129));
#9360=CARTESIAN_POINT('',(-2.325,1.7,3.422094720129));
#9361=CARTESIAN_POINT('',(-2.675,1.7,3.422094720129));
#9362=VECTOR('',#11003,0.35);
#9363=CARTESIAN_POINT('',(-2.325,1.7,3.542539553807));
#9364=CARTESIAN_POINT('',(-2.325,1.7,3.542539553807));
#9365=VECTOR('',#11004,0.1204448336779);
#9366=CARTESIAN_POINT('',(-2.675,1.7,3.542539553807));
#9367=CARTESIAN_POINT('',(-2.675,1.7,3.542539553807));
#9368=VECTOR('',#11005,0.35);
#9369=CARTESIAN_POINT('',(-2.675,1.7,3.542539553807));
#9370=VECTOR('',#11006,0.1204448336779);
#9371=CARTESIAN_POINT('',(-2.675,2.973182754086,0.15));
#9372=CARTESIAN_POINT('',(-2.675,2.7,0.15));
#9373=VECTOR('',#11007,0.2731827540858);
#9374=CARTESIAN_POINT('',(-2.675,3.0,-0.003723435466664));
#9375=AXIS2_PLACEMENT_3D('',#11008,#11009,#11010);
#9376=CARTESIAN_POINT('',(-2.675,3.0,-2.0));
#9377=CARTESIAN_POINT('',(-2.675,3.0,-2.0));
#9378=VECTOR('',#11011,1.996276564533);
#9379=CARTESIAN_POINT('',(-2.675,2.75,-2.0));
#9380=CARTESIAN_POINT('',(-2.675,2.75,-2.0));
#9381=VECTOR('',#11012,0.25);
#9382=CARTESIAN_POINT('',(-2.675,2.75,0.01251329168308));
#9383=CARTESIAN_POINT('',(-2.675,2.75,0.01251329168308));
#9384=VECTOR('',#11013,2.012513291683);
#9385=AXIS2_PLACEMENT_3D('',#11014,#11015,#11016);
#9386=CARTESIAN_POINT('',(-2.675,0.95,2.05));
#9387=CARTESIAN_POINT('',(-2.675,0.95,4.020630011513));
#9388=CARTESIAN_POINT('',(-2.675,0.95,2.05));
#9389=VECTOR('',#11017,1.970630011513);
#9390=CARTESIAN_POINT('',(-2.675,0.9766,3.886));
#9391=AXIS2_PLACEMENT_3D('',#11018,#11019,#11020);
#9392=CARTESIAN_POINT('',(-2.675,0.9766,2.0234));
#9393=CARTESIAN_POINT('',(-2.675,0.9766,2.0234));
#9394=VECTOR('',#11021,1.8626);
#9395=CARTESIAN_POINT('',(-2.675,0.9766,2.0234));
#9396=VECTOR('',#11022,0.03761808075912);
#9397=CARTESIAN_POINT('',(-2.675,1.701875605391,3.545462254114));
#9398=AXIS2_PLACEMENT_3D('',#11023,#11024,#11025);
#9399=CARTESIAN_POINT('',(-2.675,1.95,3.917724115776));
#9400=CARTESIAN_POINT('',(-2.675,1.95,3.917724115776));
#9401=VECTOR('',#11026,0.4473752438934);
#9402=CARTESIAN_POINT('',(-2.675,1.95,3.466967102749));
#9403=CARTESIAN_POINT('',(-2.675,1.95,3.466967102749));
#9404=VECTOR('',#11027,0.4507570130273);
#9405=CARTESIAN_POINT('',(-2.675,1.947814528267,3.463688232176));
#9406=CARTESIAN_POINT('',(-2.675,1.947814528267,3.463688232176));
#9407=VECTOR('',#11028,0.00394046684113);
#9408=CARTESIAN_POINT('',(-2.675,1.95,3.455707855273));
#9409=CARTESIAN_POINT('',(-2.675,1.95,3.455707855273));
#9410=VECTOR('',#11029,0.008274219130036);
#9411=CARTESIAN_POINT('',(-2.675,1.95,2.509205207095));
#9412=CARTESIAN_POINT('',(-2.675,1.95,2.509205207095));
#9413=VECTOR('',#11030,0.9465026481781);
#9414=CARTESIAN_POINT('',(-2.675,1.7,3.422094720129));
#9415=VECTOR('',#11031,0.9465026481781);
#9416=CARTESIAN_POINT('',(-2.325,2.75,0.01251329168308));
#9417=CARTESIAN_POINT('',(-2.675,2.75,0.01251329168308));
#9418=VECTOR('',#11032,0.35);
#9419=AXIS2_PLACEMENT_3D('',#11033,#11034,#11035);
#9420=CARTESIAN_POINT('',(-2.325,2.75,-2.0));
#9421=CARTESIAN_POINT('',(-2.325,2.75,0.01251329168308));
#9422=VECTOR('',#11036,2.012513291683);
#9423=CARTESIAN_POINT('',(-2.325,3.0,-2.0));
#9424=CARTESIAN_POINT('',(-2.325,2.75,-2.0));
#9425=VECTOR('',#11037,0.25);
#9426=CARTESIAN_POINT('',(-2.325,3.0,-0.003723435466664));
#9427=CARTESIAN_POINT('',(-2.325,3.0,-2.0));
#9428=VECTOR('',#11038,1.996276564533);
#9429=CARTESIAN_POINT('',(-2.325,2.973182754086,0.15));
#9430=AXIS2_PLACEMENT_3D('',#11039,#11040,#11041);
#9431=CARTESIAN_POINT('',(-2.325,2.7,0.15));
#9432=VECTOR('',#11042,0.2731827540858);
#9433=CARTESIAN_POINT('',(-2.325,0.9766,2.0234));
#9434=CARTESIAN_POINT('',(-2.325,0.9766,3.886));
#9435=CARTESIAN_POINT('',(-2.325,0.9766,2.0234));
#9436=VECTOR('',#11043,1.8626);
#9437=CARTESIAN_POINT('',(-2.325,0.95,4.020630011513));
#9438=AXIS2_PLACEMENT_3D('',#11044,#11045,#11046);
#9439=CARTESIAN_POINT('',(-2.325,0.95,2.05));
#9440=CARTESIAN_POINT('',(-2.325,0.95,2.05));
#9441=VECTOR('',#11047,1.970630011513);
#9442=CARTESIAN_POINT('',(-2.325,0.9766,2.0234));
#9443=VECTOR('',#11048,0.03761808075912);
#9444=CARTESIAN_POINT('',(-2.325,1.95,2.509205207095));
#9445=CARTESIAN_POINT('',(-2.325,1.7,3.422094720129));
#9446=VECTOR('',#11049,0.9465026481781);
#9447=CARTESIAN_POINT('',(-2.325,1.95,3.455707855273));
#9448=CARTESIAN_POINT('',(-2.325,1.95,2.509205207095));
#9449=VECTOR('',#11050,0.9465026481781);
#9450=CARTESIAN_POINT('',(-2.325,1.947814528267,3.463688232176));
#9451=CARTESIAN_POINT('',(-2.325,1.95,3.455707855273));
#9452=VECTOR('',#11051,0.008274219130036);
#9453=CARTESIAN_POINT('',(-2.325,1.95,3.466967102749));
#9454=CARTESIAN_POINT('',(-2.325,1.947814528267,3.463688232176));
#9455=VECTOR('',#11052,0.00394046684113);
#9456=CARTESIAN_POINT('',(-2.325,1.95,3.917724115776));
#9457=CARTESIAN_POINT('',(-2.325,1.95,3.466967102749));
#9458=VECTOR('',#11053,0.4507570130273);
#9459=CARTESIAN_POINT('',(-2.325,1.701875605391,3.545462254114));
#9460=CARTESIAN_POINT('',(-2.325,1.95,3.917724115776));
#9461=VECTOR('',#11054,0.4473752438934);
#9462=AXIS2_PLACEMENT_3D('',#11055,#11056,#11057);
#9463=CARTESIAN_POINT('',(4.65,2.7,0.15));
#9464=VECTOR('',#11058,0.3);
#9465=CARTESIAN_POINT('',(2.675,2.973182754086,0.15));
#9466=CARTESIAN_POINT('',(2.675,2.7,0.15));
#9467=VECTOR('',#11059,0.2731827540858);
#9468=CARTESIAN_POINT('',(2.325,2.973182754086,0.15));
#9469=CARTESIAN_POINT('',(2.325,2.973182754086,0.15));
#9470=VECTOR('',#11060,0.35);
#9471=CARTESIAN_POINT('',(2.325,2.7,0.15));
#9472=VECTOR('',#11061,0.2731827540858);
#9473=CARTESIAN_POINT('',(1.675,2.973182754086,0.15));
#9474=CARTESIAN_POINT('',(1.675,2.7,0.15));
#9475=VECTOR('',#11062,0.2731827540858);
#9476=CARTESIAN_POINT('',(1.325,2.973182754086,0.15));
#9477=CARTESIAN_POINT('',(1.325,2.973182754086,0.15));
#9478=VECTOR('',#11063,0.35);
#9479=CARTESIAN_POINT('',(1.325,2.7,0.15));
#9480=VECTOR('',#11064,0.2731827540858);
#9481=CARTESIAN_POINT('',(0.675,2.973182754086,0.15));
#9482=CARTESIAN_POINT('',(0.675,2.7,0.15));
#9483=VECTOR('',#11065,0.2731827540858);
#9484=CARTESIAN_POINT('',(0.325,2.973182754086,0.15));
#9485=CARTESIAN_POINT('',(0.325,2.973182754086,0.15));
#9486=VECTOR('',#11066,0.35);
#9487=CARTESIAN_POINT('',(0.325,2.7,0.15));
#9488=VECTOR('',#11067,0.2731827540858);
#9489=CARTESIAN_POINT('',(-0.325,2.973182754086,0.15));
#9490=CARTESIAN_POINT('',(-0.325,2.7,0.15));
#9491=VECTOR('',#11068,0.2731827540858);
#9492=CARTESIAN_POINT('',(-0.675,2.973182754086,0.15));
#9493=CARTESIAN_POINT('',(-0.675,2.973182754086,0.15));
#9494=VECTOR('',#11069,0.35);
#9495=CARTESIAN_POINT('',(-0.675,2.7,0.15));
#9496=VECTOR('',#11070,0.2731827540858);
#9497=CARTESIAN_POINT('',(-1.325,2.973182754086,0.15));
#9498=CARTESIAN_POINT('',(-1.325,2.7,0.15));
#9499=VECTOR('',#11071,0.2731827540858);
#9500=CARTESIAN_POINT('',(-1.675,2.973182754086,0.15));
#9501=CARTESIAN_POINT('',(-1.675,2.973182754086,0.15));
#9502=VECTOR('',#11072,0.35);
#9503=CARTESIAN_POINT('',(-1.675,2.7,0.15));
#9504=VECTOR('',#11073,0.2731827540858);
#9505=CARTESIAN_POINT('',(-2.675,2.973182754086,0.15));
#9506=VECTOR('',#11074,0.35);
#9507=CARTESIAN_POINT('',(-4.65,2.7,0.15));
#9508=VECTOR('',#11075,0.3);
#9509=CARTESIAN_POINT('',(-4.65,3.0,0.43));
#9510=VECTOR('',#11076,0.3);
#9511=CARTESIAN_POINT('',(-3.7,3.0,0.43));
#9512=VECTOR('',#11077,0.3);
#9513=CARTESIAN_POINT('',(-2.675,3.0,-0.003723435466664));
#9514=VECTOR('',#11078,0.35);
#9515=CARTESIAN_POINT('',(-2.675,3.0,-2.0));
#9516=VECTOR('',#11079,0.35);
#9517=CARTESIAN_POINT('',(-2.675,2.75,-2.0));
#9518=VECTOR('',#11080,0.35);
#9519=CARTESIAN_POINT('',(-1.675,3.0,-0.003723435466664));
#9520=AXIS2_PLACEMENT_3D('',#11081,#11082,#11083);
#9521=CARTESIAN_POINT('',(-1.675,3.0,-2.0));
#9522=CARTESIAN_POINT('',(-1.675,3.0,-2.0));
#9523=VECTOR('',#11084,1.996276564533);
#9524=CARTESIAN_POINT('',(-1.675,2.75,-2.0));
#9525=CARTESIAN_POINT('',(-1.675,2.75,-2.0));
#9526=VECTOR('',#11085,0.25);
#9527=CARTESIAN_POINT('',(-1.675,2.75,0.01251329168308));
#9528=CARTESIAN_POINT('',(-1.675,2.75,0.01251329168308));
#9529=VECTOR('',#11086,2.012513291683);
#9530=AXIS2_PLACEMENT_3D('',#11087,#11088,#11089);
#9531=CARTESIAN_POINT('',(-1.675,0.95,2.05));
#9532=CARTESIAN_POINT('',(-1.675,0.95,4.020630011513));
#9533=CARTESIAN_POINT('',(-1.675,0.95,2.05));
#9534=VECTOR('',#11090,1.970630011513);
#9535=CARTESIAN_POINT('',(-1.675,0.9766,3.886));
#9536=AXIS2_PLACEMENT_3D('',#11091,#11092,#11093);
#9537=CARTESIAN_POINT('',(-1.675,0.9766,2.0234));
#9538=CARTESIAN_POINT('',(-1.675,0.9766,2.0234));
#9539=VECTOR('',#11094,1.8626);
#9540=CARTESIAN_POINT('',(-1.675,0.9766,2.0234));
#9541=VECTOR('',#11095,0.03761808075912);
#9542=CARTESIAN_POINT('',(-1.675,1.701875605391,3.545462254114));
#9543=AXIS2_PLACEMENT_3D('',#11096,#11097,#11098);
#9544=CARTESIAN_POINT('',(-1.675,1.95,3.917724115776));
#9545=CARTESIAN_POINT('',(-1.675,1.95,3.917724115776));
#9546=VECTOR('',#11099,0.4473752438934);
#9547=CARTESIAN_POINT('',(-1.675,1.95,3.466967102749));
#9548=CARTESIAN_POINT('',(-1.675,1.95,3.466967102749));
#9549=VECTOR('',#11100,0.4507570130273);
#9550=CARTESIAN_POINT('',(-1.675,1.947814528267,3.463688232176));
#9551=CARTESIAN_POINT('',(-1.675,1.947814528267,3.463688232176));
#9552=VECTOR('',#11101,0.00394046684113);
#9553=CARTESIAN_POINT('',(-1.675,1.95,3.455707855273));
#9554=CARTESIAN_POINT('',(-1.675,1.95,3.455707855273));
#9555=VECTOR('',#11102,0.008274219130036);
#9556=CARTESIAN_POINT('',(-1.675,1.95,2.509205207095));
#9557=CARTESIAN_POINT('',(-1.675,1.95,2.509205207095));
#9558=VECTOR('',#11103,0.9465026481781);
#9559=CARTESIAN_POINT('',(-1.675,1.7,3.422094720129));
#9560=VECTOR('',#11104,0.9465026481781);
#9561=CARTESIAN_POINT('',(-1.325,2.75,0.01251329168308));
#9562=CARTESIAN_POINT('',(-1.675,2.75,0.01251329168308));
#9563=VECTOR('',#11105,0.35);
#9564=AXIS2_PLACEMENT_3D('',#11106,#11107,#11108);
#9565=CARTESIAN_POINT('',(-1.325,2.75,-2.0));
#9566=CARTESIAN_POINT('',(-1.325,2.75,0.01251329168308));
#9567=VECTOR('',#11109,2.012513291683);
#9568=CARTESIAN_POINT('',(-1.325,3.0,-2.0));
#9569=CARTESIAN_POINT('',(-1.325,2.75,-2.0));
#9570=VECTOR('',#11110,0.25);
#9571=CARTESIAN_POINT('',(-1.325,3.0,-0.003723435466664));
#9572=CARTESIAN_POINT('',(-1.325,3.0,-2.0));
#9573=VECTOR('',#11111,1.996276564533);
#9574=AXIS2_PLACEMENT_3D('',#11112,#11113,#11114);
#9575=CARTESIAN_POINT('',(-1.325,0.9766,2.0234));
#9576=CARTESIAN_POINT('',(-1.325,0.9766,3.886));
#9577=CARTESIAN_POINT('',(-1.325,0.9766,2.0234));
#9578=VECTOR('',#11115,1.8626);
#9579=CARTESIAN_POINT('',(-1.325,0.95,4.020630011513));
#9580=AXIS2_PLACEMENT_3D('',#11116,#11117,#11118);
#9581=CARTESIAN_POINT('',(-1.325,0.95,2.05));
#9582=CARTESIAN_POINT('',(-1.325,0.95,2.05));
#9583=VECTOR('',#11119,1.970630011513);
#9584=CARTESIAN_POINT('',(-1.325,0.9766,2.0234));
#9585=VECTOR('',#11120,0.03761808075912);
#9586=CARTESIAN_POINT('',(-1.325,1.95,2.509205207095));
#9587=CARTESIAN_POINT('',(-1.325,1.7,3.422094720129));
#9588=VECTOR('',#11121,0.9465026481781);
#9589=CARTESIAN_POINT('',(-1.325,1.95,3.455707855273));
#9590=CARTESIAN_POINT('',(-1.325,1.95,2.509205207095));
#9591=VECTOR('',#11122,0.9465026481781);
#9592=CARTESIAN_POINT('',(-1.325,1.947814528267,3.463688232176));
#9593=CARTESIAN_POINT('',(-1.325,1.95,3.455707855273));
#9594=VECTOR('',#11123,0.008274219130036);
#9595=CARTESIAN_POINT('',(-1.325,1.95,3.466967102749));
#9596=CARTESIAN_POINT('',(-1.325,1.947814528267,3.463688232176));
#9597=VECTOR('',#11124,0.00394046684113);
#9598=CARTESIAN_POINT('',(-1.325,1.95,3.917724115776));
#9599=CARTESIAN_POINT('',(-1.325,1.95,3.466967102749));
#9600=VECTOR('',#11125,0.4507570130273);
#9601=CARTESIAN_POINT('',(-1.325,1.701875605391,3.545462254114));
#9602=CARTESIAN_POINT('',(-1.325,1.95,3.917724115776));
#9603=VECTOR('',#11126,0.4473752438934);
#9604=AXIS2_PLACEMENT_3D('',#11127,#11128,#11129);
#9605=CARTESIAN_POINT('',(-1.675,3.0,-0.003723435466664));
#9606=VECTOR('',#11130,0.35);
#9607=CARTESIAN_POINT('',(-1.675,3.0,-2.0));
#9608=VECTOR('',#11131,0.35);
#9609=CARTESIAN_POINT('',(-1.675,2.75,-2.0));
#9610=VECTOR('',#11132,0.35);
#9611=CARTESIAN_POINT('',(-2.675,0.9766,2.0234));
#9612=VECTOR('',#11133,0.35);
#9613=CARTESIAN_POINT('',(-1.675,0.95,2.05));
#9614=VECTOR('',#11134,0.65);
#9615=CARTESIAN_POINT('',(-1.675,0.9766,2.0234));
#9616=VECTOR('',#11135,0.35);
#9617=CARTESIAN_POINT('',(-0.675,0.95,2.05));
#9618=CARTESIAN_POINT('',(-0.675,0.95,2.05));
#9619=VECTOR('',#11136,0.65);
#9620=CARTESIAN_POINT('',(-0.675,0.9766,2.0234));
#9621=CARTESIAN_POINT('',(-0.675,0.9766,2.0234));
#9622=VECTOR('',#11137,0.03761808075912);
#9623=CARTESIAN_POINT('',(-0.325,0.9766,2.0234));
#9624=CARTESIAN_POINT('',(-0.675,0.9766,2.0234));
#9625=VECTOR('',#11138,0.35);
#9626=CARTESIAN_POINT('',(-0.325,0.95,2.05));
#9627=CARTESIAN_POINT('',(-0.325,0.9766,2.0234));
#9628=VECTOR('',#11139,0.03761808075912);
#9629=CARTESIAN_POINT('',(0.325,0.95,2.05));
#9630=CARTESIAN_POINT('',(0.325,0.95,2.05));
#9631=VECTOR('',#11140,0.65);
#9632=CARTESIAN_POINT('',(0.325,0.9766,2.0234));
#9633=CARTESIAN_POINT('',(0.325,0.9766,2.0234));
#9634=VECTOR('',#11141,0.03761808075912);
#9635=CARTESIAN_POINT('',(0.675,0.9766,2.0234));
#9636=CARTESIAN_POINT('',(0.325,0.9766,2.0234));
#9637=VECTOR('',#11142,0.35);
#9638=CARTESIAN_POINT('',(0.675,0.95,2.05));
#9639=CARTESIAN_POINT('',(0.675,0.9766,2.0234));
#9640=VECTOR('',#11143,0.03761808075912);
#9641=CARTESIAN_POINT('',(1.325,0.95,2.05));
#9642=CARTESIAN_POINT('',(1.325,0.95,2.05));
#9643=VECTOR('',#11144,0.65);
#9644=CARTESIAN_POINT('',(1.325,0.9766,2.0234));
#9645=CARTESIAN_POINT('',(1.325,0.9766,2.0234));
#9646=VECTOR('',#11145,0.03761808075912);
#9647=CARTESIAN_POINT('',(1.675,0.9766,2.0234));
#9648=CARTESIAN_POINT('',(1.325,0.9766,2.0234));
#9649=VECTOR('',#11146,0.35);
#9650=CARTESIAN_POINT('',(1.675,0.95,2.05));
#9651=CARTESIAN_POINT('',(1.675,0.9766,2.0234));
#9652=VECTOR('',#11147,0.03761808075912);
#9653=CARTESIAN_POINT('',(2.325,0.95,2.05));
#9654=CARTESIAN_POINT('',(2.325,0.95,2.05));
#9655=VECTOR('',#11148,0.65);
#9656=CARTESIAN_POINT('',(2.325,0.9766,2.0234));
#9657=CARTESIAN_POINT('',(2.325,0.9766,2.0234));
#9658=VECTOR('',#11149,0.03761808075912);
#9659=CARTESIAN_POINT('',(2.675,0.9766,2.0234));
#9660=CARTESIAN_POINT('',(2.325,0.9766,2.0234));
#9661=VECTOR('',#11150,0.35);
#9662=CARTESIAN_POINT('',(2.675,0.95,2.05));
#9663=CARTESIAN_POINT('',(2.675,0.9766,2.0234));
#9664=VECTOR('',#11151,0.03761808075912);
#9665=CARTESIAN_POINT('',(3.525,0.95,2.05));
#9666=CARTESIAN_POINT('',(3.525,0.95,2.05));
#9667=VECTOR('',#11152,0.85);
#9668=CARTESIAN_POINT('',(3.525,1.2,1.8));
#9669=CARTESIAN_POINT('',(3.525,1.2,1.8));
#9670=VECTOR('',#11153,0.3535533905933);
#9671=CARTESIAN_POINT('',(-3.525,1.2,1.8));
#9672=CARTESIAN_POINT('',(3.525,1.2,1.8));
#9673=VECTOR('',#11154,7.05);
#9674=CARTESIAN_POINT('',(-3.525,0.95,2.05));
#9675=CARTESIAN_POINT('',(-3.525,1.2,1.8));
#9676=VECTOR('',#11155,0.3535533905933);
#9677=CARTESIAN_POINT('',(-2.675,0.95,2.05));
#9678=VECTOR('',#11156,0.85);
#9679=CARTESIAN_POINT('',(4.075,0.95,4.1));
#9680=CARTESIAN_POINT('',(3.925,0.95,4.3));
#9681=VECTOR('',#11157,0.25);
#9682=CARTESIAN_POINT('',(4.075,0.95,3.0));
#9683=CARTESIAN_POINT('',(4.075,0.95,4.1));
#9684=VECTOR('',#11158,1.1);
#9685=CARTESIAN_POINT('',(3.525,0.95,3.0));
#9686=CARTESIAN_POINT('',(3.525,0.95,3.0));
#9687=VECTOR('',#11159,0.55);
#9688=CARTESIAN_POINT('',(3.525,0.95,2.05));
#9689=VECTOR('',#11160,0.95);
#9690=CARTESIAN_POINT('',(2.675,0.95,4.020630011513));
#9691=CARTESIAN_POINT('',(2.675,0.95,2.05));
#9692=VECTOR('',#11161,1.970630011513);
#9693=CARTESIAN_POINT('',(2.325,0.95,4.020630011513));
#9694=CARTESIAN_POINT('',(2.325,0.95,4.020630011513));
#9695=VECTOR('',#11162,0.35);
#9696=CARTESIAN_POINT('',(2.325,0.95,2.05));
#9697=VECTOR('',#11163,1.970630011513);
#9698=CARTESIAN_POINT('',(1.675,0.95,4.020630011513));
#9699=CARTESIAN_POINT('',(1.675,0.95,2.05));
#9700=VECTOR('',#11164,1.970630011513);
#9701=CARTESIAN_POINT('',(1.325,0.95,4.020630011513));
#9702=CARTESIAN_POINT('',(1.325,0.95,4.020630011513));
#9703=VECTOR('',#11165,0.35);
#9704=CARTESIAN_POINT('',(1.325,0.95,2.05));
#9705=VECTOR('',#11166,1.970630011513);
#9706=CARTESIAN_POINT('',(0.675,0.95,4.020630011513));
#9707=CARTESIAN_POINT('',(0.675,0.95,2.05));
#9708=VECTOR('',#11167,1.970630011513);
#9709=CARTESIAN_POINT('',(0.325,0.95,4.020630011513));
#9710=CARTESIAN_POINT('',(0.325,0.95,4.020630011513));
#9711=VECTOR('',#11168,0.35);
#9712=CARTESIAN_POINT('',(0.325,0.95,2.05));
#9713=VECTOR('',#11169,1.970630011513);
#9714=CARTESIAN_POINT('',(-0.325,0.95,4.020630011513));
#9715=CARTESIAN_POINT('',(-0.325,0.95,2.05));
#9716=VECTOR('',#11170,1.970630011513);
#9717=CARTESIAN_POINT('',(-0.675,0.95,4.020630011513));
#9718=CARTESIAN_POINT('',(-0.675,0.95,4.020630011513));
#9719=VECTOR('',#11171,0.35);
#9720=CARTESIAN_POINT('',(-0.675,0.95,2.05));
#9721=VECTOR('',#11172,1.970630011513);
#9722=CARTESIAN_POINT('',(-1.675,0.95,4.020630011513));
#9723=VECTOR('',#11173,0.35);
#9724=CARTESIAN_POINT('',(-2.675,0.95,4.020630011513));
#9725=VECTOR('',#11174,0.35);
#9726=CARTESIAN_POINT('',(-3.525,0.95,3.0));
#9727=CARTESIAN_POINT('',(-3.525,0.95,2.05));
#9728=VECTOR('',#11175,0.95);
#9729=CARTESIAN_POINT('',(-4.075,0.95,3.0));
#9730=CARTESIAN_POINT('',(-4.075,0.95,3.0));
#9731=VECTOR('',#11176,0.55);
#9732=CARTESIAN_POINT('',(-4.075,0.95,4.1));
#9733=CARTESIAN_POINT('',(-4.075,0.95,3.0));
#9734=VECTOR('',#11177,1.1);
#9735=CARTESIAN_POINT('',(-3.925,0.95,4.3));
#9736=VECTOR('',#11178,0.25);
#9737=CARTESIAN_POINT('',(-4.075,0.95,4.1));
#9738=VECTOR('',#11179,0.35);
#9739=CARTESIAN_POINT('',(-4.075,1.65,3.0));
#9740=VECTOR('',#11180,0.7);
#9741=CARTESIAN_POINT('',(-3.525,0.95,3.0));
#9742=VECTOR('',#11181,0.7);
#9743=CARTESIAN_POINT('',(3.525,0.95,3.0));
#9744=VECTOR('',#11182,0.7);
#9745=CARTESIAN_POINT('',(4.075,1.65,3.0));
#9746=VECTOR('',#11183,0.7);
#9747=CARTESIAN_POINT('',(-3.525,1.95,1.8));
#9748=CARTESIAN_POINT('',(-3.525,1.95,1.8));
#9749=VECTOR('',#11184,0.75);
#9750=CARTESIAN_POINT('',(-3.525,1.95,4.3));
#9751=VECTOR('',#11185,2.5);
#9752=CARTESIAN_POINT('',(3.525,1.95,1.8));
#9753=CARTESIAN_POINT('',(3.525,1.95,1.8));
#9754=VECTOR('',#11186,7.05);
#9755=CARTESIAN_POINT('',(3.525,1.95,4.3));
#9756=VECTOR('',#11187,2.5);
#9757=CARTESIAN_POINT('',(2.675,1.95,3.466967102749));
#9758=CARTESIAN_POINT('',(2.675,1.95,3.917724115776));
#9759=CARTESIAN_POINT('',(2.675,1.95,3.466967102749));
#9760=VECTOR('',#11188,0.4507570130273);
#9761=CARTESIAN_POINT('',(2.325,1.95,3.466967102749));
#9762=CARTESIAN_POINT('',(2.325,1.95,3.466967102749));
#9763=VECTOR('',#11189,0.35);
#9764=CARTESIAN_POINT('',(2.325,1.95,3.917724115776));
#9765=CARTESIAN_POINT('',(2.325,1.95,3.466967102749));
#9766=VECTOR('',#11190,0.4507570130273);
#9767=CARTESIAN_POINT('',(2.325,1.95,3.917724115776));
#9768=VECTOR('',#11191,0.35);
#9769=CARTESIAN_POINT('',(1.325,1.95,3.455707855273));
#9770=CARTESIAN_POINT('',(1.675,1.95,3.455707855273));
#9771=CARTESIAN_POINT('',(1.325,1.95,3.455707855273));
#9772=VECTOR('',#11192,0.35);
#9773=CARTESIAN_POINT('',(1.675,1.95,2.509205207095));
#9774=CARTESIAN_POINT('',(1.675,1.95,2.509205207095));
#9775=VECTOR('',#11193,0.9465026481781);
#9776=CARTESIAN_POINT('',(1.325,1.95,2.509205207095));
#9777=CARTESIAN_POINT('',(1.325,1.95,2.509205207095));
#9778=VECTOR('',#11194,0.35);
#9779=CARTESIAN_POINT('',(1.325,1.95,2.509205207095));
#9780=VECTOR('',#11195,0.9465026481781);
#9781=CARTESIAN_POINT('',(1.675,1.95,3.466967102749));
#9782=CARTESIAN_POINT('',(1.675,1.95,3.917724115776));
#9783=CARTESIAN_POINT('',(1.675,1.95,3.466967102749));
#9784=VECTOR('',#11196,0.4507570130273);
#9785=CARTESIAN_POINT('',(1.325,1.95,3.466967102749));
#9786=CARTESIAN_POINT('',(1.325,1.95,3.466967102749));
#9787=VECTOR('',#11197,0.35);
#9788=CARTESIAN_POINT('',(1.325,1.95,3.917724115776));
#9789=CARTESIAN_POINT('',(1.325,1.95,3.466967102749));
#9790=VECTOR('',#11198,0.4507570130273);
#9791=CARTESIAN_POINT('',(1.325,1.95,3.917724115776));
#9792=VECTOR('',#11199,0.35);
#9793=CARTESIAN_POINT('',(0.325,1.95,3.455707855273));
#9794=CARTESIAN_POINT('',(0.675,1.95,3.455707855273));
#9795=CARTESIAN_POINT('',(0.325,1.95,3.455707855273));
#9796=VECTOR('',#11200,0.35);
#9797=CARTESIAN_POINT('',(0.675,1.95,2.509205207095));
#9798=CARTESIAN_POINT('',(0.675,1.95,2.509205207095));
#9799=VECTOR('',#11201,0.9465026481781);
#9800=CARTESIAN_POINT('',(0.325,1.95,2.509205207095));
#9801=CARTESIAN_POINT('',(0.325,1.95,2.509205207095));
#9802=VECTOR('',#11202,0.35);
#9803=CARTESIAN_POINT('',(0.325,1.95,2.509205207095));
#9804=VECTOR('',#11203,0.9465026481781);
#9805=CARTESIAN_POINT('',(0.675,1.95,3.466967102749));
#9806=CARTESIAN_POINT('',(0.675,1.95,3.917724115776));
#9807=CARTESIAN_POINT('',(0.675,1.95,3.466967102749));
#9808=VECTOR('',#11204,0.4507570130273);
#9809=CARTESIAN_POINT('',(0.325,1.95,3.466967102749));
#9810=CARTESIAN_POINT('',(0.325,1.95,3.466967102749));
#9811=VECTOR('',#11205,0.35);
#9812=CARTESIAN_POINT('',(0.325,1.95,3.917724115776));
#9813=CARTESIAN_POINT('',(0.325,1.95,3.466967102749));
#9814=VECTOR('',#11206,0.4507570130273);
#9815=CARTESIAN_POINT('',(0.325,1.95,3.917724115776));
#9816=VECTOR('',#11207,0.35);
#9817=CARTESIAN_POINT('',(-0.675,1.95,3.455707855273));
#9818=CARTESIAN_POINT('',(-0.325,1.95,3.455707855273));
#9819=CARTESIAN_POINT('',(-0.675,1.95,3.455707855273));
#9820=VECTOR('',#11208,0.35);
#9821=CARTESIAN_POINT('',(-0.325,1.95,2.509205207095));
#9822=CARTESIAN_POINT('',(-0.325,1.95,2.509205207095));
#9823=VECTOR('',#11209,0.9465026481781);
#9824=CARTESIAN_POINT('',(-0.675,1.95,2.509205207095));
#9825=CARTESIAN_POINT('',(-0.675,1.95,2.509205207095));
#9826=VECTOR('',#11210,0.35);
#9827=CARTESIAN_POINT('',(-0.675,1.95,2.509205207095));
#9828=VECTOR('',#11211,0.9465026481781);
#9829=CARTESIAN_POINT('',(-0.325,1.95,3.466967102749));
#9830=CARTESIAN_POINT('',(-0.325,1.95,3.917724115776));
#9831=CARTESIAN_POINT('',(-0.325,1.95,3.466967102749));
#9832=VECTOR('',#11212,0.4507570130273);
#9833=CARTESIAN_POINT('',(-0.675,1.95,3.466967102749));
#9834=CARTESIAN_POINT('',(-0.675,1.95,3.466967102749));
#9835=VECTOR('',#11213,0.35);
#9836=CARTESIAN_POINT('',(-0.675,1.95,3.917724115776));
#9837=CARTESIAN_POINT('',(-0.675,1.95,3.466967102749));
#9838=VECTOR('',#11214,0.4507570130273);
#9839=CARTESIAN_POINT('',(-0.675,1.95,3.917724115776));
#9840=VECTOR('',#11215,0.35);
#9841=CARTESIAN_POINT('',(-1.675,1.95,3.455707855273));
#9842=VECTOR('',#11216,0.35);
#9843=CARTESIAN_POINT('',(-1.675,1.95,2.509205207095));
#9844=VECTOR('',#11217,0.35);
#9845=CARTESIAN_POINT('',(-1.675,1.95,3.466967102749));
#9846=VECTOR('',#11218,0.35);
#9847=CARTESIAN_POINT('',(-1.675,1.95,3.917724115776));
#9848=VECTOR('',#11219,0.35);
#9849=CARTESIAN_POINT('',(-2.675,1.95,3.455707855273));
#9850=VECTOR('',#11220,0.35);
#9851=CARTESIAN_POINT('',(-2.675,1.95,2.509205207095));
#9852=VECTOR('',#11221,0.35);
#9853=CARTESIAN_POINT('',(-2.675,1.95,3.466967102749));
#9854=VECTOR('',#11222,0.35);
#9855=CARTESIAN_POINT('',(-2.675,1.95,3.917724115776));
#9856=VECTOR('',#11223,0.35);
#9857=CARTESIAN_POINT('',(2.325,1.95,3.455707855273));
#9858=CARTESIAN_POINT('',(2.675,1.95,3.455707855273));
#9859=CARTESIAN_POINT('',(2.325,1.95,3.455707855273));
#9860=VECTOR('',#11224,0.35);
#9861=CARTESIAN_POINT('',(2.675,1.95,2.509205207095));
#9862=CARTESIAN_POINT('',(2.675,1.95,2.509205207095));
#9863=VECTOR('',#11225,0.9465026481781);
#9864=CARTESIAN_POINT('',(2.325,1.95,2.509205207095));
#9865=CARTESIAN_POINT('',(2.325,1.95,2.509205207095));
#9866=VECTOR('',#11226,0.35);
#9867=CARTESIAN_POINT('',(2.325,1.95,2.509205207095));
#9868=VECTOR('',#11227,0.9465026481781);
#9869=CARTESIAN_POINT('',(2.325,3.0,-0.003723435466664));
#9870=AXIS2_PLACEMENT_3D('',#11228,#11229,#11230);
#9871=CARTESIAN_POINT('',(2.325,3.0,-2.0));
#9872=CARTESIAN_POINT('',(2.325,3.0,-2.0));
#9873=VECTOR('',#11231,1.996276564533);
#9874=CARTESIAN_POINT('',(2.325,2.75,-2.0));
#9875=CARTESIAN_POINT('',(2.325,2.75,-2.0));
#9876=VECTOR('',#11232,0.25);
#9877=CARTESIAN_POINT('',(2.325,2.75,0.01251329168308));
#9878=CARTESIAN_POINT('',(2.325,2.75,0.01251329168308));
#9879=VECTOR('',#11233,2.012513291683);
#9880=AXIS2_PLACEMENT_3D('',#11234,#11235,#11236);
#9881=CARTESIAN_POINT('',(2.325,0.9766,3.886));
#9882=AXIS2_PLACEMENT_3D('',#11237,#11238,#11239);
#9883=CARTESIAN_POINT('',(2.325,0.9766,2.0234));
#9884=VECTOR('',#11240,1.8626);
#9885=CARTESIAN_POINT('',(2.325,1.701875605391,3.545462254114));
#9886=AXIS2_PLACEMENT_3D('',#11241,#11242,#11243);
#9887=CARTESIAN_POINT('',(2.325,1.95,3.917724115776));
#9888=VECTOR('',#11244,0.4473752438934);
#9889=CARTESIAN_POINT('',(2.325,1.947814528267,3.463688232176));
#9890=CARTESIAN_POINT('',(2.325,1.947814528267,3.463688232176));
#9891=VECTOR('',#11245,0.00394046684113);
#9892=CARTESIAN_POINT('',(2.325,1.95,3.455707855273));
#9893=VECTOR('',#11246,0.008274219130036);
#9894=CARTESIAN_POINT('',(2.325,1.7,3.422094720129));
#9895=VECTOR('',#11247,0.9465026481781);
#9896=CARTESIAN_POINT('',(2.675,2.75,0.01251329168308));
#9897=CARTESIAN_POINT('',(2.325,2.75,0.01251329168308));
#9898=VECTOR('',#11248,0.35);
#9899=AXIS2_PLACEMENT_3D('',#11249,#11250,#11251);
#9900=CARTESIAN_POINT('',(2.675,2.75,-2.0));
#9901=CARTESIAN_POINT('',(2.675,2.75,0.01251329168308));
#9902=VECTOR('',#11252,2.012513291683);
#9903=CARTESIAN_POINT('',(2.675,3.0,-2.0));
#9904=CARTESIAN_POINT('',(2.675,2.75,-2.0));
#9905=VECTOR('',#11253,0.25);
#9906=CARTESIAN_POINT('',(2.675,3.0,-0.003723435466664));
#9907=CARTESIAN_POINT('',(2.675,3.0,-2.0));
#9908=VECTOR('',#11254,1.996276564533);
#9909=AXIS2_PLACEMENT_3D('',#11255,#11256,#11257);
#9910=CARTESIAN_POINT('',(2.675,0.9766,3.886));
#9911=CARTESIAN_POINT('',(2.675,0.9766,2.0234));
#9912=VECTOR('',#11258,1.8626);
#9913=AXIS2_PLACEMENT_3D('',#11259,#11260,#11261);
#9914=CARTESIAN_POINT('',(2.675,1.7,3.422094720129));
#9915=VECTOR('',#11262,0.9465026481781);
#9916=CARTESIAN_POINT('',(2.675,1.947814528267,3.463688232176));
#9917=CARTESIAN_POINT('',(2.675,1.95,3.455707855273));
#9918=VECTOR('',#11263,0.008274219130036);
#9919=CARTESIAN_POINT('',(2.675,1.947814528267,3.463688232176));
#9920=VECTOR('',#11264,0.00394046684113);
#9921=CARTESIAN_POINT('',(2.675,1.701875605391,3.545462254114));
#9922=CARTESIAN_POINT('',(2.675,1.95,3.917724115776));
#9923=VECTOR('',#11265,0.4473752438934);
#9924=AXIS2_PLACEMENT_3D('',#11266,#11267,#11268);
#9925=CARTESIAN_POINT('',(2.325,3.0,-0.003723435466664));
#9926=VECTOR('',#11269,0.35);
#9927=CARTESIAN_POINT('',(2.325,3.0,-2.0));
#9928=VECTOR('',#11270,0.35);
#9929=CARTESIAN_POINT('',(2.325,2.75,-2.0));
#9930=VECTOR('',#11271,0.35);
#9931=CARTESIAN_POINT('',(2.325,0.9766,3.886));
#9932=VECTOR('',#11272,0.35);
#9933=CARTESIAN_POINT('',(2.325,1.701875605391,3.545462254114));
#9934=VECTOR('',#11273,0.35);
#9935=CARTESIAN_POINT('',(2.325,1.947814528267,3.463688232176));
#9936=VECTOR('',#11274,0.35);
#9937=CARTESIAN_POINT('',(1.325,3.0,-0.003723435466664));
#9938=AXIS2_PLACEMENT_3D('',#11275,#11276,#11277);
#9939=CARTESIAN_POINT('',(1.325,3.0,-2.0));
#9940=CARTESIAN_POINT('',(1.325,3.0,-2.0));
#9941=VECTOR('',#11278,1.996276564533);
#9942=CARTESIAN_POINT('',(1.325,2.75,-2.0));
#9943=CARTESIAN_POINT('',(1.325,2.75,-2.0));
#9944=VECTOR('',#11279,0.25);
#9945=CARTESIAN_POINT('',(1.325,2.75,0.01251329168308));
#9946=CARTESIAN_POINT('',(1.325,2.75,0.01251329168308));
#9947=VECTOR('',#11280,2.012513291683);
#9948=AXIS2_PLACEMENT_3D('',#11281,#11282,#11283);
#9949=CARTESIAN_POINT('',(1.325,0.9766,3.886));
#9950=AXIS2_PLACEMENT_3D('',#11284,#11285,#11286);
#9951=CARTESIAN_POINT('',(1.325,0.9766,2.0234));
#9952=VECTOR('',#11287,1.8626);
#9953=CARTESIAN_POINT('',(1.325,1.701875605391,3.545462254114));
#9954=AXIS2_PLACEMENT_3D('',#11288,#11289,#11290);
#9955=CARTESIAN_POINT('',(1.325,1.95,3.917724115776));
#9956=VECTOR('',#11291,0.4473752438934);
#9957=CARTESIAN_POINT('',(1.325,1.947814528267,3.463688232176));
#9958=CARTESIAN_POINT('',(1.325,1.947814528267,3.463688232176));
#9959=VECTOR('',#11292,0.00394046684113);
#9960=CARTESIAN_POINT('',(1.325,1.95,3.455707855273));
#9961=VECTOR('',#11293,0.008274219130036);
#9962=CARTESIAN_POINT('',(1.325,1.7,3.422094720129));
#9963=VECTOR('',#11294,0.9465026481781);
#9964=CARTESIAN_POINT('',(1.675,2.75,0.01251329168308));
#9965=CARTESIAN_POINT('',(1.325,2.75,0.01251329168308));
#9966=VECTOR('',#11295,0.35);
#9967=AXIS2_PLACEMENT_3D('',#11296,#11297,#11298);
#9968=CARTESIAN_POINT('',(1.675,2.75,-2.0));
#9969=CARTESIAN_POINT('',(1.675,2.75,0.01251329168308));
#9970=VECTOR('',#11299,2.012513291683);
#9971=CARTESIAN_POINT('',(1.675,3.0,-2.0));
#9972=CARTESIAN_POINT('',(1.675,2.75,-2.0));
#9973=VECTOR('',#11300,0.25);
#9974=CARTESIAN_POINT('',(1.675,3.0,-0.003723435466664));
#9975=CARTESIAN_POINT('',(1.675,3.0,-2.0));
#9976=VECTOR('',#11301,1.996276564533);
#9977=AXIS2_PLACEMENT_3D('',#11302,#11303,#11304);
#9978=CARTESIAN_POINT('',(1.675,0.9766,3.886));
#9979=CARTESIAN_POINT('',(1.675,0.9766,2.0234));
#9980=VECTOR('',#11305,1.8626);
#9981=AXIS2_PLACEMENT_3D('',#11306,#11307,#11308);
#9982=CARTESIAN_POINT('',(1.675,1.7,3.422094720129));
#9983=VECTOR('',#11309,0.9465026481781);
#9984=CARTESIAN_POINT('',(1.675,1.947814528267,3.463688232176));
#9985=CARTESIAN_POINT('',(1.675,1.95,3.455707855273));
#9986=VECTOR('',#11310,0.008274219130036);
#9987=CARTESIAN_POINT('',(1.675,1.947814528267,3.463688232176));
#9988=VECTOR('',#11311,0.00394046684113);
#9989=CARTESIAN_POINT('',(1.675,1.701875605391,3.545462254114));
#9990=CARTESIAN_POINT('',(1.675,1.95,3.917724115776));
#9991=VECTOR('',#11312,0.4473752438934);
#9992=AXIS2_PLACEMENT_3D('',#11313,#11314,#11315);
#9993=CARTESIAN_POINT('',(1.325,3.0,-0.003723435466664));
#9994=VECTOR('',#11316,0.35);
#9995=CARTESIAN_POINT('',(1.325,3.0,-2.0));
#9996=VECTOR('',#11317,0.35);
#9997=CARTESIAN_POINT('',(1.325,2.75,-2.0));
#9998=VECTOR('',#11318,0.35);
#9999=CARTESIAN_POINT('',(1.325,0.9766,3.886));
#10000=VECTOR('',#11319,0.35);
#10001=CARTESIAN_POINT('',(1.325,1.701875605391,3.545462254114));
#10002=VECTOR('',#11320,0.35);
#10003=CARTESIAN_POINT('',(1.325,1.947814528267,3.463688232176));
#10004=VECTOR('',#11321,0.35);
#10005=CARTESIAN_POINT('',(0.325,3.0,-0.003723435466664));
#10006=AXIS2_PLACEMENT_3D('',#11322,#11323,#11324);
#10007=CARTESIAN_POINT('',(0.325,3.0,-2.0));
#10008=CARTESIAN_POINT('',(0.325,3.0,-2.0));
#10009=VECTOR('',#11325,1.996276564533);
#10010=CARTESIAN_POINT('',(0.325,2.75,-2.0));
#10011=CARTESIAN_POINT('',(0.325,2.75,-2.0));
#10012=VECTOR('',#11326,0.25);
#10013=CARTESIAN_POINT('',(0.325,2.75,0.01251329168308));
#10014=CARTESIAN_POINT('',(0.325,2.75,0.01251329168308));
#10015=VECTOR('',#11327,2.012513291683);
#10016=AXIS2_PLACEMENT_3D('',#11328,#11329,#11330);
#10017=CARTESIAN_POINT('',(0.325,0.9766,3.886));
#10018=AXIS2_PLACEMENT_3D('',#11331,#11332,#11333);
#10019=CARTESIAN_POINT('',(0.325,0.9766,2.0234));
#10020=VECTOR('',#11334,1.8626);
#10021=CARTESIAN_POINT('',(0.325,1.701875605391,3.545462254114));
#10022=AXIS2_PLACEMENT_3D('',#11335,#11336,#11337);
#10023=CARTESIAN_POINT('',(0.325,1.95,3.917724115776));
#10024=VECTOR('',#11338,0.4473752438934);
#10025=CARTESIAN_POINT('',(0.325,1.947814528267,3.463688232176));
#10026=CARTESIAN_POINT('',(0.325,1.947814528267,3.463688232176));
#10027=VECTOR('',#11339,0.00394046684113);
#10028=CARTESIAN_POINT('',(0.325,1.95,3.455707855273));
#10029=VECTOR('',#11340,0.008274219130036);
#10030=CARTESIAN_POINT('',(0.325,1.7,3.422094720129));
#10031=VECTOR('',#11341,0.9465026481781);
#10032=CARTESIAN_POINT('',(0.675,2.75,0.01251329168308));
#10033=CARTESIAN_POINT('',(0.325,2.75,0.01251329168308));
#10034=VECTOR('',#11342,0.35);
#10035=AXIS2_PLACEMENT_3D('',#11343,#11344,#11345);
#10036=CARTESIAN_POINT('',(0.675,2.75,-2.0));
#10037=CARTESIAN_POINT('',(0.675,2.75,0.01251329168308));
#10038=VECTOR('',#11346,2.012513291683);
#10039=CARTESIAN_POINT('',(0.675,3.0,-2.0));
#10040=CARTESIAN_POINT('',(0.675,2.75,-2.0));
#10041=VECTOR('',#11347,0.25);
#10042=CARTESIAN_POINT('',(0.675,3.0,-0.003723435466664));
#10043=CARTESIAN_POINT('',(0.675,3.0,-2.0));
#10044=VECTOR('',#11348,1.996276564533);
#10045=AXIS2_PLACEMENT_3D('',#11349,#11350,#11351);
#10046=CARTESIAN_POINT('',(0.675,0.9766,3.886));
#10047=CARTESIAN_POINT('',(0.675,0.9766,2.0234));
#10048=VECTOR('',#11352,1.8626);
#10049=AXIS2_PLACEMENT_3D('',#11353,#11354,#11355);
#10050=CARTESIAN_POINT('',(0.675,1.7,3.422094720129));
#10051=VECTOR('',#11356,0.9465026481781);
#10052=CARTESIAN_POINT('',(0.675,1.947814528267,3.463688232176));
#10053=CARTESIAN_POINT('',(0.675,1.95,3.455707855273));
#10054=VECTOR('',#11357,0.008274219130036);
#10055=CARTESIAN_POINT('',(0.675,1.947814528267,3.463688232176));
#10056=VECTOR('',#11358,0.00394046684113);
#10057=CARTESIAN_POINT('',(0.675,1.701875605391,3.545462254114));
#10058=CARTESIAN_POINT('',(0.675,1.95,3.917724115776));
#10059=VECTOR('',#11359,0.4473752438934);
#10060=AXIS2_PLACEMENT_3D('',#11360,#11361,#11362);
#10061=CARTESIAN_POINT('',(0.325,3.0,-0.003723435466664));
#10062=VECTOR('',#11363,0.35);
#10063=CARTESIAN_POINT('',(0.325,3.0,-2.0));
#10064=VECTOR('',#11364,0.35);
#10065=CARTESIAN_POINT('',(0.325,2.75,-2.0));
#10066=VECTOR('',#11365,0.35);
#10067=CARTESIAN_POINT('',(0.325,0.9766,3.886));
#10068=VECTOR('',#11366,0.35);
#10069=CARTESIAN_POINT('',(0.325,1.701875605391,3.545462254114));
#10070=VECTOR('',#11367,0.35);
#10071=CARTESIAN_POINT('',(0.325,1.947814528267,3.463688232176));
#10072=VECTOR('',#11368,0.35);
#10073=CARTESIAN_POINT('',(-0.675,3.0,-0.003723435466664));
#10074=AXIS2_PLACEMENT_3D('',#11369,#11370,#11371);
#10075=CARTESIAN_POINT('',(-0.675,3.0,-2.0));
#10076=CARTESIAN_POINT('',(-0.675,3.0,-2.0));
#10077=VECTOR('',#11372,1.996276564533);
#10078=CARTESIAN_POINT('',(-0.675,2.75,-2.0));
#10079=CARTESIAN_POINT('',(-0.675,2.75,-2.0));
#10080=VECTOR('',#11373,0.25);
#10081=CARTESIAN_POINT('',(-0.675,2.75,0.01251329168308));
#10082=CARTESIAN_POINT('',(-0.675,2.75,0.01251329168308));
#10083=VECTOR('',#11374,2.012513291683);
#10084=AXIS2_PLACEMENT_3D('',#11375,#11376,#11377);
#10085=CARTESIAN_POINT('',(-0.675,0.9766,3.886));
#10086=AXIS2_PLACEMENT_3D('',#11378,#11379,#11380);
#10087=CARTESIAN_POINT('',(-0.675,0.9766,2.0234));
#10088=VECTOR('',#11381,1.8626);
#10089=CARTESIAN_POINT('',(-0.675,1.701875605391,3.545462254114));
#10090=AXIS2_PLACEMENT_3D('',#11382,#11383,#11384);
#10091=CARTESIAN_POINT('',(-0.675,1.95,3.917724115776));
#10092=VECTOR('',#11385,0.4473752438934);
#10093=CARTESIAN_POINT('',(-0.675,1.947814528267,3.463688232176));
#10094=CARTESIAN_POINT('',(-0.675,1.947814528267,3.463688232176));
#10095=VECTOR('',#11386,0.00394046684113);
#10096=CARTESIAN_POINT('',(-0.675,1.95,3.455707855273));
#10097=VECTOR('',#11387,0.008274219130036);
#10098=CARTESIAN_POINT('',(-0.675,1.7,3.422094720129));
#10099=VECTOR('',#11388,0.9465026481781);
#10100=CARTESIAN_POINT('',(-0.325,2.75,0.01251329168308));
#10101=CARTESIAN_POINT('',(-0.675,2.75,0.01251329168308));
#10102=VECTOR('',#11389,0.35);
#10103=AXIS2_PLACEMENT_3D('',#11390,#11391,#11392);
#10104=CARTESIAN_POINT('',(-0.325,2.75,-2.0));
#10105=CARTESIAN_POINT('',(-0.325,2.75,0.01251329168308));
#10106=VECTOR('',#11393,2.012513291683);
#10107=CARTESIAN_POINT('',(-0.325,3.0,-2.0));
#10108=CARTESIAN_POINT('',(-0.325,2.75,-2.0));
#10109=VECTOR('',#11394,0.25);
#10110=CARTESIAN_POINT('',(-0.325,3.0,-0.003723435466664));
#10111=CARTESIAN_POINT('',(-0.325,3.0,-2.0));
#10112=VECTOR('',#11395,1.996276564533);
#10113=AXIS2_PLACEMENT_3D('',#11396,#11397,#11398);
#10114=CARTESIAN_POINT('',(-0.325,0.9766,3.886));
#10115=CARTESIAN_POINT('',(-0.325,0.9766,2.0234));
#10116=VECTOR('',#11399,1.8626);
#10117=AXIS2_PLACEMENT_3D('',#11400,#11401,#11402);
#10118=CARTESIAN_POINT('',(-0.325,1.7,3.422094720129));
#10119=VECTOR('',#11403,0.9465026481781);
#10120=CARTESIAN_POINT('',(-0.325,1.947814528267,3.463688232176));
#10121=CARTESIAN_POINT('',(-0.325,1.95,3.455707855273));
#10122=VECTOR('',#11404,0.008274219130036);
#10123=CARTESIAN_POINT('',(-0.325,1.947814528267,3.463688232176));
#10124=VECTOR('',#11405,0.00394046684113);
#10125=CARTESIAN_POINT('',(-0.325,1.701875605391,3.545462254114));
#10126=CARTESIAN_POINT('',(-0.325,1.95,3.917724115776));
#10127=VECTOR('',#11406,0.4473752438934);
#10128=AXIS2_PLACEMENT_3D('',#11407,#11408,#11409);
#10129=CARTESIAN_POINT('',(-0.675,3.0,-0.003723435466664));
#10130=VECTOR('',#11410,0.35);
#10131=CARTESIAN_POINT('',(-0.675,3.0,-2.0));
#10132=VECTOR('',#11411,0.35);
#10133=CARTESIAN_POINT('',(-0.675,2.75,-2.0));
#10134=VECTOR('',#11412,0.35);
#10135=CARTESIAN_POINT('',(-0.675,0.9766,3.886));
#10136=VECTOR('',#11413,0.35);
#10137=CARTESIAN_POINT('',(-0.675,1.701875605391,3.545462254114));
#10138=VECTOR('',#11414,0.35);
#10139=CARTESIAN_POINT('',(-0.675,1.947814528267,3.463688232176));
#10140=VECTOR('',#11415,0.35);
#10141=CARTESIAN_POINT('',(-1.675,1.947814528267,3.463688232176));
#10142=VECTOR('',#11416,0.35);
#10143=CARTESIAN_POINT('',(-1.675,1.701875605391,3.545462254114));
#10144=VECTOR('',#11417,0.35);
#10145=CARTESIAN_POINT('',(-2.675,1.947814528267,3.463688232176));
#10146=VECTOR('',#11418,0.35);
#10147=CARTESIAN_POINT('',(-2.675,1.701875605391,3.545462254114));
#10148=VECTOR('',#11419,0.35);
#10149=CARTESIAN_POINT('',(3.525,1.95,1.8));
#10150=VECTOR('',#11420,0.75);
#10151=CARTESIAN_POINT('',(3.525,1.65,3.1));
#10152=VECTOR('',#11421,0.05000000000001);
#10153=CARTESIAN_POINT('',(3.425,1.7,3.1));
#10154=VECTOR('',#11422,0.7);
#10155=CARTESIAN_POINT('',(3.425,1.7,2.85));
#10156=VECTOR('',#11423,0.7);
#10157=CARTESIAN_POINT('',(3.225,1.7,2.65));
#10158=VECTOR('',#11424,0.7);
#10159=CARTESIAN_POINT('',(-3.225,1.7,2.65));
#10160=VECTOR('',#11425,0.7);
#10161=CARTESIAN_POINT('',(-3.425,1.7,2.85));
#10162=VECTOR('',#11426,0.7);
#10163=CARTESIAN_POINT('',(4.075,0.95,4.1));
#10164=VECTOR('',#11427,0.35);
#10165=CARTESIAN_POINT('',(4.075,0.6,0.0));
#10166=VECTOR('',#11428,4.1);
#10167=CARTESIAN_POINT('',(-2.675,0.9766,3.886));
#10168=VECTOR('',#11429,0.35);
#10169=CARTESIAN_POINT('',(-1.675,0.9766,3.886));
#10170=VECTOR('',#11430,0.35);
#10171=CARTESIAN_POINT('',(4.65,3.0,0.43));
#10172=VECTOR('',#11431,0.3);
#10173=CARTESIAN_POINT('',(3.7,3.0,0.43));
#10174=VECTOR('',#11432,0.3);
#10175=CARTESIAN_POINT('',(3.6,2.9,5.4));
#10176=CARTESIAN_POINT('',(3.6,2.9,5.4));
#10177=VECTOR('',#11433,1.1);
#10178=CARTESIAN_POINT('',(3.6,1.7,5.4));
#10179=VECTOR('',#11434,1.2);
#10180=CARTESIAN_POINT('',(-3.6,2.9,5.4));
#10181=CARTESIAN_POINT('',(-3.6,1.7,5.4));
#10182=VECTOR('',#11435,1.2);
#10183=CARTESIAN_POINT('',(-6.5,2.9,5.4));
#10184=CARTESIAN_POINT('',(-3.6,2.9,5.4));
#10185=VECTOR('',#11436,2.9);
#10186=CARTESIAN_POINT('',(-6.5,0.1,5.4));
#10187=VECTOR('',#11437,2.8);
#10188=CARTESIAN_POINT('',(6.5,2.9,5.4));
#10189=CARTESIAN_POINT('',(6.5,0.1,5.4));
#10190=VECTOR('',#11438,2.8);
#10191=CARTESIAN_POINT('',(6.5,2.9,5.4));
#10192=VECTOR('',#11439,2.9);
#10193=CARTESIAN_POINT('',(6.5,2.9,5.4));
#10194=VECTOR('',#11440,1.1);
#10195=CARTESIAN_POINT('',(-6.5,2.9,5.4));
#10196=VECTOR('',#11441,1.1);
#10197=CARTESIAN_POINT('',(-3.6,2.9,5.4));
#10198=VECTOR('',#11442,1.1);
#10199=CARTESIAN_POINT('',(-3.7,3.0,1.57));
#10200=VECTOR('',#11443,0.3);
#10201=CARTESIAN_POINT('',(-5.275,0.9,2.05));
#10202=VECTOR('',#11444,0.3);
#10203=CARTESIAN_POINT('',(5.145,1.695,2.78));
#10204=CARTESIAN_POINT('',(5.145,1.695,2.78));
#10205=VECTOR('',#11445,0.5470831746636);
#10206=CARTESIAN_POINT('',(4.975,1.695,2.55));
#10207=VECTOR('',#11446,0.2860069929215);
#10208=CARTESIAN_POINT('',(-5.145,1.695,2.78));
#10209=CARTESIAN_POINT('',(-5.145,1.695,2.78));
#10210=VECTOR('',#11447,0.2860069929215);
#10211=CARTESIAN_POINT('',(-4.975,1.695,3.3));
#10212=VECTOR('',#11448,0.5470831746636);
#10213=CARTESIAN_POINT('',(5.145,1.095,2.78));
#10214=CARTESIAN_POINT('',(5.145,1.095,2.78));
#10215=VECTOR('',#11449,0.6);
#10216=CARTESIAN_POINT('',(4.975,1.095,2.55));
#10217=VECTOR('',#11450,0.2860069929215);
#10218=CARTESIAN_POINT('',(5.145,1.095,2.78));
#10219=VECTOR('',#11451,0.5470831746636);
#10220=CARTESIAN_POINT('',(-5.145,1.095,2.78));
#10221=CARTESIAN_POINT('',(-4.975,1.095,3.3));
#10222=VECTOR('',#11452,0.5470831746636);
#10223=CARTESIAN_POINT('',(-5.145,1.095,2.78));
#10224=VECTOR('',#11453,0.2860069929215);
#10225=CARTESIAN_POINT('',(-5.145,1.095,2.78));
#10226=VECTOR('',#11454,0.6);
#10227=CARTESIAN_POINT('',(3.7,3.0,1.57));
#10228=VECTOR('',#11455,0.3);
#10229=CARTESIAN_POINT('',(5.275,1.0,2.05));
#10230=VECTOR('',#11456,0.3);
#10231=CARTESIAN_POINT('',(4.475,0.9,0.85));
#10232=VECTOR('',#11457,0.5);
#10233=CARTESIAN_POINT('',(2.5,0.3,5.05));
#10234=CARTESIAN_POINT('',(2.1,0.3,4.357179676972));
#10235=CARTESIAN_POINT('',(2.5,0.3,5.05));
#10236=VECTOR('',#11458,0.8);
#10237=CARTESIAN_POINT('',(2.5,0.3,5.05));
#10238=VECTOR('',#11459,0.2);
#10239=CARTESIAN_POINT('',(2.1,0.3,4.357179676972));
#10240=VECTOR('',#11460,0.2);
#10241=CARTESIAN_POINT('',(2.9,0.3,4.357179676972));
#10242=CARTESIAN_POINT('',(2.9,0.3,4.357179676972));
#10243=VECTOR('',#11461,0.2);
#10244=CARTESIAN_POINT('',(2.1,0.3,4.357179676972));
#10245=VECTOR('',#11462,0.8);
#10246=CARTESIAN_POINT('',(2.9,0.3,4.357179676972));
#10247=VECTOR('',#11463,0.8);
#10248=CARTESIAN_POINT('',(-3.4,2.0,4.75));
#10249=VECTOR('',#11464,0.45);
#10250=CARTESIAN_POINT('',(-3.4,2.093782217351,5.1));
#10251=VECTOR('',#11465,0.9062177826491);
#10252=CARTESIAN_POINT('',(-3.1,2.17416697508,5.4));
#10253=VECTOR('',#11466,0.8258330249198);
#10254=CARTESIAN_POINT('',(-3.296,2.4,1.39));
#10255=VECTOR('',#11467,0.78);
#10256=CARTESIAN_POINT('',(-3.296,2.6,1.39));
#10257=VECTOR('',#11468,0.78);
#10258=CARTESIAN_POINT('',(-3.296,1.4,1.39));
#10259=VECTOR('',#11469,0.78);
#10260=CARTESIAN_POINT('',(3.296,1.4,1.39));
#10261=VECTOR('',#11470,0.78);
#10262=DIRECTION('',(0.0,1.0,0.0));
#10263=DIRECTION('',(0.0,0.0,1.0));
#10264=CARTESIAN_POINT('',(-5.5,1.7,3.15));
#10265=DIRECTION('',(1.0,0.0,0.0));
#10266=DIRECTION('',(0.0,1.0,0.0));
#10267=DIRECTION('',(0.0,0.0,-1.0));
#10268=DIRECTION('',(0.0,-1.0,0.0));
#10269=DIRECTION('',(0.0,0.0,-1.0));
#10270=CARTESIAN_POINT('',(-5.5,0.75,3.15));
#10271=DIRECTION('',(1.0,0.0,-0.0));
#10272=DIRECTION('',(0.0,0.0,1.0));
#10273=DIRECTION('',(0.0,0.0,1.0));
#10274=DIRECTION('',(0.0,1.0,0.0));
#10275=DIRECTION('',(0.0,0.0,-1.0));
#10276=DIRECTION('',(0.0,1.0,0.0));
#10277=DIRECTION('',(0.0,0.0,-1.0));
#10278=DIRECTION('',(0.0,-1.0,0.0));
#10279=DIRECTION('',(0.0,0.0,-1.0));
#10280=DIRECTION('',(0.0,0.0,-1.0));
#10281=DIRECTION('',(1.0,0.0,0.0));
#10282=DIRECTION('',(0.0,0.0,1.0));
#10283=DIRECTION('',(-1.0,0.0,0.0));
#10284=DIRECTION('',(0.0,0.0,-1.0));
#10285=DIRECTION('',(-1.0,0.0,0.0));
#10286=DIRECTION('',(0.0,0.0,-1.0));
#10287=DIRECTION('',(1.0,0.0,0.0));
#10288=DIRECTION('',(0.0,0.0,1.0));
#10289=DIRECTION('',(1.0,0.0,0.0));
#10290=DIRECTION('',(0.0,0.0,1.0));
#10291=DIRECTION('',(1.0,0.0,0.0));
#10292=DIRECTION('',(0.0,0.0,1.0));
#10293=DIRECTION('',(1.0,0.0,0.0));
#10294=DIRECTION('',(4.270792609804E-14,0.0,1.0));
#10295=DIRECTION('',(1.0,0.0,0.0));
#10296=DIRECTION('',(0.0,0.0,1.0));
#10297=DIRECTION('',(1.0,0.0,0.0));
#10298=DIRECTION('',(4.270792609804E-14,0.0,1.0));
#10299=DIRECTION('',(1.0,0.0,0.0));
#10300=DIRECTION('',(0.0,0.0,1.0));
#10301=DIRECTION('',(1.0,0.0,0.0));
#10302=DIRECTION('',(2.135396304902E-14,0.0,1.0));
#10303=DIRECTION('',(1.0,0.0,0.0));
#10304=DIRECTION('',(0.0,0.0,1.0));
#10305=DIRECTION('',(1.0,0.0,0.0));
#10306=DIRECTION('',(4.270792609804E-14,0.0,1.0));
#10307=DIRECTION('',(1.0,0.0,0.0));
#10308=DIRECTION('',(0.0,0.0,1.0));
#10309=DIRECTION('',(1.0,0.0,0.0));
#10310=DIRECTION('',(0.0,0.0,1.0));
#10311=DIRECTION('',(1.0,0.0,0.0));
#10312=DIRECTION('',(0.0,0.0,1.0));
#10313=DIRECTION('',(-1.0,0.0,0.0));
#10314=DIRECTION('',(0.0,0.0,1.0));
#10315=DIRECTION('',(-1.0,0.0,0.0));
#10316=DIRECTION('',(8.881784197001E-14,0.0,-1.0));
#10317=DIRECTION('',(1.0,0.0,0.0));
#10318=DIRECTION('',(0.0,0.0,-1.0));
#10319=DIRECTION('',(1.0,0.0,0.0));
#10320=DIRECTION('',(8.881784197001E-14,0.0,-1.0));
#10321=DIRECTION('',(1.0,0.0,0.0));
#10322=DIRECTION('',(0.0,0.0,1.0));
#10323=DIRECTION('',(1.0,0.0,0.0));
#10324=DIRECTION('',(0.0,0.0,1.0));
#10325=DIRECTION('',(-1.0,0.0,0.0));
#10326=DIRECTION('',(0.0,0.0,1.0));
#10327=DIRECTION('',(1.0,0.0,0.0));
#10328=DIRECTION('',(-1.0,0.0,0.0));
#10329=DIRECTION('',(0.0,0.0,1.0));
#10330=DIRECTION('',(1.0,0.0,0.0));
#10331=DIRECTION('',(0.0,0.0,-1.0));
#10332=DIRECTION('',(1.0,0.0,0.0));
#10333=DIRECTION('',(4.440892098501E-14,0.0,1.0));
#10334=DIRECTION('',(1.0,0.0,0.0));
#10335=DIRECTION('',(1.0,0.0,0.0));
#10336=CARTESIAN_POINT('',(3.696,2.6,1.39));
#10337=DIRECTION('',(0.0,0.0,-1.0));
#10338=DIRECTION('',(-1.0,0.0,0.0));
#10339=DIRECTION('',(0.0,1.0,0.0));
#10340=DIRECTION('',(1.0,0.0,0.0));
#10341=DIRECTION('',(0.0,1.0,0.0));
#10342=DIRECTION('',(-1.0,0.0,0.0));
#10343=DIRECTION('',(0.0,1.0,0.0));
#10344=DIRECTION('',(1.0,0.0,0.0));
#10345=DIRECTION('',(0.0,-1.0,0.0));
#10346=CARTESIAN_POINT('',(3.696,2.6,1.39));
#10347=DIRECTION('',(0.0,0.0,1.0));
#10348=DIRECTION('',(-0.973333333333325,0.229395340454506,0.0));
#10349=DIRECTION('',(0.0,1.0,0.0));
#10350=CARTESIAN_POINT('',(3.696,2.6,1.39));
#10351=DIRECTION('',(0.0,-0.0,1.0));
#10352=DIRECTION('',(0.0,1.0,0.0));
#10353=DIRECTION('',(-1.0,0.0,0.0));
#10354=DIRECTION('',(0.0,-1.0,0.0));
#10355=DIRECTION('',(-1.0,0.0,0.0));
#10356=CARTESIAN_POINT('',(-3.696,2.6,1.39));
#10357=DIRECTION('',(0.0,-0.0,1.0));
#10358=DIRECTION('',(0.7453559924999,0.6666666666667,0.0));
#10359=DIRECTION('',(0.0,-1.0,0.0));
#10360=CARTESIAN_POINT('',(-3.696,2.6,1.39));
#10361=DIRECTION('',(0.0,0.0,1.0));
#10362=DIRECTION('',(1.0,0.0,0.0));
#10363=DIRECTION('',(0.0,1.0,0.0));
#10364=DIRECTION('',(-1.0,0.0,0.0));
#10365=DIRECTION('',(0.0,-1.0,0.0));
#10366=DIRECTION('',(-1.0,0.0,0.0));
#10367=DIRECTION('',(0.0,1.0,0.0));
#10368=DIRECTION('',(1.0,0.0,0.0));
#10369=DIRECTION('',(0.0,-1.0,0.0));
#10370=CARTESIAN_POINT('',(-3.696,2.6,1.39));
#10371=DIRECTION('',(0.0,0.0,-1.0));
#10372=DIRECTION('',(0.0,1.0,0.0));
#10373=DIRECTION('',(1.0,0.0,0.0));
#10374=DIRECTION('',(0.0,-1.0,0.0));
#10375=DIRECTION('',(0.0,-1.0,-5.551115123125E-14));
#10376=DIRECTION('',(0.707106781186547,0.0,0.707106781186547));
#10377=DIRECTION('',(0.0,-1.0,0.0));
#10378=DIRECTION('',(0.707106781186547,0.0,0.707106781186547));
#10379=DIRECTION('',(-1.0,0.0,0.0));
#10380=DIRECTION('',(-0.707106781186548,0.0,0.707106781186548));
#10381=DIRECTION('',(-1.0,0.0,0.0));
#10382=DIRECTION('',(-0.707106781186498,0.0,0.707106781186597));
#10383=DIRECTION('',(1.0,0.0,0.0));
#10384=DIRECTION('',(0.0,0.0,-1.0));
#10385=DIRECTION('',(1.0,0.0,0.0));
#10386=DIRECTION('',(0.707106781186548,0.0,0.707106781186548));
#10387=DIRECTION('',(1.0,0.0,0.0));
#10388=DIRECTION('',(0.0,0.0,-1.0));
#10389=DIRECTION('',(1.0,0.0,0.0));
#10390=DIRECTION('',(0.707106781186548,0.0,-0.707106781186548));
#10391=DIRECTION('',(1.0,0.0,0.0));
#10392=DIRECTION('',(0.707106781186498,0.0,-0.707106781186597));
#10393=DIRECTION('',(0.0,0.0,-1.0));
#10394=DIRECTION('',(1.0,0.0,0.0));
#10395=DIRECTION('',(-0.707106781186547,0.0,-0.707106781186547));
#10396=DIRECTION('',(-1.0,0.0,0.0));
#10397=DIRECTION('',(-0.707106781186548,0.0,-0.707106781186548));
#10398=DIRECTION('',(-1.0,0.0,0.0));
#10399=DIRECTION('',(0.0,0.0,1.0));
#10400=CARTESIAN_POINT('',(5.75,2.6,2.0));
#10401=DIRECTION('',(0.0,0.0,1.0));
#10402=DIRECTION('',(1.0,0.0,0.0));
#10403=DIRECTION('',(0.0,0.0,-1.0));
#10404=CARTESIAN_POINT('',(5.75,2.6,0.0));
#10405=DIRECTION('',(0.0,0.0,-1.0));
#10406=DIRECTION('',(0.0,1.0,0.0));
#10407=DIRECTION('',(0.0,1.0,0.0));
#10408=DIRECTION('',(-1.0,0.0,0.0));
#10409=DIRECTION('',(0.0,1.0,0.0));
#10410=CARTESIAN_POINT('',(5.746,2.596,0.0));
#10411=DIRECTION('',(0.0,0.0,1.0));
#10412=DIRECTION('',(1.0,0.0,0.0));
#10413=DIRECTION('',(-1.0,0.0,0.0));
#10414=DIRECTION('',(0.0,-1.0,0.0));
#10415=DIRECTION('',(-0.707106781186548,0.0,0.707106781186548));
#10416=DIRECTION('',(0.0,-1.0,0.0));
#10417=DIRECTION('',(-1.0,0.0,0.0));
#10418=DIRECTION('',(0.0,-1.0,0.0));
#10419=DIRECTION('',(-0.707106781186547,0.0,0.707106781186547));
#10420=DIRECTION('',(0.0,-1.0,-8.326672684688E-14));
#10421=DIRECTION('',(0.0,-1.0,0.0));
#10422=DIRECTION('',(-1.0,0.0,0.0));
#10423=CARTESIAN_POINT('',(3.696,2.6,0.61));
#10424=DIRECTION('',(0.0,-0.0,1.0));
#10425=DIRECTION('',(0.0,1.0,0.0));
#10426=DIRECTION('',(-1.354122511521E-14,-1.0,0.0));
#10427=CARTESIAN_POINT('',(3.696,2.6,0.61));
#10428=DIRECTION('',(0.0,0.0,1.0));
#10429=DIRECTION('',(-0.973333333333325,0.229395340454506,0.0));
#10430=DIRECTION('',(0.0,-1.0,0.0));
#10431=DIRECTION('',(1.0,0.0,0.0));
#10432=DIRECTION('',(0.0,1.0,0.0));
#10433=DIRECTION('',(-1.0,0.0,0.0));
#10434=DIRECTION('',(0.0,1.0,0.0));
#10435=DIRECTION('',(1.0,0.0,0.0));
#10436=DIRECTION('',(0.0,1.0,0.0));
#10437=CARTESIAN_POINT('',(3.696,2.6,0.61));
#10438=DIRECTION('',(0.0,0.0,-1.0));
#10439=DIRECTION('',(-1.0,0.0,0.0));
#10440=CARTESIAN_POINT('',(-3.696,2.6,0.61));
#10441=DIRECTION('',(0.0,0.0,-1.0));
#10442=DIRECTION('',(0.0,1.0,0.0));
#10443=DIRECTION('',(0.0,-1.0,0.0));
#10444=DIRECTION('',(1.0,0.0,0.0));
#10445=DIRECTION('',(0.0,1.0,0.0));
#10446=DIRECTION('',(-1.0,0.0,0.0));
#10447=DIRECTION('',(0.0,-1.0,0.0));
#10448=DIRECTION('',(-1.0,0.0,0.0));
#10449=DIRECTION('',(0.0,1.0,0.0));
#10450=CARTESIAN_POINT('',(-3.696,2.6,0.61));
#10451=DIRECTION('',(0.0,0.0,1.0));
#10452=DIRECTION('',(1.0,0.0,0.0));
#10453=DIRECTION('',(0.0,1.0,0.0));
#10454=CARTESIAN_POINT('',(-3.696,2.6,0.61));
#10455=DIRECTION('',(0.0,-0.0,1.0));
#10456=DIRECTION('',(0.7453559924999,0.6666666666667,0.0));
#10457=DIRECTION('',(-1.0,0.0,0.0));
#10458=DIRECTION('',(0.0,-1.0,0.0));
#10459=DIRECTION('',(0.0,0.0,-1.0));
#10460=DIRECTION('',(0.0,0.0,-1.0));
#10461=DIRECTION('',(0.0,0.0,-1.0));
#10462=DIRECTION('',(0.0,0.0,1.0));
#10463=DIRECTION('',(0.0,-1.0,0.0));
#10464=DIRECTION('',(0.0,0.0,1.0));
#10465=DIRECTION('',(0.0,-1.0,0.0));
#10466=DIRECTION('',(0.0,0.0,-1.0));
#10467=DIRECTION('',(0.0,-1.0,0.0));
#10468=DIRECTION('',(-1.0,0.0,0.0));
#10469=DIRECTION('',(-1.0,0.0,0.0));
#10470=DIRECTION('',(0.0,-1.0,0.0));
#10471=DIRECTION('',(0.0,0.0,-1.0));
#10472=DIRECTION('',(0.0,0.0,-1.0));
#10473=DIRECTION('',(0.0,-1.0,0.0));
#10474=DIRECTION('',(1.0,0.0,0.0));
#10475=DIRECTION('',(0.0,-1.0,0.0));
#10476=DIRECTION('',(1.0,0.0,0.0));
#10477=DIRECTION('',(1.0,0.0,0.0));
#10478=DIRECTION('',(0.0,0.0,-1.0));
#10479=DIRECTION('',(-1.0,0.0,0.0));
#10480=DIRECTION('',(0.0,0.0,1.0));
#10481=DIRECTION('',(0.0,0.0,-1.0));
#10482=DIRECTION('',(0.0,0.0,-1.0));
#10483=DIRECTION('',(0.0,0.0,-1.0));
#10484=DIRECTION('',(0.0,0.0,-1.0));
#10485=DIRECTION('',(0.0,-1.0,0.0));
#10486=DIRECTION('',(0.0,-1.0,0.0));
#10487=DIRECTION('',(0.0,0.0,-1.0));
#10488=DIRECTION('',(0.0,0.0,-1.0));
#10489=DIRECTION('',(0.0,0.0,-1.0));
#10490=DIRECTION('',(0.0,0.0,-1.0));
#10491=DIRECTION('',(0.0,-1.0,-1.110223024625E-13));
#10492=DIRECTION('',(0.0,0.0,-1.0));
#10493=DIRECTION('',(0.0,-1.0,-5.551115123125E-14));
#10494=DIRECTION('',(-0.707106781186547,0.0,-0.707106781186547));
#10495=DIRECTION('',(0.0,-1.0,0.0));
#10496=DIRECTION('',(-1.0,0.0,0.0));
#10497=DIRECTION('',(0.0,-1.0,0.0));
#10498=DIRECTION('',(-0.707106781186548,0.0,-0.707106781186548));
#10499=DIRECTION('',(0.0,-1.0,0.0));
#10500=DIRECTION('',(-1.0,0.0,0.0));
#10501=CARTESIAN_POINT('',(-5.746,2.596,0.0));
#10502=DIRECTION('',(0.0,-0.0,1.0));
#10503=DIRECTION('',(0.0,1.0,0.0));
#10504=DIRECTION('',(0.0,1.0,0.0));
#10505=DIRECTION('',(1.0,0.0,0.0));
#10506=DIRECTION('',(0.0,-1.0,0.0));
#10507=CARTESIAN_POINT('',(-5.75,2.6,0.0));
#10508=DIRECTION('',(0.0,0.0,-1.0));
#10509=DIRECTION('',(-1.0,0.0,0.0));
#10510=DIRECTION('',(0.0,0.0,1.0));
#10511=CARTESIAN_POINT('',(-5.75,2.6,2.0));
#10512=DIRECTION('',(0.0,-0.0,1.0));
#10513=DIRECTION('',(0.0,1.0,0.0));
#10514=DIRECTION('',(0.0,1.0,0.0));
#10515=DIRECTION('',(1.0,0.0,0.0));
#10516=DIRECTION('',(0.0,-1.0,0.0));
#10517=CARTESIAN_POINT('',(-5.746,2.596,2.0));
#10518=DIRECTION('',(0.0,0.0,-1.0));
#10519=DIRECTION('',(-1.0,0.0,0.0));
#10520=DIRECTION('',(1.0,0.0,0.0));
#10521=DIRECTION('',(0.0,-1.0,0.0));
#10522=DIRECTION('',(0.707106781186548,0.0,-0.707106781186548));
#10523=DIRECTION('',(0.0,-1.0,0.0));
#10524=DIRECTION('',(1.0,0.0,0.0));
#10525=DIRECTION('',(0.0,-1.0,0.0));
#10526=DIRECTION('',(0.707106781186547,0.0,-0.707106781186547));
#10527=DIRECTION('',(0.707106781186548,0.0,0.707106781186548));
#10528=DIRECTION('',(1.0,0.0,0.0));
#10529=DIRECTION('',(0.0,0.0,1.0));
#10530=DIRECTION('',(0.0,0.0,-1.0));
#10531=DIRECTION('',(1.0,0.0,0.0));
#10532=DIRECTION('',(0.0,0.0,1.0));
#10533=DIRECTION('',(0.0,-1.0,0.0));
#10534=CARTESIAN_POINT('',(5.746,2.596,2.0));
#10535=DIRECTION('',(0.0,0.0,-1.0));
#10536=DIRECTION('',(0.0,1.0,0.0));
#10537=DIRECTION('',(0.0,-1.0,0.0));
#10538=DIRECTION('',(-1.0,0.0,0.0));
#10539=DIRECTION('',(0.0,-1.0,0.0));
#10540=DIRECTION('',(0.0,-0.707106781186548,-0.707106781186548));
#10541=DIRECTION('',(0.0,0.0,-1.0));
#10542=DIRECTION('',(0.0,0.707106781186548,-0.707106781186548));
#10543=DIRECTION('',(-1.0,0.0,0.0));
#10544=DIRECTION('',(0.0,0.707106781186548,-0.707106781186548));
#10545=DIRECTION('',(0.0,0.0,-1.0));
#10546=DIRECTION('',(0.0,0.0,-1.0));
#10547=DIRECTION('',(0.0,-0.707106781186548,-0.707106781186548));
#10548=DIRECTION('',(-1.0,0.0,0.0));
#10549=DIRECTION('',(0.0,-1.0,0.0));
#10550=DIRECTION('',(0.0,0.0,-1.0));
#10551=DIRECTION('',(0.0,0.0,-1.0));
#10552=DIRECTION('',(0.0,0.0,-1.0));
#10553=DIRECTION('',(0.0,0.0,1.0));
#10554=DIRECTION('',(0.0,-0.707106781186548,-0.707106781186548));
#10555=DIRECTION('',(0.0,0.0,-1.0));
#10556=DIRECTION('',(0.0,0.707106781186548,-0.707106781186548));
#10557=DIRECTION('',(1.0,0.0,0.0));
#10558=DIRECTION('',(0.0,0.707106781186548,-0.707106781186548));
#10559=DIRECTION('',(0.0,0.0,-1.0));
#10560=DIRECTION('',(0.0,-0.707106781186548,-0.707106781186548));
#10561=DIRECTION('',(1.0,0.0,0.0));
#10562=DIRECTION('',(-1.0,0.0,0.0));
#10563=DIRECTION('',(0.0,-1.0,0.0));
#10564=DIRECTION('',(0.0,-1.0,0.0));
#10565=DIRECTION('',(0.0,0.0,-1.0));
#10566=DIRECTION('',(0.0,-1.0,0.0));
#10567=DIRECTION('',(0.0,0.0,-1.0));
#10568=DIRECTION('',(0.0,0.0,-1.0));
#10569=DIRECTION('',(0.0,-1.0,0.0));
#10570=DIRECTION('',(1.0,0.0,0.0));
#10571=DIRECTION('',(0.0,0.0,1.0));
#10572=DIRECTION('',(1.0,0.0,0.0));
#10573=DIRECTION('',(0.0,0.0,-1.0));
#10574=DIRECTION('',(1.0,0.0,0.0));
#10575=DIRECTION('',(0.0,0.0,1.0));
#10576=DIRECTION('',(0.0,0.0,1.0));
#10577=DIRECTION('',(-1.0,0.0,0.0));
#10578=DIRECTION('',(0.0,0.0,1.0));
#10579=DIRECTION('',(1.0,0.0,0.0));
#10580=DIRECTION('',(0.0,0.0,1.0));
#10581=DIRECTION('',(-1.0,0.0,0.0));
#10582=DIRECTION('',(0.0,0.0,-1.0));
#10583=DIRECTION('',(0.0,0.0,-1.0));
#10584=DIRECTION('',(1.0,0.0,0.0));
#10585=DIRECTION('',(0.0,0.0,1.0));
#10586=DIRECTION('',(1.0,0.0,0.0));
#10587=DIRECTION('',(0.0,0.0,1.0));
#10588=DIRECTION('',(0.707106781186548,0.0,0.707106781186548));
#10589=DIRECTION('',(1.0,0.0,0.0));
#10590=DIRECTION('',(0.707106781186548,0.0,-0.707106781186548));
#10591=DIRECTION('',(0.0,-1.0,0.0));
#10592=DIRECTION('',(0.0,-1.0,0.0));
#10593=DIRECTION('',(-0.694746590606865,0.186156787897391,0.694746590606865));
#10594=DIRECTION('',(1.0,0.0,0.0));
#10595=DIRECTION('',(-0.694746590606865,-0.186156787897391,-0.694746590606865));
#10596=DIRECTION('',(0.0,-0.258819045102493,-0.965925826289076));
#10597=DIRECTION('',(1.0,0.0,0.0));
#10598=DIRECTION('',(0.0,-0.258819045102493,-0.965925826289076));
#10599=DIRECTION('',(0.0,0.0,-1.0));
#10600=DIRECTION('',(0.0,-1.0,0.0));
#10601=DIRECTION('',(0.0,1.0,0.0));
#10602=DIRECTION('',(1.0,0.0,0.0));
#10603=DIRECTION('',(0.0,1.0,0.0));
#10604=DIRECTION('',(1.0,0.0,0.0));
#10605=DIRECTION('',(0.0,-1.0,0.0));
#10606=DIRECTION('',(1.0,0.0,0.0));
#10607=DIRECTION('',(0.0,-1.0,0.0));
#10608=DIRECTION('',(1.0,0.0,0.0));
#10609=DIRECTION('',(0.0,-1.0,0.0));
#10610=DIRECTION('',(-1.0,0.0,0.0));
#10611=DIRECTION('',(0.0,-1.0,0.0));
#10612=DIRECTION('',(1.0,0.0,0.0));
#10613=DIRECTION('',(0.0,1.0,0.0));
#10614=DIRECTION('',(1.0,0.0,0.0));
#10615=DIRECTION('',(0.0,-1.0,0.0));
#10616=DIRECTION('',(1.0,0.0,0.0));
#10617=DIRECTION('',(0.0,-1.0,0.0));
#10618=DIRECTION('',(-1.0,0.0,0.0));
#10619=DIRECTION('',(0.0,0.0,1.0));
#10620=DIRECTION('',(-1.0,0.0,0.0));
#10621=DIRECTION('',(0.0,0.0,1.0));
#10622=DIRECTION('',(-1.0,0.0,0.0));
#10623=DIRECTION('',(0.500000000000017,0.0,-0.866025403784429));
#10624=DIRECTION('',(-1.0,0.0,0.0));
#10625=DIRECTION('',(0.500000000000017,0.0,0.866025403784429));
#10626=DIRECTION('',(0.0,1.0,0.0));
#10627=DIRECTION('',(-1.0,0.0,0.0));
#10628=DIRECTION('',(0.0,1.0,0.0));
#10629=DIRECTION('',(-1.0,0.0,0.0));
#10630=DIRECTION('',(0.0,-1.0,0.0));
#10631=DIRECTION('',(-1.0,0.0,0.0));
#10632=DIRECTION('',(0.0,-1.0,0.0));
#10633=DIRECTION('',(0.0,-1.0,0.0));
#10634=DIRECTION('',(-1.0,0.0,0.0));
#10635=DIRECTION('',(0.0,-1.0,0.0));
#10636=DIRECTION('',(0.0,-1.0,0.0));
#10637=DIRECTION('',(-1.0,0.0,0.0));
#10638=DIRECTION('',(0.0,-1.0,0.0));
#10639=DIRECTION('',(1.0,0.0,0.0));
#10640=DIRECTION('',(0.0,-1.0,0.0));
#10641=DIRECTION('',(1.0,0.0,0.0));
#10642=DIRECTION('',(0.0,-1.0,0.0));
#10643=DIRECTION('',(-1.0,0.0,0.0));
#10644=DIRECTION('',(0.0,0.0,1.0));
#10645=DIRECTION('',(-1.0,0.0,0.0));
#10646=DIRECTION('',(0.0,0.0,1.0));
#10647=DIRECTION('',(-0.707106781186548,0.0,0.707106781186548));
#10648=DIRECTION('',(-1.0,0.0,0.0));
#10649=DIRECTION('',(-0.707106781186548,0.0,-0.707106781186548));
#10650=DIRECTION('',(0.0,0.0,-1.0));
#10651=DIRECTION('',(-1.0,0.0,0.0));
#10652=DIRECTION('',(0.0,0.0,1.0));
#10653=DIRECTION('',(0.0,0.0,-1.0));
#10654=DIRECTION('',(0.0,0.471933557161814,-0.881634117774827));
#10655=DIRECTION('',(0.0,0.0,-1.0));
#10656=DIRECTION('',(0.0,-1.0,0.0));
#10657=DIRECTION('',(0.0,-0.471933557161814,0.881634117774827));
#10658=DIRECTION('',(0.0,-1.0,0.0));
#10659=DIRECTION('',(0.0,0.0,1.0));
#10660=DIRECTION('',(0.0,-1.0,0.0));
#10661=DIRECTION('',(-0.707106781186548,0.0,0.707106781186548));
#10662=DIRECTION('',(0.0,-1.0,0.0));
#10663=DIRECTION('',(0.624695047554424,0.468521285665818,-0.624695047554424));
#10664=DIRECTION('',(0.707106781186548,0.0,-0.707106781186548));
#10665=DIRECTION('',(-1.0,0.0,0.0));
#10666=DIRECTION('',(0.0,0.0,1.0));
#10667=DIRECTION('',(-1.0,0.0,0.0));
#10668=DIRECTION('',(0.0,0.0,-1.0));
#10669=DIRECTION('',(-1.0,0.0,0.0));
#10670=DIRECTION('',(1.0,0.0,0.0));
#10671=DIRECTION('',(0.707106781186597,0.0,0.707106781186498));
#10672=DIRECTION('',(0.0,1.0,0.0));
#10673=DIRECTION('',(-0.624695047554424,0.468521285665818,-0.624695047554424));
#10674=DIRECTION('',(0.0,1.0,0.0));
#10675=DIRECTION('',(-0.707106781186548,0.0,-0.707106781186548));
#10676=DIRECTION('',(-1.0,0.0,0.0));
#10677=DIRECTION('',(0.0,0.0,-1.0));
#10678=DIRECTION('',(-1.0,0.0,0.0));
#10679=DIRECTION('',(0.0,0.0,1.0));
#10680=DIRECTION('',(-1.0,0.0,0.0));
#10681=DIRECTION('',(0.0,0.0,-1.0));
#10682=DIRECTION('',(0.0,0.707106781186548,-0.707106781186548));
#10683=DIRECTION('',(0.0,1.0,0.0));
#10684=DIRECTION('',(0.0,0.164398987305406,0.986393923832136));
#10685=DIRECTION('',(-1.0,0.0,0.0));
#10686=DIRECTION('',(0.0,0.164398987305406,0.986393923832136));
#10687=DIRECTION('',(0.0,0.471933557161814,-0.881634117774827));
#10688=DIRECTION('',(0.0,1.0,0.0));
#10689=DIRECTION('',(0.0,0.0,1.0));
#10690=DIRECTION('',(0.0,-1.0,0.0));
#10691=CARTESIAN_POINT('',(4.975,1.895,1.45));
#10692=DIRECTION('',(-1.0,0.0,0.0));
#10693=DIRECTION('',(0.0,0.0333333333333288,-0.999444290037663));
#10694=DIRECTION('',(0.0,0.0,1.0));
#10695=CARTESIAN_POINT('',(4.975,1.895,1.45));
#10696=DIRECTION('',(-1.0,0.0,0.0));
#10697=DIRECTION('',(0.0,0.0,1.0));
#10698=DIRECTION('',(0.0,0.0,1.0));
#10699=CARTESIAN_POINT('',(4.975,1.7,3.15));
#10700=DIRECTION('',(-1.0,0.0,0.0));
#10701=DIRECTION('',(0.0,0.0,1.0));
#10702=DIRECTION('',(0.0,-1.0,0.0));
#10703=DIRECTION('',(0.0,1.0,0.0));
#10704=DIRECTION('',(0.0,0.707106781186548,-0.707106781186548));
#10705=DIRECTION('',(0.0,1.0,0.0));
#10706=DIRECTION('',(0.0,0.0,-1.0));
#10707=DIRECTION('',(0.0,1.0,0.0));
#10708=DIRECTION('',(0.0,0.0,-1.0));
#10709=DIRECTION('',(0.0,0.0,1.0));
#10710=DIRECTION('',(-1.0,0.0,0.0));
#10711=DIRECTION('',(0.0,0.0,-1.0));
#10712=DIRECTION('',(0.0,-1.0,0.0));
#10713=DIRECTION('',(0.0,0.0,-1.0));
#10714=DIRECTION('',(0.0,1.0,0.0));
#10715=DIRECTION('',(0.0,0.0,1.0));
#10716=DIRECTION('',(0.0,1.0,0.0));
#10717=DIRECTION('',(0.0,0.0,1.0));
#10718=DIRECTION('',(0.0,-0.471933557161814,0.881634117774827));
#10719=DIRECTION('',(0.0,1.0,0.0));
#10720=DIRECTION('',(0.0,0.0,1.0));
#10721=DIRECTION('',(0.0,1.0,0.0));
#10722=DIRECTION('',(-1.184237892934E-14,0.0,1.0));
#10723=DIRECTION('',(0.0,-1.0,0.0));
#10724=DIRECTION('',(0.0,-1.0,0.0));
#10725=CARTESIAN_POINT('',(4.475,1.895,1.45));
#10726=DIRECTION('',(-1.0,0.0,0.0));
#10727=DIRECTION('',(0.0,0.0,1.0));
#10728=DIRECTION('',(0.0,-1.0,0.0));
#10729=DIRECTION('',(0.0,0.0,-1.0));
#10730=DIRECTION('',(-1.0,0.0,0.0));
#10731=DIRECTION('',(-1.0,0.0,0.0));
#10732=DIRECTION('',(0.0,0.471933557161814,-0.881634117774826));
#10733=DIRECTION('',(-1.0,0.0,0.0));
#10734=DIRECTION('',(0.0,1.0,0.0));
#10735=DIRECTION('',(-1.0,0.0,0.0));
#10736=DIRECTION('',(0.0,-1.0,0.0));
#10737=DIRECTION('',(1.0,0.0,0.0));
#10738=DIRECTION('',(0.0,1.0,0.0));
#10739=DIRECTION('',(-1.0,0.0,0.0));
#10740=DIRECTION('',(0.0,1.0,0.0));
#10741=DIRECTION('',(1.0,0.0,0.0));
#10742=DIRECTION('',(0.0,1.0,0.0));
#10743=DIRECTION('',(-1.0,0.0,0.0));
#10744=DIRECTION('',(0.0,0.0,-1.0));
#10745=DIRECTION('',(0.0,1.0,0.0));
#10746=CARTESIAN_POINT('',(4.975,1.7,3.15));
#10747=DIRECTION('',(1.0,0.0,0.0));
#10748=DIRECTION('',(0.0,1.0,0.0));
#10749=DIRECTION('',(-1.0,0.0,0.0));
#10750=CARTESIAN_POINT('',(5.5,1.7,3.15));
#10751=DIRECTION('',(-1.0,0.0,0.0));
#10752=DIRECTION('',(0.0,0.0,1.0));
#10753=DIRECTION('',(-1.0,0.0,0.0));
#10754=DIRECTION('',(0.0,0.0,-1.0));
#10755=DIRECTION('',(-0.985622254813275,0.0,-0.168963815110796));
#10756=DIRECTION('',(-0.985622254813275,0.0,0.168963815110796));
#10757=DIRECTION('',(1.0,0.0,0.0));
#10758=DIRECTION('',(0.0,-1.0,0.0));
#10759=DIRECTION('',(-0.985622254813275,0.0,-0.168963815110796));
#10760=DIRECTION('',(0.0,0.0,-1.0));
#10761=DIRECTION('',(-1.0,0.0,0.0));
#10762=DIRECTION('',(-0.985622254813275,0.0,0.168963815110796));
#10763=DIRECTION('',(1.0,0.0,0.0));
#10764=CARTESIAN_POINT('',(5.5,0.75,3.15));
#10765=DIRECTION('',(-1.0,0.0,0.0));
#10766=DIRECTION('',(0.0,-1.0,0.0));
#10767=DIRECTION('',(1.0,0.0,0.0));
#10768=CARTESIAN_POINT('',(4.775,0.75,3.15));
#10769=DIRECTION('',(1.0,0.0,-0.0));
#10770=DIRECTION('',(0.0,0.0,1.0));
#10771=DIRECTION('',(0.0,0.0,1.0));
#10772=DIRECTION('',(0.0,1.0,0.0));
#10773=DIRECTION('',(0.0,0.0,1.0));
#10774=CARTESIAN_POINT('',(4.775,1.895,1.45));
#10775=DIRECTION('',(-1.0,0.0,0.0));
#10776=DIRECTION('',(0.0,0.0333333333333288,0.999444290037663));
#10777=DIRECTION('',(0.0,0.0,1.0));
#10778=DIRECTION('',(0.0,1.0,0.0));
#10779=DIRECTION('',(0.0,0.0,-1.0));
#10780=DIRECTION('',(0.0,0.0,1.0));
#10781=DIRECTION('',(0.0,1.0,0.0));
#10782=DIRECTION('',(0.0,0.0,1.0));
#10783=DIRECTION('',(1.0,0.0,0.0));
#10784=DIRECTION('',(1.0,0.0,0.0));
#10785=DIRECTION('',(0.0,0.0,-1.0));
#10786=CARTESIAN_POINT('',(4.625,0.0,0.95));
#10787=DIRECTION('',(0.0,-1.0,-0.0));
#10788=DIRECTION('',(-1.0,0.0,-7.549516567451E-14));
#10789=DIRECTION('',(0.6,0.0,-0.8));
#10790=DIRECTION('',(0.6,0.0,0.8));
#10791=DIRECTION('',(1.0,0.0,0.0));
#10792=DIRECTION('',(0.0,0.0,1.0));
#10793=CARTESIAN_POINT('',(-4.625,0.0,0.95));
#10794=DIRECTION('',(0.0,-1.0,0.0));
#10795=DIRECTION('',(-1.0,0.0,0.0));
#10796=DIRECTION('',(0.0,0.0,-1.0));
#10797=DIRECTION('',(0.0,0.471933557161814,-0.881634117774826));
#10798=DIRECTION('',(0.0,-1.0,0.0));
#10799=DIRECTION('',(0.0,1.0,0.0));
#10800=DIRECTION('',(0.0,0.0,1.0));
#10801=CARTESIAN_POINT('',(-4.775,0.75,3.15));
#10802=DIRECTION('',(-1.0,0.0,0.0));
#10803=DIRECTION('',(0.0,-1.0,0.0));
#10804=DIRECTION('',(0.0,0.0,-1.0));
#10805=DIRECTION('',(0.0,1.0,0.0));
#10806=DIRECTION('',(0.0,0.0,-1.0));
#10807=DIRECTION('',(0.0,-1.0,0.0));
#10808=DIRECTION('',(0.0,0.0,-1.0));
#10809=DIRECTION('',(0.0,1.0,0.0));
#10810=DIRECTION('',(0.0,0.0,1.0));
#10811=CARTESIAN_POINT('',(-4.775,1.895,1.45));
#10812=DIRECTION('',(-1.0,0.0,0.0));
#10813=DIRECTION('',(0.0,0.0333333333333288,0.999444290037663));
#10814=DIRECTION('',(0.0,0.0,1.0));
#10815=DIRECTION('',(0.0,0.0,1.0));
#10816=DIRECTION('',(1.0,0.0,0.0));
#10817=DIRECTION('',(-1.0,0.0,0.0));
#10818=DIRECTION('',(0.0,0.0,-1.0));
#10819=DIRECTION('',(1.0,0.0,0.0));
#10820=DIRECTION('',(0.707106781186548,0.0,-0.707106781186548));
#10821=DIRECTION('',(-1.0,0.0,0.0));
#10822=DIRECTION('',(0.707106781186548,0.0,0.707106781186548));
#10823=DIRECTION('',(-0.707106781186548,0.0,-0.707106781186548));
#10824=DIRECTION('',(0.0,1.0,0.0));
#10825=DIRECTION('',(0.624695047554424,-0.468521285665818,0.624695047554424));
#10826=DIRECTION('',(0.0,1.0,0.0));
#10827=DIRECTION('',(-1.0,0.0,0.0));
#10828=DIRECTION('',(0.0,-1.0,0.0));
#10829=DIRECTION('',(-1.0,0.0,0.0));
#10830=DIRECTION('',(1.0,0.0,0.0));
#10831=DIRECTION('',(0.0,0.0,1.0));
#10832=DIRECTION('',(1.0,0.0,0.0));
#10833=DIRECTION('',(0.0,0.0,-1.0));
#10834=DIRECTION('',(-0.707106781186548,0.0,0.707106781186548));
#10835=DIRECTION('',(0.0,0.0,1.0));
#10836=DIRECTION('',(0.0,-0.164398987305406,-0.986393923832136));
#10837=DIRECTION('',(0.0,-1.0,0.0));
#10838=DIRECTION('',(0.0,-0.707106781186548,0.707106781186548));
#10839=DIRECTION('',(0.0,-1.0,0.0));
#10840=DIRECTION('',(-0.624695047554424,-0.468521285665818,0.624695047554424));
#10841=DIRECTION('',(1.0,0.0,0.0));
#10842=DIRECTION('',(0.0,-0.707106781186548,0.707106781186548));
#10843=DIRECTION('',(0.0,0.0,-1.0));
#10844=DIRECTION('',(0.0,-1.0,0.0));
#10845=DIRECTION('',(0.0,-0.471933557161814,0.881634117774827));
#10846=DIRECTION('',(0.0,-0.164398987305406,-0.986393923832136));
#10847=DIRECTION('',(0.0,1.0,0.0));
#10848=CARTESIAN_POINT('',(-4.975,1.7,3.15));
#10849=DIRECTION('',(-1.0,0.0,0.0));
#10850=DIRECTION('',(0.0,0.0,1.0));
#10851=DIRECTION('',(0.0,0.0,-1.0));
#10852=CARTESIAN_POINT('',(-4.975,1.895,1.45));
#10853=DIRECTION('',(-1.0,0.0,0.0));
#10854=DIRECTION('',(0.0,0.0,1.0));
#10855=DIRECTION('',(0.0,0.0,-1.0));
#10856=CARTESIAN_POINT('',(-4.975,1.895,1.45));
#10857=DIRECTION('',(-1.0,0.0,0.0));
#10858=DIRECTION('',(0.0,0.0333333333333288,-0.999444290037663));
#10859=DIRECTION('',(0.0,-1.0,0.0));
#10860=DIRECTION('',(0.0,-1.0,0.0));
#10861=DIRECTION('',(0.0,1.0,0.0));
#10862=DIRECTION('',(0.0,0.0,-1.0));
#10863=DIRECTION('',(0.0,1.0,0.0));
#10864=DIRECTION('',(0.0,0.0,-1.0));
#10865=DIRECTION('',(-1.0,0.0,0.0));
#10866=DIRECTION('',(0.0,-0.471933557161814,0.881634117774827));
#10867=DIRECTION('',(1.0,0.0,0.0));
#10868=DIRECTION('',(0.0,-0.471933557161814,0.881634117774827));
#10869=DIRECTION('',(-1.0,0.0,0.0));
#10870=DIRECTION('',(0.0,-0.471933557161814,0.881634117774827));
#10871=DIRECTION('',(0.0,0.0,1.0));
#10872=DIRECTION('',(0.0,-1.0,0.0));
#10873=DIRECTION('',(0.0,-1.0,0.0));
#10874=DIRECTION('',(0.0,0.0,-1.0));
#10875=DIRECTION('',(-1.0,0.0,0.0));
#10876=DIRECTION('',(0.0,0.0,1.0));
#10877=DIRECTION('',(-1.0,0.0,0.0));
#10878=DIRECTION('',(0.0,0.0,-1.0));
#10879=DIRECTION('',(0.0,-1.0,0.0));
#10880=DIRECTION('',(0.0,0.0,1.0));
#10881=DIRECTION('',(0.0,1.0,0.0));
#10882=DIRECTION('',(0.0,-1.0,0.0));
#10883=DIRECTION('',(0.0,-1.0,0.0));
#10884=CARTESIAN_POINT('',(-4.475,1.895,1.45));
#10885=DIRECTION('',(-1.0,0.0,0.0));
#10886=DIRECTION('',(0.0,0.0,1.0));
#10887=DIRECTION('',(0.0,0.0,-1.0));
#10888=DIRECTION('',(0.0,-1.0,0.0));
#10889=DIRECTION('',(0.0,-1.0,0.0));
#10890=DIRECTION('',(0.0,0.0,-1.0));
#10891=DIRECTION('',(0.0,1.0,0.0));
#10892=DIRECTION('',(0.0,0.0,1.0));
#10893=DIRECTION('',(0.0,-1.0,0.0));
#10894=DIRECTION('',(0.0,0.0,1.0));
#10895=DIRECTION('',(0.0,-1.0,0.0));
#10896=DIRECTION('',(-1.0,0.0,0.0));
#10897=DIRECTION('',(1.0,0.0,0.0));
#10898=DIRECTION('',(0.0,1.0,0.0));
#10899=CARTESIAN_POINT('',(-4.625,2.55,0.95));
#10900=DIRECTION('',(0.0,-1.0,0.0));
#10901=DIRECTION('',(-1.0,0.0,0.0));
#10902=DIRECTION('',(-1.0,0.0,0.0));
#10903=DIRECTION('',(-1.0,0.0,0.0));
#10904=CARTESIAN_POINT('',(4.625,2.55,0.95));
#10905=DIRECTION('',(0.0,-1.0,0.0));
#10906=DIRECTION('',(0.0,0.0,-1.0));
#10907=DIRECTION('',(0.0,0.0,-1.0));
#10908=DIRECTION('',(-1.0,0.0,0.0));
#10909=CARTESIAN_POINT('',(4.625,2.55,0.95));
#10910=DIRECTION('',(0.0,-1.0,0.0));
#10911=DIRECTION('',(-1.0,0.0,0.0));
#10912=DIRECTION('',(-1.0,0.0,0.0));
#10913=CARTESIAN_POINT('',(-4.625,2.55,0.95));
#10914=DIRECTION('',(0.0,-1.0,0.0));
#10915=DIRECTION('',(0.0,0.0,-1.0));
#10916=CARTESIAN_POINT('',(-4.625,0.55,0.95));
#10917=DIRECTION('',(0.0,-1.0,0.0));
#10918=DIRECTION('',(-1.0,0.0,0.0));
#10919=CARTESIAN_POINT('',(-4.625,1.9,0.95));
#10920=DIRECTION('',(0.0,-1.0,0.0));
#10921=DIRECTION('',(-1.0,0.0,0.0));
#10922=DIRECTION('',(1.0,0.0,0.0));
#10923=DIRECTION('',(1.0,0.0,0.0));
#10924=DIRECTION('',(0.0,1.0,0.0));
#10925=DIRECTION('',(-1.0,0.0,0.0));
#10926=DIRECTION('',(1.0,0.0,0.0));
#10927=DIRECTION('',(0.0,1.0,0.0));
#10928=DIRECTION('',(-1.0,0.0,0.0));
#10929=DIRECTION('',(-1.0,0.0,0.0));
#10930=DIRECTION('',(0.0,1.0,0.0));
#10931=DIRECTION('',(0.0,-1.0,0.0));
#10932=DIRECTION('',(1.0,0.0,0.0));
#10933=DIRECTION('',(1.0,0.0,0.0));
#10934=DIRECTION('',(-1.0,0.0,0.0));
#10935=DIRECTION('',(-1.0,0.0,0.0));
#10936=DIRECTION('',(-1.0,0.0,0.0));
#10937=DIRECTION('',(-1.0,0.0,0.0));
#10938=DIRECTION('',(1.0,0.0,0.0));
#10939=DIRECTION('',(1.0,1.68753899743E-14,0.0));
#10940=DIRECTION('',(0.0,0.0,1.0));
#10941=CARTESIAN_POINT('',(-4.975,1.7,3.15));
#10942=DIRECTION('',(-1.0,0.0,0.0));
#10943=DIRECTION('',(0.0,0.974999999999998,0.222204860432899));
#10944=DIRECTION('',(0.0,-1.0,0.0));
#10945=DIRECTION('',(0.0,0.0,-1.0));
#10946=DIRECTION('',(-1.0,0.0,0.0));
#10947=DIRECTION('',(-1.0,0.0,0.0));
#10948=DIRECTION('',(1.0,0.0,0.0));
#10949=DIRECTION('',(-1.0,0.0,0.0));
#10950=CARTESIAN_POINT('',(4.625,1.9,0.95));
#10951=DIRECTION('',(0.0,-1.0,-0.0));
#10952=DIRECTION('',(-1.0,0.0,-2.442490654175E-14));
#10953=DIRECTION('',(0.0,0.0,1.0));
#10954=DIRECTION('',(-1.0,0.0,0.0));
#10955=DIRECTION('',(-1.0,1.59872115546E-14,0.0));
#10956=DIRECTION('',(0.0,-1.0,0.0));
#10957=DIRECTION('',(0.0,0.0,1.0));
#10958=CARTESIAN_POINT('',(4.625,0.55,0.95));
#10959=DIRECTION('',(0.0,-1.0,-0.0));
#10960=DIRECTION('',(-1.0,0.0,-1.850371707709E-14));
#10961=DIRECTION('',(0.0,0.0,1.0));
#10962=DIRECTION('',(1.0,0.0,0.0));
#10963=DIRECTION('',(0.0,0.0,-1.0));
#10964=DIRECTION('',(-1.0,0.0,0.0));
#10965=DIRECTION('',(-1.0,0.0,0.0));
#10966=DIRECTION('',(0.0,0.0,-1.0));
#10967=DIRECTION('',(1.0,0.0,0.0));
#10968=DIRECTION('',(0.0,0.0,1.0));
#10969=DIRECTION('',(0.0,-1.0,0.0));
#10970=DIRECTION('',(-2.6645352591E-14,1.0,0.0));
#10971=DIRECTION('',(-1.0,0.0,0.0));
#10972=DIRECTION('',(0.0,0.0,-1.0));
#10973=DIRECTION('',(1.0,0.0,0.0));
#10974=DIRECTION('',(0.0,0.0,-1.0));
#10975=DIRECTION('',(0.0,0.0,-1.0));
#10976=DIRECTION('',(-1.0,0.0,0.0));
#10977=DIRECTION('',(0.0,0.0,-1.0));
#10978=DIRECTION('',(-0.707106781186548,0.0,-0.707106781186548));
#10979=DIRECTION('',(-1.0,0.0,0.0));
#10980=DIRECTION('',(-0.707106781186548,0.0,0.707106781186548));
#10981=DIRECTION('',(0.0,0.0,1.0));
#10982=DIRECTION('',(0.0,0.0,-1.0));
#10983=DIRECTION('',(1.0,0.0,0.0));
#10984=DIRECTION('',(0.0,0.0,-1.0));
#10985=DIRECTION('',(1.0,0.0,0.0));
#10986=DIRECTION('',(0.0,0.0,-1.0));
#10987=DIRECTION('',(1.0,0.0,0.0));
#10988=DIRECTION('',(0.0,0.0,-1.0));
#10989=DIRECTION('',(1.0,0.0,0.0));
#10990=DIRECTION('',(0.0,0.0,-1.0));
#10991=DIRECTION('',(1.0,0.0,0.0));
#10992=DIRECTION('',(0.0,0.0,-1.0));
#10993=DIRECTION('',(1.0,0.0,0.0));
#10994=DIRECTION('',(0.0,0.0,-1.0));
#10995=DIRECTION('',(1.0,0.0,0.0));
#10996=DIRECTION('',(0.0,0.0,-1.0));
#10997=DIRECTION('',(1.0,0.0,0.0));
#10998=DIRECTION('',(0.0,0.0,-1.0));
#10999=DIRECTION('',(1.0,0.0,0.0));
#11000=DIRECTION('',(0.0,0.0,-1.0));
#11001=DIRECTION('',(1.0,0.0,0.0));
#11002=DIRECTION('',(0.0,0.0,-1.0));
#11003=DIRECTION('',(1.0,0.0,0.0));
#11004=DIRECTION('',(0.0,0.0,-1.0));
#11005=DIRECTION('',(1.0,0.0,0.0));
#11006=DIRECTION('',(0.0,0.0,-1.0));
#11007=DIRECTION('',(0.0,1.0,0.0));
#11008=CARTESIAN_POINT('',(-2.675,2.546,-0.003723435466664));
#11009=DIRECTION('',(1.0,0.0,0.0));
#11010=DIRECTION('',(0.0,1.0,0.0));
#11011=DIRECTION('',(0.0,0.0,1.0));
#11012=DIRECTION('',(0.0,1.0,0.0));
#11013=DIRECTION('',(0.0,0.0,-1.0));
#11014=CARTESIAN_POINT('',(-2.675,2.55,0.01251329168308));
#11015=DIRECTION('',(-1.0,0.0,0.0));
#11016=DIRECTION('',(0.0,0.750000000000024,0.661437827766121));
#11017=DIRECTION('',(0.0,0.0,1.0));
#11018=CARTESIAN_POINT('',(-2.675,0.6226,3.886));
#11019=DIRECTION('',(1.0,0.0,0.0));
#11020=DIRECTION('',(0.0,1.0,0.0));
#11021=DIRECTION('',(0.0,0.0,1.0));
#11022=DIRECTION('',(0.0,-0.707106781186498,0.707106781186598));
#11023=CARTESIAN_POINT('',(-2.675,1.785085811307,3.49));
#11024=DIRECTION('',(1.0,0.0,0.0));
#11025=DIRECTION('',(0.0,-0.832102059163271,0.554622541136081));
#11026=DIRECTION('',(0.0,-0.554622541135827,-0.832102059163441));
#11027=DIRECTION('',(0.0,0.0,1.0));
#11028=DIRECTION('',(1.12699643914002E-13,0.554622541136012,0.832102059163317));
#11029=DIRECTION('',(-5.36714344726491E-14,-0.264130269979896,0.964487014158484));
#11030=DIRECTION('',(0.0,0.0,1.0));
#11031=DIRECTION('',(0.0,0.264130269979896,-0.964487014158484));
#11032=DIRECTION('',(1.0,0.0,0.0));
#11033=CARTESIAN_POINT('',(-2.325,2.55,0.01251329168308));
#11034=DIRECTION('',(-1.0,0.0,0.0));
#11035=DIRECTION('',(0.0,0.750000000000024,0.661437827766121));
#11036=DIRECTION('',(0.0,0.0,-1.0));
#11037=DIRECTION('',(0.0,1.0,0.0));
#11038=DIRECTION('',(0.0,0.0,1.0));
#11039=CARTESIAN_POINT('',(-2.325,2.546,-0.003723435466664));
#11040=DIRECTION('',(1.0,0.0,0.0));
#11041=DIRECTION('',(0.0,1.0,0.0));
#11042=DIRECTION('',(0.0,1.0,0.0));
#11043=DIRECTION('',(0.0,0.0,1.0));
#11044=CARTESIAN_POINT('',(-2.325,0.6226,3.886));
#11045=DIRECTION('',(1.0,0.0,0.0));
#11046=DIRECTION('',(0.0,1.0,0.0));
#11047=DIRECTION('',(0.0,0.0,1.0));
#11048=DIRECTION('',(0.0,-0.707106781186498,0.707106781186598));
#11049=DIRECTION('',(0.0,0.264130269979896,-0.964487014158484));
#11050=DIRECTION('',(0.0,0.0,1.0));
#11051=DIRECTION('',(0.0,-0.264130269979896,0.964487014158484));
#11052=DIRECTION('',(0.0,0.554622541135827,0.83210205916344));
#11053=DIRECTION('',(0.0,0.0,1.0));
#11054=DIRECTION('',(0.0,-0.554622541135827,-0.832102059163441));
#11055=CARTESIAN_POINT('',(-2.325,1.785085811307,3.49));
#11056=DIRECTION('',(1.0,0.0,0.0));
#11057=DIRECTION('',(0.0,-0.832102059163271,0.554622541136081));
#11058=DIRECTION('',(0.0,1.0,0.0));
#11059=DIRECTION('',(0.0,1.0,0.0));
#11060=DIRECTION('',(1.0,0.0,0.0));
#11061=DIRECTION('',(0.0,1.0,0.0));
#11062=DIRECTION('',(0.0,1.0,0.0));
#11063=DIRECTION('',(1.0,0.0,0.0));
#11064=DIRECTION('',(0.0,1.0,0.0));
#11065=DIRECTION('',(0.0,1.0,0.0));
#11066=DIRECTION('',(1.0,0.0,0.0));
#11067=DIRECTION('',(0.0,1.0,0.0));
#11068=DIRECTION('',(0.0,1.0,0.0));
#11069=DIRECTION('',(1.0,0.0,0.0));
#11070=DIRECTION('',(0.0,1.0,0.0));
#11071=DIRECTION('',(0.0,1.0,0.0));
#11072=DIRECTION('',(1.0,0.0,0.0));
#11073=DIRECTION('',(0.0,1.0,0.0));
#11074=DIRECTION('',(1.0,0.0,0.0));
#11075=DIRECTION('',(0.0,1.0,0.0));
#11076=DIRECTION('',(0.0,-1.0,0.0));
#11077=DIRECTION('',(0.0,-1.0,0.0));
#11078=DIRECTION('',(1.0,0.0,0.0));
#11079=DIRECTION('',(1.0,0.0,0.0));
#11080=DIRECTION('',(1.0,0.0,0.0));
#11081=CARTESIAN_POINT('',(-1.675,2.546,-0.003723435466664));
#11082=DIRECTION('',(1.0,0.0,0.0));
#11083=DIRECTION('',(0.0,1.0,0.0));
#11084=DIRECTION('',(0.0,0.0,1.0));
#11085=DIRECTION('',(0.0,1.0,0.0));
#11086=DIRECTION('',(0.0,0.0,-1.0));
#11087=CARTESIAN_POINT('',(-1.675,2.55,0.01251329168308));
#11088=DIRECTION('',(-1.0,0.0,0.0));
#11089=DIRECTION('',(0.0,0.750000000000024,0.661437827766121));
#11090=DIRECTION('',(0.0,0.0,1.0));
#11091=CARTESIAN_POINT('',(-1.675,0.6226,3.886));
#11092=DIRECTION('',(1.0,0.0,0.0));
#11093=DIRECTION('',(0.0,1.0,0.0));
#11094=DIRECTION('',(0.0,0.0,1.0));
#11095=DIRECTION('',(0.0,-0.707106781186498,0.707106781186598));
#11096=CARTESIAN_POINT('',(-1.675,1.785085811307,3.49));
#11097=DIRECTION('',(1.0,0.0,0.0));
#11098=DIRECTION('',(0.0,-0.832102059163271,0.554622541136081));
#11099=DIRECTION('',(0.0,-0.554622541135827,-0.832102059163441));
#11100=DIRECTION('',(0.0,0.0,1.0));
#11101=DIRECTION('',(1.69049465870903E-13,0.554622541136012,0.832102059163317));
#11102=DIRECTION('',(-8.05071517089687E-14,-0.264130269979896,0.964487014158484));
#11103=DIRECTION('',(0.0,0.0,1.0));
#11104=DIRECTION('',(0.0,0.264130269979896,-0.964487014158484));
#11105=DIRECTION('',(1.0,0.0,0.0));
#11106=CARTESIAN_POINT('',(-1.325,2.55,0.01251329168308));
#11107=DIRECTION('',(-1.0,0.0,0.0));
#11108=DIRECTION('',(0.0,0.750000000000024,0.661437827766121));
#11109=DIRECTION('',(0.0,0.0,-1.0));
#11110=DIRECTION('',(0.0,1.0,0.0));
#11111=DIRECTION('',(0.0,0.0,1.0));
#11112=CARTESIAN_POINT('',(-1.325,2.546,-0.003723435466664));
#11113=DIRECTION('',(1.0,0.0,0.0));
#11114=DIRECTION('',(0.0,1.0,0.0));
#11115=DIRECTION('',(0.0,0.0,1.0));
#11116=CARTESIAN_POINT('',(-1.325,0.6226,3.886));
#11117=DIRECTION('',(1.0,0.0,0.0));
#11118=DIRECTION('',(0.0,1.0,0.0));
#11119=DIRECTION('',(0.0,0.0,1.0));
#11120=DIRECTION('',(0.0,-0.707106781186498,0.707106781186598));
#11121=DIRECTION('',(0.0,0.264130269979896,-0.964487014158484));
#11122=DIRECTION('',(0.0,0.0,1.0));
#11123=DIRECTION('',(-2.68357172363196E-14,-0.264130269979896,0.964487014158484));
#11124=DIRECTION('',(-5.63498219569727E-14,0.554622541135827,0.83210205916344));
#11125=DIRECTION('',(0.0,0.0,1.0));
#11126=DIRECTION('',(0.0,-0.554622541135827,-0.832102059163441));
#11127=CARTESIAN_POINT('',(-1.325,1.785085811307,3.49));
#11128=DIRECTION('',(1.0,0.0,0.0));
#11129=DIRECTION('',(0.0,-0.832102059163271,0.554622541136081));
#11130=DIRECTION('',(1.0,0.0,0.0));
#11131=DIRECTION('',(1.0,0.0,0.0));
#11132=DIRECTION('',(1.0,0.0,0.0));
#11133=DIRECTION('',(1.0,0.0,0.0));
#11134=DIRECTION('',(-1.0,0.0,0.0));
#11135=DIRECTION('',(1.0,0.0,0.0));
#11136=DIRECTION('',(-1.0,0.0,0.0));
#11137=DIRECTION('',(0.0,-0.707106781186498,0.707106781186598));
#11138=DIRECTION('',(1.0,0.0,0.0));
#11139=DIRECTION('',(0.0,-0.707106781186498,0.707106781186598));
#11140=DIRECTION('',(-1.0,0.0,0.0));
#11141=DIRECTION('',(0.0,-0.707106781186498,0.707106781186598));
#11142=DIRECTION('',(1.0,0.0,0.0));
#11143=DIRECTION('',(0.0,-0.707106781186498,0.707106781186598));
#11144=DIRECTION('',(-1.0,0.0,0.0));
#11145=DIRECTION('',(0.0,-0.707106781186498,0.707106781186598));
#11146=DIRECTION('',(1.0,0.0,0.0));
#11147=DIRECTION('',(0.0,-0.707106781186498,0.707106781186598));
#11148=DIRECTION('',(-1.0,0.0,0.0));
#11149=DIRECTION('',(0.0,-0.707106781186498,0.707106781186598));
#11150=DIRECTION('',(1.0,0.0,0.0));
#11151=DIRECTION('',(0.0,-0.707106781186498,0.707106781186598));
#11152=DIRECTION('',(-1.0,0.0,0.0));
#11153=DIRECTION('',(0.0,-0.707106781186548,0.707106781186548));
#11154=DIRECTION('',(-1.0,0.0,0.0));
#11155=DIRECTION('',(0.0,-0.707106781186548,0.707106781186548));
#11156=DIRECTION('',(-1.0,0.0,0.0));
#11157=DIRECTION('',(0.6,0.0,-0.8));
#11158=DIRECTION('',(0.0,0.0,-1.0));
#11159=DIRECTION('',(1.0,0.0,0.0));
#11160=DIRECTION('',(0.0,0.0,1.0));
#11161=DIRECTION('',(0.0,0.0,1.0));
#11162=DIRECTION('',(1.0,0.0,0.0));
#11163=DIRECTION('',(0.0,0.0,1.0));
#11164=DIRECTION('',(0.0,0.0,1.0));
#11165=DIRECTION('',(1.0,0.0,0.0));
#11166=DIRECTION('',(0.0,0.0,1.0));
#11167=DIRECTION('',(0.0,0.0,1.0));
#11168=DIRECTION('',(1.0,0.0,0.0));
#11169=DIRECTION('',(0.0,0.0,1.0));
#11170=DIRECTION('',(0.0,0.0,1.0));
#11171=DIRECTION('',(1.0,0.0,0.0));
#11172=DIRECTION('',(0.0,0.0,1.0));
#11173=DIRECTION('',(1.0,0.0,0.0));
#11174=DIRECTION('',(1.0,0.0,0.0));
#11175=DIRECTION('',(0.0,0.0,1.0));
#11176=DIRECTION('',(1.0,0.0,0.0));
#11177=DIRECTION('',(0.0,0.0,1.0));
#11178=DIRECTION('',(-0.6,0.0,-0.8));
#11179=DIRECTION('',(0.0,-1.0,0.0));
#11180=DIRECTION('',(0.0,-1.0,0.0));
#11181=DIRECTION('',(0.0,1.0,0.0));
#11182=DIRECTION('',(0.0,1.0,0.0));
#11183=DIRECTION('',(0.0,-1.0,0.0));
#11184=DIRECTION('',(0.0,-1.0,0.0));
#11185=DIRECTION('',(0.0,0.0,-1.0));
#11186=DIRECTION('',(-1.0,0.0,0.0));
#11187=DIRECTION('',(0.0,0.0,-1.0));
#11188=DIRECTION('',(0.0,0.0,1.0));
#11189=DIRECTION('',(1.0,0.0,0.0));
#11190=DIRECTION('',(0.0,0.0,1.0));
#11191=DIRECTION('',(1.0,0.0,0.0));
#11192=DIRECTION('',(1.0,0.0,0.0));
#11193=DIRECTION('',(0.0,0.0,1.0));
#11194=DIRECTION('',(1.0,0.0,0.0));
#11195=DIRECTION('',(0.0,0.0,1.0));
#11196=DIRECTION('',(0.0,0.0,1.0));
#11197=DIRECTION('',(1.0,0.0,0.0));
#11198=DIRECTION('',(0.0,0.0,1.0));
#11199=DIRECTION('',(1.0,0.0,0.0));
#11200=DIRECTION('',(1.0,0.0,0.0));
#11201=DIRECTION('',(0.0,0.0,1.0));
#11202=DIRECTION('',(1.0,0.0,0.0));
#11203=DIRECTION('',(0.0,0.0,1.0));
#11204=DIRECTION('',(0.0,0.0,1.0));
#11205=DIRECTION('',(1.0,0.0,0.0));
#11206=DIRECTION('',(0.0,0.0,1.0));
#11207=DIRECTION('',(1.0,0.0,0.0));
#11208=DIRECTION('',(1.0,0.0,0.0));
#11209=DIRECTION('',(0.0,0.0,1.0));
#11210=DIRECTION('',(1.0,0.0,0.0));
#11211=DIRECTION('',(0.0,0.0,1.0));
#11212=DIRECTION('',(0.0,0.0,1.0));
#11213=DIRECTION('',(1.0,0.0,0.0));
#11214=DIRECTION('',(0.0,0.0,1.0));
#11215=DIRECTION('',(1.0,0.0,0.0));
#11216=DIRECTION('',(1.0,0.0,0.0));
#11217=DIRECTION('',(1.0,0.0,0.0));
#11218=DIRECTION('',(1.0,0.0,0.0));
#11219=DIRECTION('',(1.0,0.0,0.0));
#11220=DIRECTION('',(1.0,0.0,0.0));
#11221=DIRECTION('',(1.0,0.0,0.0));
#11222=DIRECTION('',(1.0,0.0,0.0));
#11223=DIRECTION('',(1.0,0.0,0.0));
#11224=DIRECTION('',(1.0,0.0,0.0));
#11225=DIRECTION('',(0.0,0.0,1.0));
#11226=DIRECTION('',(1.0,0.0,0.0));
#11227=DIRECTION('',(0.0,0.0,1.0));
#11228=CARTESIAN_POINT('',(2.325,2.546,-0.003723435466664));
#11229=DIRECTION('',(1.0,0.0,0.0));
#11230=DIRECTION('',(0.0,1.0,0.0));
#11231=DIRECTION('',(0.0,0.0,1.0));
#11232=DIRECTION('',(0.0,1.0,0.0));
#11233=DIRECTION('',(0.0,0.0,-1.0));
#11234=CARTESIAN_POINT('',(2.325,2.55,0.01251329168308));
#11235=DIRECTION('',(-1.0,0.0,0.0));
#11236=DIRECTION('',(0.0,0.750000000000024,0.661437827766121));
#11237=CARTESIAN_POINT('',(2.325,0.6226,3.886));
#11238=DIRECTION('',(1.0,0.0,0.0));
#11239=DIRECTION('',(0.0,1.0,0.0));
#11240=DIRECTION('',(0.0,0.0,1.0));
#11241=CARTESIAN_POINT('',(2.325,1.785085811307,3.49));
#11242=DIRECTION('',(1.0,0.0,0.0));
#11243=DIRECTION('',(0.0,-0.832102059163271,0.554622541136081));
#11244=DIRECTION('',(0.0,-0.554622541135827,-0.832102059163441));
#11245=DIRECTION('',(1.12699643914002E-13,0.554622541136012,0.832102059163317));
#11246=DIRECTION('',(-5.36714344726491E-14,-0.264130269979896,0.964487014158484));
#11247=DIRECTION('',(0.0,0.264130269979896,-0.964487014158484));
#11248=DIRECTION('',(1.0,0.0,0.0));
#11249=CARTESIAN_POINT('',(2.675,2.55,0.01251329168308));
#11250=DIRECTION('',(-1.0,0.0,0.0));
#11251=DIRECTION('',(0.0,0.750000000000024,0.661437827766121));
#11252=DIRECTION('',(0.0,0.0,-1.0));
#11253=DIRECTION('',(0.0,1.0,0.0));
#11254=DIRECTION('',(0.0,0.0,1.0));
#11255=CARTESIAN_POINT('',(2.675,2.546,-0.003723435466664));
#11256=DIRECTION('',(1.0,0.0,0.0));
#11257=DIRECTION('',(0.0,1.0,0.0));
#11258=DIRECTION('',(0.0,0.0,1.0));
#11259=CARTESIAN_POINT('',(2.675,0.6226,3.886));
#11260=DIRECTION('',(1.0,0.0,0.0));
#11261=DIRECTION('',(0.0,1.0,0.0));
#11262=DIRECTION('',(0.0,0.264130269979896,-0.964487014158484));
#11263=DIRECTION('',(0.0,-0.264130269979896,0.964487014158484));
#11264=DIRECTION('',(0.0,0.554622541135827,0.83210205916344));
#11265=DIRECTION('',(0.0,-0.554622541135827,-0.832102059163441));
#11266=CARTESIAN_POINT('',(2.675,1.785085811307,3.49));
#11267=DIRECTION('',(1.0,0.0,0.0));
#11268=DIRECTION('',(0.0,-0.832102059163271,0.554622541136081));
#11269=DIRECTION('',(1.0,0.0,0.0));
#11270=DIRECTION('',(1.0,0.0,0.0));
#11271=DIRECTION('',(1.0,0.0,0.0));
#11272=DIRECTION('',(1.0,0.0,0.0));
#11273=DIRECTION('',(1.0,0.0,0.0));
#11274=DIRECTION('',(1.0,0.0,0.0));
#11275=CARTESIAN_POINT('',(1.325,2.546,-0.003723435466664));
#11276=DIRECTION('',(1.0,0.0,0.0));
#11277=DIRECTION('',(0.0,1.0,0.0));
#11278=DIRECTION('',(0.0,0.0,1.0));
#11279=DIRECTION('',(0.0,1.0,0.0));
#11280=DIRECTION('',(0.0,0.0,-1.0));
#11281=CARTESIAN_POINT('',(1.325,2.55,0.01251329168308));
#11282=DIRECTION('',(-1.0,0.0,0.0));
#11283=DIRECTION('',(0.0,0.750000000000024,0.661437827766121));
#11284=CARTESIAN_POINT('',(1.325,0.6226,3.886));
#11285=DIRECTION('',(1.0,0.0,0.0));
#11286=DIRECTION('',(0.0,1.0,0.0));
#11287=DIRECTION('',(0.0,0.0,1.0));
#11288=CARTESIAN_POINT('',(1.325,1.785085811307,3.49));
#11289=DIRECTION('',(1.0,0.0,0.0));
#11290=DIRECTION('',(0.0,-0.832102059163271,0.554622541136081));
#11291=DIRECTION('',(0.0,-0.554622541135827,-0.832102059163441));
#11292=DIRECTION('',(0.0,0.554622541136012,0.832102059163317));
#11293=DIRECTION('',(0.0,-0.264130269979896,0.964487014158484));
#11294=DIRECTION('',(0.0,0.264130269979896,-0.964487014158484));
#11295=DIRECTION('',(1.0,0.0,0.0));
#11296=CARTESIAN_POINT('',(1.675,2.55,0.01251329168308));
#11297=DIRECTION('',(-1.0,0.0,0.0));
#11298=DIRECTION('',(0.0,0.750000000000024,0.661437827766121));
#11299=DIRECTION('',(0.0,0.0,-1.0));
#11300=DIRECTION('',(0.0,1.0,0.0));
#11301=DIRECTION('',(0.0,0.0,1.0));
#11302=CARTESIAN_POINT('',(1.675,2.546,-0.003723435466664));
#11303=DIRECTION('',(1.0,0.0,0.0));
#11304=DIRECTION('',(0.0,1.0,0.0));
#11305=DIRECTION('',(0.0,0.0,1.0));
#11306=CARTESIAN_POINT('',(1.675,0.6226,3.886));
#11307=DIRECTION('',(1.0,0.0,0.0));
#11308=DIRECTION('',(0.0,1.0,0.0));
#11309=DIRECTION('',(0.0,0.264130269979896,-0.964487014158484));
#11310=DIRECTION('',(0.0,-0.264130269979896,0.964487014158484));
#11311=DIRECTION('',(0.0,0.554622541135827,0.83210205916344));
#11312=DIRECTION('',(0.0,-0.554622541135827,-0.832102059163441));
#11313=CARTESIAN_POINT('',(1.675,1.785085811307,3.49));
#11314=DIRECTION('',(1.0,0.0,0.0));
#11315=DIRECTION('',(0.0,-0.832102059163271,0.554622541136081));
#11316=DIRECTION('',(1.0,0.0,0.0));
#11317=DIRECTION('',(1.0,0.0,0.0));
#11318=DIRECTION('',(1.0,0.0,0.0));
#11319=DIRECTION('',(1.0,0.0,0.0));
#11320=DIRECTION('',(1.0,0.0,0.0));
#11321=DIRECTION('',(1.0,0.0,0.0));
#11322=CARTESIAN_POINT('',(0.325,2.546,-0.003723435466664));
#11323=DIRECTION('',(1.0,0.0,0.0));
#11324=DIRECTION('',(0.0,1.0,0.0));
#11325=DIRECTION('',(0.0,0.0,1.0));
#11326=DIRECTION('',(0.0,1.0,0.0));
#11327=DIRECTION('',(0.0,0.0,-1.0));
#11328=CARTESIAN_POINT('',(0.325,2.55,0.01251329168308));
#11329=DIRECTION('',(-1.0,0.0,0.0));
#11330=DIRECTION('',(0.0,0.750000000000024,0.661437827766121));
#11331=CARTESIAN_POINT('',(0.325,0.6226,3.886));
#11332=DIRECTION('',(1.0,0.0,0.0));
#11333=DIRECTION('',(0.0,1.0,0.0));
#11334=DIRECTION('',(0.0,0.0,1.0));
#11335=CARTESIAN_POINT('',(0.325,1.785085811307,3.49));
#11336=DIRECTION('',(1.0,0.0,0.0));
#11337=DIRECTION('',(0.0,-0.832102059163271,0.554622541136081));
#11338=DIRECTION('',(0.0,-0.554622541135827,-0.832102059163441));
#11339=DIRECTION('',(0.0,0.554622541136012,0.832102059163317));
#11340=DIRECTION('',(0.0,-0.264130269979896,0.964487014158484));
#11341=DIRECTION('',(0.0,0.264130269979896,-0.964487014158484));
#11342=DIRECTION('',(1.0,0.0,0.0));
#11343=CARTESIAN_POINT('',(0.675,2.55,0.01251329168308));
#11344=DIRECTION('',(-1.0,0.0,0.0));
#11345=DIRECTION('',(0.0,0.750000000000024,0.661437827766121));
#11346=DIRECTION('',(0.0,0.0,-1.0));
#11347=DIRECTION('',(0.0,1.0,0.0));
#11348=DIRECTION('',(0.0,0.0,1.0));
#11349=CARTESIAN_POINT('',(0.675,2.546,-0.003723435466664));
#11350=DIRECTION('',(1.0,0.0,0.0));
#11351=DIRECTION('',(0.0,1.0,0.0));
#11352=DIRECTION('',(0.0,0.0,1.0));
#11353=CARTESIAN_POINT('',(0.675,0.6226,3.886));
#11354=DIRECTION('',(1.0,0.0,0.0));
#11355=DIRECTION('',(0.0,1.0,0.0));
#11356=DIRECTION('',(0.0,0.264130269979896,-0.964487014158484));
#11357=DIRECTION('',(0.0,-0.264130269979896,0.964487014158484));
#11358=DIRECTION('',(0.0,0.554622541135827,0.83210205916344));
#11359=DIRECTION('',(0.0,-0.554622541135827,-0.832102059163441));
#11360=CARTESIAN_POINT('',(0.675,1.785085811307,3.49));
#11361=DIRECTION('',(1.0,0.0,0.0));
#11362=DIRECTION('',(0.0,-0.832102059163271,0.554622541136081));
#11363=DIRECTION('',(1.0,0.0,0.0));
#11364=DIRECTION('',(1.0,0.0,0.0));
#11365=DIRECTION('',(1.0,0.0,0.0));
#11366=DIRECTION('',(1.0,0.0,0.0));
#11367=DIRECTION('',(1.0,0.0,0.0));
#11368=DIRECTION('',(1.0,0.0,0.0));
#11369=CARTESIAN_POINT('',(-0.675,2.546,-0.003723435466664));
#11370=DIRECTION('',(1.0,0.0,0.0));
#11371=DIRECTION('',(0.0,1.0,0.0));
#11372=DIRECTION('',(0.0,0.0,1.0));
#11373=DIRECTION('',(0.0,1.0,0.0));
#11374=DIRECTION('',(0.0,0.0,-1.0));
#11375=CARTESIAN_POINT('',(-0.675,2.55,0.01251329168308));
#11376=DIRECTION('',(-1.0,0.0,0.0));
#11377=DIRECTION('',(0.0,0.750000000000024,0.661437827766121));
#11378=CARTESIAN_POINT('',(-0.675,0.6226,3.886));
#11379=DIRECTION('',(1.0,0.0,0.0));
#11380=DIRECTION('',(0.0,1.0,0.0));
#11381=DIRECTION('',(0.0,0.0,1.0));
#11382=CARTESIAN_POINT('',(-0.675,1.785085811307,3.49));
#11383=DIRECTION('',(1.0,0.0,0.0));
#11384=DIRECTION('',(0.0,-0.832102059163271,0.554622541136081));
#11385=DIRECTION('',(0.0,-0.554622541135827,-0.832102059163441));
#11386=DIRECTION('',(2.81749109784906E-14,0.554622541136012,0.832102059163317));
#11387=DIRECTION('',(-1.34178586181598E-14,-0.264130269979896,0.964487014158484));
#11388=DIRECTION('',(0.0,0.264130269979896,-0.964487014158484));
#11389=DIRECTION('',(1.0,0.0,0.0));
#11390=CARTESIAN_POINT('',(-0.325,2.55,0.01251329168308));
#11391=DIRECTION('',(-1.0,0.0,0.0));
#11392=DIRECTION('',(0.0,0.750000000000024,0.661437827766121));
#11393=DIRECTION('',(0.0,0.0,-1.0));
#11394=DIRECTION('',(0.0,1.0,0.0));
#11395=DIRECTION('',(0.0,0.0,1.0));
#11396=CARTESIAN_POINT('',(-0.325,2.546,-0.003723435466664));
#11397=DIRECTION('',(1.0,0.0,0.0));
#11398=DIRECTION('',(0.0,1.0,0.0));
#11399=DIRECTION('',(0.0,0.0,1.0));
#11400=CARTESIAN_POINT('',(-0.325,0.6226,3.886));
#11401=DIRECTION('',(1.0,0.0,0.0));
#11402=DIRECTION('',(0.0,1.0,0.0));
#11403=DIRECTION('',(0.0,0.264130269979896,-0.964487014158484));
#11404=DIRECTION('',(-1.34178586181598E-14,-0.264130269979896,0.964487014158484));
#11405=DIRECTION('',(2.81749109784814E-14,0.554622541135827,0.83210205916344));
#11406=DIRECTION('',(0.0,-0.554622541135827,-0.832102059163441));
#11407=CARTESIAN_POINT('',(-0.325,1.785085811307,3.49));
#11408=DIRECTION('',(1.0,0.0,0.0));
#11409=DIRECTION('',(0.0,-0.832102059163271,0.554622541136081));
#11410=DIRECTION('',(1.0,0.0,0.0));
#11411=DIRECTION('',(1.0,0.0,0.0));
#11412=DIRECTION('',(1.0,0.0,0.0));
#11413=DIRECTION('',(1.0,0.0,0.0));
#11414=DIRECTION('',(1.0,0.0,0.0));
#11415=DIRECTION('',(1.0,0.0,0.0));
#11416=DIRECTION('',(1.0,0.0,0.0));
#11417=DIRECTION('',(1.0,0.0,0.0));
#11418=DIRECTION('',(1.0,0.0,0.0));
#11419=DIRECTION('',(1.0,0.0,0.0));
#11420=DIRECTION('',(0.0,-1.0,0.0));
#11421=DIRECTION('',(0.0,1.0,0.0));
#11422=DIRECTION('',(0.0,-1.0,0.0));
#11423=DIRECTION('',(0.0,-1.0,0.0));
#11424=DIRECTION('',(0.0,-1.0,0.0));
#11425=DIRECTION('',(0.0,-1.0,0.0));
#11426=DIRECTION('',(0.0,-1.0,0.0));
#11427=DIRECTION('',(0.0,-1.0,0.0));
#11428=DIRECTION('',(0.0,0.0,1.0));
#11429=DIRECTION('',(1.0,0.0,0.0));
#11430=DIRECTION('',(1.0,0.0,0.0));
#11431=DIRECTION('',(0.0,-1.0,0.0));
#11432=DIRECTION('',(0.0,-1.0,0.0));
#11433=DIRECTION('',(0.0,0.0,-1.0));
#11434=DIRECTION('',(0.0,1.0,0.0));
#11435=DIRECTION('',(0.0,1.0,0.0));
#11436=DIRECTION('',(-1.0,0.0,0.0));
#11437=DIRECTION('',(0.0,1.0,0.0));
#11438=DIRECTION('',(0.0,1.0,0.0));
#11439=DIRECTION('',(-1.0,0.0,0.0));
#11440=DIRECTION('',(0.0,0.0,-1.0));
#11441=DIRECTION('',(0.0,0.0,-1.0));
#11442=DIRECTION('',(0.0,0.0,-1.0));
#11443=DIRECTION('',(0.0,-1.0,0.0));
#11444=DIRECTION('',(1.0,0.0,0.0));
#11445=DIRECTION('',(-0.310738856307415,0.0,0.950495325175647));
#11446=DIRECTION('',(0.594391061083814,0.0,0.804176141466319));
#11447=DIRECTION('',(0.594391061083814,0.0,-0.804176141466319));
#11448=DIRECTION('',(-0.310738856307415,0.0,-0.950495325175647));
#11449=DIRECTION('',(0.0,1.0,0.0));
#11450=DIRECTION('',(0.594391061083814,0.0,0.804176141466319));
#11451=DIRECTION('',(-0.310738856307415,0.0,0.950495325175647));
#11452=DIRECTION('',(-0.310738856307415,0.0,-0.950495325175647));
#11453=DIRECTION('',(0.594391061083814,0.0,-0.804176141466319));
#11454=DIRECTION('',(0.0,1.0,0.0));
#11455=DIRECTION('',(0.0,-1.0,0.0));
#11456=DIRECTION('',(-1.0,0.0,0.0));
#11457=DIRECTION('',(1.0,0.0,0.0));
#11458=DIRECTION('',(-0.500000000000017,0.0,-0.866025403784429));
#11459=DIRECTION('',(0.0,-1.0,0.0));
#11460=DIRECTION('',(0.0,-1.0,0.0));
#11461=DIRECTION('',(0.0,-1.0,0.0));
#11462=DIRECTION('',(1.0,0.0,0.0));
#11463=DIRECTION('',(-0.500000000000017,0.0,0.866025403784429));
#11464=DIRECTION('',(0.0,0.0,-1.0));
#11465=DIRECTION('',(0.0,1.0,0.0));
#11466=DIRECTION('',(0.0,1.0,0.0));
#11467=DIRECTION('',(0.0,0.0,-1.0));
#11468=DIRECTION('',(0.0,0.0,-1.0));
#11469=DIRECTION('',(0.0,0.0,-1.0));
#11470=DIRECTION('',(0.0,0.0,-1.0));
ENDSEC;
END-ISO-10303-21;
